Customer_ID,Store_ID,Transaction_Amount,Basket_Size,Visit_Day,Customer_Age
1,S001,79.18,6,Thu,43
2,S004,76.53,5,Fri,48
3,S002,96.41,7,Sun,52
4,S001,97.63,4,Tue,61
5,S004,87.47,1,Wed,32
6,S004,98.57,8,Wed,53
7,S004,46.27,4,Wed,22
8,S004,65.19,4,Fri,47
9,S002,77.5,6,Fri,41
10,S004,82.82,6,Sat,56
11,S002,79.2,8,Fri,25
12,S003,45.02,8,Sun,24
13,S001,85.83,8,Mon,66
14,S004,51.58,4,Wed,66
15,S003,99.37,6,Sun,22
16,S001,88.98,10,Mon,30
17,S001,100.37,4,Thu,50
18,S001,76.97,4,Sat,44
19,S003,77.05,2,Wed,42
20,S002,107.05,2,Tue,60
21,S003,81.6,6,Sun,67
22,S004,56.37,4,Wed,69
23,S004,49.45,6,Fri,35
24,S003,106.46,7,Sat,68
25,S001,89.52,7,Sun,51
26,S002,20.09,2,Sun,41
27,S002,120.38,6,Thu,61
28,S002,66.9,7,Sun,35
29,S002,110.62,9,Thu,61
30,S001,113.03,5,Mon,22
31,S002,68.56,6,Thu,63
32,S001,70.91,6,Mon,39
33,S004,77.98,9,Thu,25
34,S001,45.81,2,Sun,54
35,S004,44.97,3,Sat,26
36,S002,57.66,7,Mon,26
37,S003,79.25,6,Thu,34
38,S004,101.7,4,Fri,23
39,S004,107.63,1,Mon,26
40,S001,107.61,4,Fri,24
41,S003,66.24,11,Tue,45
42,S004,47.7,4,Thu,26
43,S001,45.98,0,Fri,41
44,S002,95.63,4,Thu,69
45,S004,91.29,7,Sun,41
46,S002,42.81,4,Thu,23
47,S004,89.66,4,Fri,61
48,S004,67.38,4,Sat,63
49,S003,86.54,3,Fri,18
50,S004,54.15,7,Fri,34
51,S001,40.45,3,Wed,30
52,S002,73.86,4,Mon,66
53,S002,99.51,8,Mon,56
54,S002,107.02,1,Sun,35
55,S004,83.41,7,Mon,19
56,S001,63.55,3,Fri,52
57,S004,69.69,8,Thu,34
58,S003,86.41,2,Wed,44
59,S001,69.74,2,Sun,23
60,S004,59.56,3,Tue,47
61,S004,72.45,5,Sat,64
62,S003,98.64,4,Sun,47
63,S004,84.45,3,Tue,34
64,S003,104.21,7,Wed,58
65,S004,75.98,7,Tue,53
66,S001,83.19,7,Sun,51
67,S003,64.39,4,Wed,32
68,S001,101.01,8,Tue,20
69,S001,41.09,3,Tue,39
70,S001,67.49,5,Wed,31
71,S002,81.97,5,Sat,56
72,S002,42.63,1,Fri,49
73,S003,71.16,3,Wed,41
74,S001,76.42,5,Mon,34
75,S001,123.71,8,Tue,49
76,S002,94.43,5,Mon,34
77,S004,56.34,2,Mon,46
78,S001,132.3,3,Thu,30
79,S002,39.16,5,Sat,48
80,S003,85.9,6,Fri,57
81,S003,123.99,2,Sat,41
82,S004,75.34,5,Wed,27
83,S001,47.08,1,Mon,49
84,S002,86.83,4,Mon,57
85,S002,90.82,6,Mon,35
86,S004,70.8,2,Mon,20
87,S002,96.82,9,Fri,54
88,S002,93.22,5,Wed,21
89,S004,77.11,7,Fri,64
90,S003,93.55,3,Wed,47
91,S004,92.86,3,Thu,21
92,S004,85.76,6,Sun,69
93,S003,61.19,3,Tue,68
94,S003,51.24,5,Mon,49
95,S004,65.12,3,Sun,49
96,S001,98.54,5,Wed,69
97,S003,96.17,3,Sat,56
98,S004,85.22,2,Tue,50
99,S002,85.38,5,Fri,46
100,S001,102.23,7,Sat,60
101,S002,70.72,3,Mon,41
102,S003,83.98,2,Wed,55
103,S001,104.29,5,Wed,68
104,S004,67.33,5,Thu,27
105,S001,89.55,4,Mon,47
106,S003,98.88,8,Tue,68
107,S001,79.25,4,Thu,19
108,S004,54.74,4,Sun,23
109,S004,63.69,6,Sat,63
110,S001,77.61,5,Sun,37
111,S004,80.48,4,Wed,21
112,S001,89.83,3,Wed,27
113,S001,76.23,3,Fri,50
114,S001,65.66,8,Thu,60
115,S001,125.98,4,Sat,40
116,S003,96.98,7,Thu,62
117,S004,88.81,8,Sat,67
118,S001,88.5,6,Sat,37
119,S004,65.12,5,Sat,23
120,S003,39.0,5,Sat,51
121,S004,70.91,4,Wed,23
122,S004,75.07,4,Wed,21
123,S002,74.89,2,Fri,65
124,S002,96.23,5,Mon,66
125,S002,45.75,6,Wed,48
126,S001,83.63,4,Wed,64
127,S002,62.54,4,Sun,31
128,S002,99.81,3,Fri,68
129,S002,78.41,6,Sun,25
130,S004,114.74,8,Fri,68
131,S001,77.23,3,Wed,60
132,S004,99.19,5,Sat,22
133,S002,65.85,7,Tue,56
134,S003,93.46,7,Thu,19
135,S001,101.51,10,Sat,42
136,S002,55.94,3,Mon,53
137,S003,61.44,2,Fri,58
138,S001,81.68,4,Mon,24
139,S003,59.9,7,Sat,47
140,S001,67.23,3,Sun,61
141,S002,62.47,7,Fri,56
142,S004,48.87,5,Fri,19
143,S003,74.23,9,Sat,60
144,S003,77.87,4,Sun,40
145,S002,59.22,7,Mon,24
146,S001,73.03,4,Mon,52
147,S004,45.94,4,Tue,33
148,S002,56.04,4,Sun,33
149,S002,57.61,6,Thu,21
150,S004,68.89,3,Wed,57
151,S001,62.9,9,Fri,54
152,S003,79.5,4,Fri,43
153,S003,54.23,2,Sun,21
154,S004,90.44,7,Sun,47
155,S003,65.4,9,Thu,40
156,S004,111.69,3,Thu,20
157,S004,72.82,4,Mon,64
158,S004,84.09,6,Tue,44
159,S003,76.97,2,Wed,56
160,S002,65.83,12,Fri,43
161,S003,57.86,5,Wed,21
162,S003,59.51,6,Sat,60
163,S004,89.18,5,Mon,67
164,S003,75.37,9,Thu,42
165,S004,72.92,5,Tue,67
166,S004,70.3,6,Thu,68
167,S003,69.98,8,Thu,55
168,S003,55.74,4,Wed,30
169,S004,84.87,6,Thu,58
170,S001,117.66,3,Mon,64
171,S002,94.68,3,Sat,41
172,S003,38.81,3,Sat,30
173,S004,75.85,2,Sat,32
174,S003,85.34,6,Sun,26
175,S002,74.34,4,Thu,39
176,S003,100.96,2,Mon,68
177,S002,70.96,6,Sun,41
178,S001,58.34,2,Fri,28
179,S003,109.67,2,Tue,43
180,S003,78.81,5,Thu,67
181,S004,71.44,4,Mon,36
182,S001,53.3,1,Thu,54
183,S004,94.45,3,Mon,39
184,S003,103.63,5,Thu,45
185,S004,70.1,5,Sat,45
186,S001,62.53,2,Fri,22
187,S001,67.08,8,Wed,27
188,S003,47.83,7,Mon,27
189,S001,101.45,5,Sat,45
190,S003,75.07,4,Tue,30
191,S004,75.0,6,Fri,43
192,S003,105.67,4,Tue,21
193,S003,59.54,9,Tue,50
194,S004,66.97,4,Sat,65
195,S001,72.69,7,Fri,59
196,S001,95.23,7,Sat,23
197,S001,105.26,5,Sun,23
198,S002,93.34,5,Sun,66
199,S003,89.58,4,Tue,55
200,S001,86.04,3,Thu,45
201,S002,18.94,6,Thu,36
202,S003,67.08,4,Sun,51
203,S004,60.74,3,Thu,60
204,S003,101.02,5,Sun,45
205,S003,63.94,10,Wed,31
206,S004,116.42,9,Thu,47
207,S002,67.68,6,Wed,38
208,S001,57.05,6,Thu,32
209,S001,103.9,5,Fri,20
210,S001,78.46,4,Fri,32
211,S004,80.65,5,Wed,23
212,S004,96.82,4,Sat,57
213,S001,70.97,4,Mon,32
214,S003,61.39,2,Wed,36
215,S003,91.07,10,Wed,66
216,S001,68.16,6,Mon,19
217,S001,65.55,4,Sun,53
218,S004,61.15,2,Thu,31
219,S001,74.07,2,Sat,35
220,S002,62.61,7,Wed,53
221,S003,92.39,3,Sun,56
222,S001,72.06,7,Tue,44
223,S001,81.56,2,Tue,31
224,S004,47.74,8,Tue,24
225,S002,91.16,8,Fri,31
226,S004,88.21,3,Wed,43
227,S001,90.58,6,Wed,27
228,S003,105.15,6,Fri,40
229,S002,82.59,3,Thu,48
230,S002,88.04,2,Thu,45
231,S002,82.04,6,Mon,41
232,S004,65.33,3,Tue,45
233,S001,72.29,8,Fri,67
234,S001,72.3,3,Wed,40
235,S001,95.11,5,Fri,69
236,S002,57.91,6,Mon,35
237,S002,39.1,3,Thu,40
238,S003,94.66,7,Tue,45
239,S002,91.06,5,Thu,52
240,S001,65.65,4,Thu,21
241,S001,46.72,5,Mon,21
242,S002,52.6,7,Tue,34
243,S003,92.74,1,Tue,33
244,S002,76.53,6,Sun,32
245,S002,99.46,11,Sun,50
246,S004,61.69,2,Fri,32
247,S002,68.17,7,Mon,30
248,S001,64.91,1,Thu,60
249,S001,81.55,4,Tue,56
250,S001,97.85,6,Sat,22
251,S004,89.93,6,Sun,52
252,S004,110.82,5,Wed,51
253,S002,73.55,5,Mon,60
254,S003,99.95,7,Mon,65
255,S002,76.42,5,Fri,55
256,S004,38.04,2,Fri,24
257,S002,114.32,5,Sat,50
258,S004,70.18,3,Wed,29
259,S001,71.84,8,Sun,18
260,S001,85.51,6,Tue,56
261,S004,36.77,9,Mon,60
262,S002,93.7,3,Thu,21
263,S003,91.92,5,Tue,20
264,S001,77.37,4,Sat,20
265,S003,85.06,4,Fri,47
266,S004,71.03,4,Sat,18
267,S004,90.31,4,Fri,35
268,S003,93.15,5,Sun,45
269,S004,78.95,9,Fri,37
270,S002,102.48,6,Sat,51
271,S002,55.21,3,Wed,36
272,S002,55.22,4,Sun,62
273,S004,25.46,4,Mon,50
274,S003,90.41,4,Wed,52
275,S001,73.28,9,Tue,54
276,S001,57.85,8,Fri,18
277,S002,87.78,5,Mon,58
278,S001,70.06,3,Tue,47
279,S004,79.67,7,Thu,44
280,S003,92.42,6,Mon,53
281,S004,88.48,6,Sat,55
282,S004,107.55,8,Mon,29
283,S003,90.03,2,Fri,59
284,S001,59.23,7,Thu,39
285,S003,58.84,7,Wed,47
286,S004,47.53,4,Sat,24
287,S003,66.91,3,Tue,61
288,S003,95.56,3,Tue,44
289,S002,44.62,2,Wed,58
290,S002,65.32,2,Mon,40
291,S004,87.3,7,Sun,37
292,S004,91.43,3,Wed,54
293,S001,77.53,6,Thu,26
294,S004,86.51,4,Sun,62
295,S001,117.12,6,Sun,54
296,S001,92.89,6,Wed,67
297,S003,59.26,9,Thu,49
298,S003,47.06,4,Sat,21
299,S004,81.55,6,Sun,52
300,S002,90.89,5,Thu,50
301,S002,66.68,4,Thu,29
302,S001,89.23,5,Fri,49
303,S004,74.19,9,Sat,52
304,S001,40.91,6,Tue,67
305,S003,86.68,4,Mon,50
306,S004,54.85,4,Sun,60
307,S004,89.5,4,Sun,21
308,S002,93.93,3,Wed,67
309,S004,85.13,6,Sun,51
310,S002,107.9,6,Wed,65
311,S004,85.26,5,Tue,69
312,S003,81.52,3,Thu,18
313,S001,85.33,3,Wed,27
314,S002,78.24,5,Wed,58
315,S002,113.29,5,Fri,31
316,S004,88.7,4,Mon,36
317,S004,128.43,6,Sat,30
318,S004,49.77,2,Wed,65
319,S002,76.27,9,Wed,25
320,S002,62.75,6,Mon,60
321,S002,89.13,3,Tue,26
322,S004,72.02,6,Mon,31
323,S004,81.43,5,Sun,37
324,S003,68.15,7,Wed,22
325,S003,81.91,4,Mon,41
326,S003,65.63,0,Mon,20
327,S001,80.84,3,Thu,26
328,S004,84.3,7,Tue,50
329,S004,77.5,5,Mon,61
330,S002,86.2,5,Sat,57
331,S003,88.57,2,Thu,66
332,S004,66.91,4,Wed,50
333,S002,88.38,8,Wed,22
334,S004,84.88,3,Thu,66
335,S004,99.42,5,Wed,68
336,S002,77.07,9,Fri,55
337,S002,88.95,2,Sat,26
338,S002,61.61,3,Thu,47
339,S001,49.18,3,Thu,45
340,S003,78.9,6,Tue,61
341,S003,78.88,3,Thu,59
342,S001,61.5,5,Wed,54
343,S002,35.06,7,Thu,21
344,S002,123.12,6,Sat,21
345,S001,87.4,6,Sun,54
346,S004,82.55,4,Sat,42
347,S001,106.05,5,Mon,29
348,S001,45.69,4,Sat,30
349,S004,82.29,3,Thu,52
350,S003,74.69,7,Fri,56
351,S002,98.97,7,Fri,36
352,S003,66.64,6,Mon,45
353,S002,41.1,4,Wed,41
354,S003,91.42,2,Wed,47
355,S001,39.53,8,Sat,65
356,S003,53.81,4,Sat,34
357,S001,89.57,7,Sun,28
358,S002,98.18,8,Fri,59
359,S002,80.63,1,Thu,61
360,S002,67.11,7,Sun,63
361,S001,35.29,6,Sat,40
362,S004,66.15,6,Fri,20
363,S001,56.21,2,Sat,19
364,S004,68.59,5,Fri,59
365,S001,56.55,2,Tue,53
366,S001,64.4,3,Sun,18
367,S001,108.27,5,Mon,68
368,S001,24.47,4,Tue,29
369,S002,29.62,4,Tue,66
370,S004,85.43,3,Sat,41
371,S004,67.41,5,Mon,58
372,S001,53.55,5,Sun,20
373,S004,49.02,7,Thu,66
374,S003,78.59,5,Mon,18
375,S003,80.36,9,Mon,56
376,S002,90.4,4,Mon,62
377,S002,101.39,3,Sun,35
378,S002,66.48,6,Mon,56
379,S003,76.86,6,Fri,42
380,S002,72.98,5,Mon,34
381,S002,73.94,4,Fri,61
382,S001,70.16,2,Tue,62
383,S002,50.28,5,Thu,37
384,S003,79.38,5,Fri,55
385,S002,79.95,3,Fri,65
386,S002,76.82,3,Fri,28
387,S001,93.71,6,Sat,59
388,S001,88.28,4,Tue,27
389,S002,39.02,9,Sun,30
390,S002,55.45,3,Mon,50
391,S003,95.14,2,Mon,63
392,S004,66.17,8,Sat,36
393,S004,80.26,3,Mon,33
394,S002,69.12,6,Wed,30
395,S004,99.8,4,Tue,45
396,S004,78.06,7,Sun,48
397,S004,76.84,7,Wed,48
398,S003,45.11,4,Fri,21
399,S003,42.15,3,Wed,46
400,S002,67.15,5,Wed,50
401,S003,93.76,4,Mon,56
402,S004,59.49,6,Fri,37
403,S003,103.61,4,Sat,24
404,S001,63.05,4,Mon,35
405,S004,83.31,3,Sat,23
406,S004,65.07,9,Mon,66
407,S002,84.1,5,Thu,48
408,S002,102.94,4,Sat,40
409,S002,94.21,7,Thu,49
410,S003,108.39,7,Mon,55
411,S002,60.5,4,Thu,56
412,S002,52.29,5,Fri,36
413,S002,50.34,5,Wed,20
414,S003,70.46,3,Mon,54
415,S001,49.29,9,Wed,41
416,S004,56.36,3,Thu,63
417,S002,59.79,0,Sun,65
418,S001,139.41,3,Fri,42
419,S004,79.42,9,Sat,47
420,S002,73.74,4,Sun,54
421,S002,62.4,6,Sun,32
422,S003,53.54,8,Fri,40
423,S001,75.02,5,Sun,35
424,S003,54.65,4,Wed,50
425,S004,43.51,7,Fri,23
426,S001,42.29,5,Wed,44
427,S003,109.09,9,Thu,63
428,S001,61.76,5,Tue,61
429,S003,41.8,4,Fri,49
430,S001,68.33,2,Sun,32
431,S001,88.56,3,Tue,65
432,S004,74.79,5,Thu,37
433,S004,52.35,5,Mon,52
434,S004,73.19,1,Sat,27
435,S001,63.24,5,Sat,60
436,S001,95.55,4,Tue,40
437,S004,104.24,10,Sat,40
438,S002,79.9,7,Fri,64
439,S004,37.86,3,Mon,66
440,S003,70.85,2,Sat,48
441,S004,76.85,7,Tue,47
442,S001,64.13,4,Sun,22
443,S004,64.97,4,Sun,62
444,S001,82.72,3,Fri,64
445,S004,86.78,3,Thu,50
446,S004,98.17,9,Wed,24
447,S002,60.05,4,Wed,23
448,S003,70.13,3,Tue,25
449,S002,72.38,4,Sat,30
450,S001,80.34,7,Sat,23
451,S001,85.52,4,Wed,40
452,S004,77.24,5,Sun,27
453,S001,64.33,3,Sun,42
454,S004,91.82,4,Thu,43
455,S001,95.98,5,Tue,22
456,S001,107.3,6,Sat,35
457,S002,93.64,3,Tue,19
458,S001,29.58,5,Wed,56
459,S003,60.24,6,Wed,43
460,S003,75.95,7,Wed,58
461,S003,78.71,5,Fri,54
462,S001,48.88,9,Sat,69
463,S001,60.87,8,Sun,30
464,S003,71.42,5,Fri,55
465,S001,85.08,1,Sun,52
466,S003,62.47,2,Wed,67
467,S004,74.43,5,Sun,44
468,S003,60.69,4,Wed,41
469,S004,84.76,7,Wed,64
470,S004,73.31,5,Tue,54
471,S001,110.48,6,Mon,40
472,S002,66.13,3,Wed,34
473,S002,53.36,3,Fri,45
474,S002,64.75,5,Mon,26
475,S001,66.08,8,Sat,30
476,S001,112.8,3,Tue,64
477,S004,101.75,4,Tue,27
478,S004,81.08,4,Sat,51
479,S002,72.74,4,Tue,54
480,S004,30.77,4,Mon,46
481,S001,59.68,8,Fri,61
482,S004,75.24,4,Thu,57
483,S001,63.89,3,Sat,56
484,S002,112.11,9,Sat,33
485,S003,93.36,5,Sun,47
486,S003,79.7,3,Mon,31
487,S001,92.17,3,Sat,50
488,S003,51.5,6,Sun,23
489,S002,107.48,4,Sun,64
490,S004,120.54,3,Tue,51
491,S004,71.39,5,Sat,45
492,S004,86.18,4,Wed,26
493,S002,71.01,4,Sat,52
494,S003,64.09,5,Sun,68
495,S002,86.52,6,Tue,29
496,S003,98.3,7,Wed,19
497,S004,108.74,3,Fri,50
498,S003,112.59,6,Mon,25
499,S002,51.15,5,Sat,44
500,S003,68.09,5,Thu,50
501,S004,73.15,3,Tue,50
502,S004,75.6,5,Fri,55
503,S001,30.32,8,Tue,63
504,S001,74.74,8,Sun,24
505,S003,110.62,4,Sun,59
506,S002,39.6,5,Sun,59
507,S004,71.68,7,Mon,20
508,S002,69.07,1,Mon,27
509,S003,82.97,5,Wed,51
510,S003,69.43,6,Mon,36
511,S002,59.69,2,Sun,39
512,S001,86.76,2,Sun,19
513,S003,74.46,7,Mon,23
514,S004,99.98,10,Wed,51
515,S001,86.94,2,Wed,56
516,S003,91.11,6,Tue,18
517,S001,99.5,11,Wed,66
518,S004,41.69,4,Fri,42
519,S003,89.92,5,Sat,29
520,S002,78.53,8,Sun,62
521,S003,54.41,3,Mon,44
522,S002,68.91,5,Wed,26
523,S001,58.3,3,Wed,59
524,S002,64.04,7,Thu,60
525,S002,70.45,4,Mon,50
526,S003,67.16,5,Tue,30
527,S003,110.08,7,Fri,32
528,S004,65.9,6,Fri,30
529,S001,70.95,6,Fri,51
530,S002,59.08,3,Sat,20
531,S001,90.1,5,Mon,58
532,S004,85.97,4,Fri,50
533,S001,62.92,2,Fri,23
534,S001,53.52,5,Sun,22
535,S003,70.32,7,Mon,25
536,S001,60.37,5,Thu,64
537,S004,87.06,5,Wed,24
538,S002,36.82,7,Sun,55
539,S001,65.71,4,Mon,25
540,S004,111.25,4,Fri,30
541,S003,86.45,3,Sat,67
542,S002,52.39,7,Tue,26
543,S004,70.75,4,Sat,47
544,S001,93.28,4,Sun,20
545,S002,95.58,7,Fri,35
546,S003,56.33,5,Sun,54
547,S001,94.37,3,Sat,55
548,S001,66.06,1,Wed,45
549,S001,48.69,3,Sun,61
550,S003,94.33,2,Fri,63
551,S002,72.39,6,Thu,34
552,S004,72.18,7,Sun,35
553,S001,69.44,6,Sun,26
554,S001,78.87,9,Wed,42
555,S001,80.58,3,Sun,46
556,S001,53.35,5,Wed,51
557,S002,62.66,8,Tue,42
558,S004,56.87,4,Mon,55
559,S003,107.5,6,Thu,29
560,S003,58.52,5,Sun,40
561,S002,88.15,0,Sun,44
562,S001,101.68,9,Thu,45
563,S002,60.21,3,Mon,66
564,S002,75.71,8,Thu,29
565,S002,55.84,11,Thu,25
566,S004,72.84,11,Sun,23
567,S004,64.49,4,Sun,21
568,S002,91.8,5,Sun,20
569,S002,62.59,5,Sun,37
570,S004,72.29,4,Wed,48
571,S002,112.16,2,Tue,48
572,S004,55.04,6,Sat,43
573,S004,101.41,3,Sun,55
574,S003,74.75,8,Wed,37
575,S003,86.14,2,Mon,54
576,S004,72.46,11,Wed,60
577,S002,84.76,7,Fri,62
578,S002,86.15,3,Wed,65
579,S002,65.9,9,Wed,63
580,S003,62.85,8,Wed,55
581,S001,53.65,5,Sat,35
582,S004,64.95,5,Mon,34
583,S001,65.29,4,Thu,51
584,S001,73.16,5,Thu,50
585,S002,55.75,4,Fri,43
586,S001,74.93,2,Sun,30
587,S002,73.48,7,Fri,34
588,S001,76.87,7,Thu,35
589,S004,99.56,2,Tue,21
590,S003,74.64,6,Sun,43
591,S003,65.56,0,Sun,28
592,S002,79.43,7,Fri,22
593,S001,103.94,6,Fri,26
594,S001,83.61,4,Wed,30
595,S001,96.35,3,Thu,52
596,S001,42.52,7,Tue,41
597,S001,51.25,7,Fri,50
598,S004,52.87,5,Sun,64
599,S003,98.79,4,Tue,40
600,S002,48.18,4,Thu,64
601,S001,90.02,5,Sun,60
602,S003,79.29,7,Tue,60
603,S004,81.34,0,Sat,50
604,S004,100.05,9,Thu,43
605,S004,94.29,7,Sun,35
606,S004,117.61,6,Sun,22
607,S001,59.74,2,Mon,44
608,S003,110.91,4,Fri,32
609,S002,68.03,4,Thu,58
610,S001,67.28,2,Thu,34
611,S004,80.65,5,Mon,28
612,S004,53.19,4,Sun,69
613,S004,79.96,4,Sun,19
614,S004,68.98,2,Sun,44
615,S001,83.97,3,Wed,26
616,S003,94.1,7,Mon,57
617,S002,104.14,7,Tue,32
618,S003,62.04,8,Mon,46
619,S003,67.57,4,Tue,65
620,S002,95.34,6,Mon,25
621,S004,99.02,2,Thu,54
622,S004,96.6,6,Mon,63
623,S001,67.12,4,Fri,35
624,S001,72.96,10,Wed,66
625,S003,27.54,9,Tue,28
626,S002,67.95,11,Sat,53
627,S002,53.58,10,Sun,28
628,S001,86.11,2,Fri,61
629,S004,40.82,3,Sat,38
630,S001,61.26,9,Sun,34
631,S003,76.25,7,Wed,34
632,S001,75.82,5,Sun,66
633,S004,83.74,4,Wed,39
634,S002,56.05,4,Wed,60
635,S003,101.0,7,Sun,47
636,S004,98.18,9,Wed,57
637,S003,84.98,5,Thu,18
638,S002,79.56,5,Mon,18
639,S001,62.8,3,Wed,62
640,S001,38.52,6,Tue,54
641,S002,74.12,8,Mon,27
642,S001,123.96,8,Sun,30
643,S001,93.66,5,Sun,32
644,S003,71.94,1,Wed,35
645,S001,75.86,5,Wed,18
646,S001,103.26,6,Thu,19
647,S002,97.64,6,Mon,57
648,S004,57.32,8,Wed,28
649,S002,65.72,6,Thu,55
650,S002,91.8,4,Fri,65
651,S002,72.28,4,Sat,35
652,S002,90.1,7,Wed,25
653,S004,94.9,9,Fri,35
654,S002,43.75,5,Fri,51
655,S003,68.28,6,Tue,57
656,S001,80.17,4,Fri,56
657,S003,87.05,3,Fri,32
658,S001,78.57,5,Sat,42
659,S004,89.54,5,Wed,56
660,S004,95.98,3,Fri,60
661,S002,67.76,4,Sun,28
662,S004,88.49,2,Tue,65
663,S001,65.43,3,Sat,34
664,S004,70.33,2,Sat,59
665,S003,83.14,5,Thu,53
666,S001,80.68,2,Wed,57
667,S004,90.48,9,Tue,62
668,S004,83.27,2,Fri,64
669,S004,72.36,5,Mon,68
670,S001,96.65,5,Wed,46
671,S002,58.65,4,Sat,26
672,S004,103.97,5,Tue,31
673,S004,96.71,3,Sun,60
674,S003,70.28,3,Sat,39
675,S002,41.82,3,Tue,49
676,S004,97.36,4,Wed,52
677,S004,96.42,2,Sun,34
678,S002,67.34,2,Thu,44
679,S002,71.04,4,Tue,48
680,S001,47.02,5,Wed,50
681,S001,73.72,4,Sat,58
682,S004,72.7,5,Fri,33
683,S003,67.34,4,Sat,56
684,S001,57.29,5,Tue,57
685,S001,58.41,7,Tue,29
686,S004,104.06,6,Sat,65
687,S003,41.98,7,Mon,41
688,S002,23.69,1,Sun,64
689,S003,52.5,4,Sun,45
690,S004,81.95,6,Thu,57
691,S003,94.56,7,Tue,58
692,S004,59.17,4,Tue,48
693,S004,113.96,4,Thu,33
694,S001,82.16,3,Sun,25
695,S004,77.24,7,Fri,52
696,S003,69.39,4,Fri,49
697,S003,84.22,2,Sat,21
698,S001,87.05,5,Thu,18
699,S004,64.33,5,Thu,25
700,S003,76.08,1,Mon,19
701,S002,39.67,4,Fri,67
702,S001,73.98,4,Thu,62
703,S004,114.9,5,Wed,57
704,S002,106.35,3,Wed,21
705,S003,103.71,6,Fri,18
706,S002,63.18,5,Tue,52
707,S002,50.84,5,Mon,26
708,S001,61.5,1,Sat,60
709,S002,59.63,5,Tue,39
710,S002,79.81,5,Sat,52
711,S004,57.71,11,Mon,68
712,S002,42.29,6,Sat,60
713,S004,110.76,6,Mon,43
714,S003,82.55,4,Tue,37
715,S001,106.41,9,Mon,24
716,S002,46.07,10,Sat,62
717,S002,91.85,11,Mon,68
718,S004,50.97,5,Sun,29
719,S004,68.06,4,Sun,32
720,S001,59.68,5,Wed,42
721,S002,62.31,6,Thu,47
722,S003,108.12,8,Sat,30
723,S001,62.53,2,Tue,43
724,S002,84.82,7,Sun,66
725,S003,91.9,5,Fri,49
726,S002,55.37,5,Fri,44
727,S003,46.08,3,Sat,47
728,S002,87.67,5,Sun,24
729,S004,63.88,6,Sun,48
730,S003,64.87,5,Thu,61
731,S004,77.2,10,Wed,51
732,S002,64.8,3,Fri,64
733,S003,51.1,5,Tue,34
734,S004,89.88,5,Tue,58
735,S003,76.71,3,Wed,51
736,S003,76.03,9,Wed,59
737,S003,97.97,5,Sun,21
738,S001,90.61,3,Mon,40
739,S004,85.84,7,Thu,40
740,S003,99.38,8,Sun,58
741,S003,116.54,10,Tue,46
742,S004,25.27,4,Wed,66
743,S003,66.55,9,Mon,67
744,S003,95.2,7,Sat,47
745,S001,59.95,4,Thu,55
746,S002,76.62,2,Wed,33
747,S001,86.23,3,Fri,28
748,S004,66.75,6,Wed,56
749,S003,77.65,7,Mon,44
750,S001,64.52,2,Thu,26
751,S001,67.35,7,Fri,26
752,S003,76.26,7,Wed,57
753,S004,80.17,5,Sat,37
754,S002,54.16,4,Tue,42
755,S004,65.27,8,Mon,53
756,S003,75.77,1,Thu,63
757,S003,66.62,5,Sat,66
758,S002,75.28,4,Mon,68
759,S002,55.03,6,Sun,54
760,S003,58.62,7,Thu,66
761,S004,79.44,7,Sat,35
762,S002,64.15,5,Fri,50
763,S003,44.08,3,Sat,35
764,S002,66.31,4,Sat,54
765,S004,83.51,2,Mon,61
766,S003,70.21,5,Thu,60
767,S004,42.5,5,Sat,35
768,S001,81.62,3,Sat,46
769,S002,27.76,4,Thu,38
770,S002,80.04,2,Sat,63
771,S003,70.45,3,Fri,18
772,S003,81.59,3,Sun,33
773,S001,93.98,6,Sun,68
774,S003,74.94,3,Wed,49
775,S002,82.92,4,Thu,33
776,S004,67.38,1,Fri,22
777,S003,60.57,7,Fri,58
778,S001,94.24,4,Sat,50
779,S004,55.74,5,Thu,31
780,S002,66.13,3,Mon,29
781,S003,100.96,2,Mon,34
782,S001,76.01,3,Tue,55
783,S003,101.4,5,Wed,45
784,S002,74.72,2,Thu,23
785,S003,31.83,3,Fri,53
786,S002,69.3,4,Sun,55
787,S001,96.39,7,Fri,30
788,S001,65.24,7,Fri,33
789,S002,96.15,4,Sat,51
790,S001,64.79,4,Thu,33
791,S003,63.34,7,Tue,61
792,S001,111.52,3,Fri,23
793,S004,49.85,4,Wed,44
794,S002,123.77,5,Thu,69
795,S003,49.18,4,Sat,67
796,S001,49.9,11,Thu,56
797,S003,53.58,5,Sun,64
798,S004,82.12,2,Sun,46
799,S001,120.41,8,Mon,47
800,S001,107.56,6,Tue,41
801,S002,93.54,5,Sun,42
802,S001,83.39,12,Thu,19
803,S002,88.99,3,Wed,67
804,S001,80.53,6,Thu,24
805,S003,76.2,3,Sun,50
806,S004,69.56,5,Fri,54
807,S004,74.57,4,Sun,42
808,S001,53.36,7,Sat,18
809,S003,80.8,10,Sat,34
810,S002,59.08,4,Thu,19
811,S004,63.91,5,Thu,67
812,S004,76.18,2,Sun,22
813,S001,79.15,7,Sat,27
814,S003,107.77,7,Thu,42
815,S001,94.13,8,Tue,67
816,S003,72.71,6,Sun,27
817,S001,83.17,4,Sat,58
818,S004,81.25,6,Tue,47
819,S003,74.11,4,Tue,46
820,S003,46.04,6,Thu,65
821,S001,45.94,4,Wed,53
822,S001,54.0,10,Fri,57
823,S003,53.46,7,Thu,29
824,S002,55.36,3,Fri,52
825,S004,95.11,4,Mon,24
826,S002,118.48,5,Fri,67
827,S002,71.59,2,Fri,45
828,S002,67.05,7,Wed,20
829,S001,58.79,5,Mon,49
830,S003,68.76,6,Fri,46
831,S002,109.77,8,Mon,44
832,S002,84.27,8,Thu,33
833,S004,67.15,4,Wed,52
834,S004,63.85,9,Tue,23
835,S002,48.74,3,Thu,21
836,S004,74.0,4,Wed,18
837,S002,68.36,8,Fri,65
838,S004,87.79,3,Wed,66
839,S003,77.25,5,Sun,31
840,S001,107.38,3,Tue,35
841,S003,106.95,6,Sat,19
842,S002,90.46,4,Thu,68
843,S002,77.61,8,Thu,32
844,S002,48.53,7,Mon,58
845,S002,65.56,3,Mon,64
846,S003,69.03,10,Fri,40
847,S001,66.21,10,Sat,37
848,S002,93.06,2,Sat,50
849,S003,90.37,5,Sun,46
850,S004,93.46,5,Fri,48
851,S002,108.69,7,Sat,19
852,S004,103.84,5,Mon,28
853,S002,24.74,11,Fri,31
854,S002,83.17,2,Wed,62
855,S003,76.31,6,Thu,34
856,S001,68.36,3,Sun,43
857,S003,109.93,3,Sun,35
858,S003,82.47,4,Mon,41
859,S004,69.54,8,Sun,61
860,S003,42.96,4,Sat,27
861,S003,89.04,7,Sat,36
862,S003,84.21,4,Mon,62
863,S001,122.37,2,Sat,62
864,S004,84.96,4,Sun,53
865,S002,67.75,2,Sun,60
866,S002,40.2,4,Thu,69
867,S004,51.79,2,Sun,57
868,S004,74.75,3,Thu,47
869,S003,73.46,9,Fri,25
870,S004,100.26,4,Thu,32
871,S003,79.71,4,Thu,40
872,S003,53.8,5,Mon,29
873,S002,45.99,7,Thu,50
874,S004,78.94,3,Fri,54
875,S002,67.51,7,Sat,21
876,S004,61.3,6,Wed,27
877,S002,111.03,5,Wed,43
878,S003,84.86,3,Thu,33
879,S003,89.97,3,Tue,42
880,S002,118.68,6,Thu,29
881,S003,76.66,7,Tue,57
882,S001,61.53,10,Wed,64
883,S002,95.43,4,Thu,35
884,S002,63.63,7,Tue,43
885,S004,91.85,2,Tue,68
886,S003,35.52,6,Sat,35
887,S001,88.98,4,Thu,57
888,S004,75.63,3,Wed,52
889,S002,109.64,3,Sat,49
890,S001,96.42,4,Thu,49
891,S001,53.66,3,Sun,32
892,S003,70.66,8,Sat,42
893,S002,110.43,4,Sun,41
894,S004,70.31,6,Thu,43
895,S001,124.73,9,Wed,31
896,S002,79.83,2,Wed,52
897,S003,109.79,6,Thu,23
898,S002,83.54,6,Sun,59
899,S003,61.25,5,Fri,32
900,S002,97.39,1,Thu,18
901,S004,120.24,4,Mon,43
902,S002,72.66,7,Wed,30
903,S004,84.35,3,Mon,19
904,S003,101.01,3,Sun,25
905,S001,133.01,4,Tue,31
906,S001,105.29,6,Thu,63
907,S004,52.06,8,Sat,43
908,S002,50.1,4,Thu,27
909,S002,63.24,3,Tue,42
910,S002,86.63,9,Mon,68
911,S001,117.51,3,Tue,68
912,S003,73.99,8,Tue,45
913,S003,83.02,4,Sat,39
914,S003,90.76,10,Thu,29
915,S001,62.68,11,Wed,35
916,S003,49.71,6,Fri,48
917,S004,70.27,4,Mon,36
918,S004,43.55,4,Mon,66
919,S001,73.94,3,Wed,39
920,S002,64.71,5,Sat,21
921,S003,79.79,7,Sun,32
922,S003,57.33,7,Wed,35
923,S004,80.84,5,Fri,43
924,S001,80.06,4,Sun,54
925,S002,102.05,7,Sat,50
926,S003,78.61,6,Tue,45
927,S001,55.83,1,Tue,67
928,S001,71.36,3,Sun,41
929,S003,136.14,7,Sat,64
930,S002,105.34,7,Fri,46
931,S003,54.75,7,Thu,38
932,S001,71.56,2,Wed,56
933,S004,83.16,6,Wed,34
934,S004,78.51,7,Sun,64
935,S001,82.06,6,Tue,37
936,S001,69.61,5,Wed,42
937,S002,58.9,8,Fri,24
938,S001,75.92,2,Fri,41
939,S002,73.4,7,Sun,50
940,S001,96.44,3,Sun,55
941,S002,52.94,4,Sat,31
942,S003,62.92,3,Wed,50
943,S004,144.14,8,Wed,47
944,S002,65.31,8,Sun,27
945,S004,61.2,9,Mon,40
946,S003,96.55,1,Wed,25
947,S002,77.82,12,Wed,47
948,S003,65.74,3,Sat,61
949,S002,78.54,8,Wed,50
950,S004,91.57,4,Fri,32
951,S003,59.27,5,Sat,69
952,S001,57.33,5,Sat,22
953,S003,92.96,5,Mon,48
954,S002,68.16,4,Wed,36
955,S004,83.75,3,Tue,50
956,S001,58.61,7,Sun,42
957,S001,90.46,5,Mon,46
958,S003,82.03,8,Sat,38
959,S003,122.28,6,Tue,43
960,S001,47.23,6,Thu,37
961,S003,67.35,4,Sun,50
962,S004,88.28,3,Wed,36
963,S001,58.0,6,Thu,60
964,S001,91.18,4,Fri,29
965,S003,73.23,3,Mon,36
966,S003,59.68,7,Sun,39
967,S002,83.19,4,Mon,22
968,S003,69.82,2,Sat,36
969,S001,73.58,5,Sun,25
970,S001,69.01,6,Sun,62
971,S002,77.95,5,Mon,55
972,S002,74.47,2,Sat,48
973,S001,107.21,5,Mon,50
974,S002,57.37,4,Sun,42
975,S001,75.5,1,Thu,46
976,S003,68.72,3,Sun,40
977,S001,44.84,4,Mon,37
978,S002,64.96,4,Mon,41
979,S003,95.33,2,Sat,47
980,S001,74.63,8,Sun,59
981,S001,82.23,6,Wed,61
982,S002,90.95,1,Thu,69
983,S002,99.24,6,Sun,56
984,S004,61.99,3,Fri,27
985,S001,82.1,8,Fri,50
986,S003,79.97,2,Fri,32
987,S002,69.42,9,Sat,69
988,S003,86.72,10,Thu,57
989,S004,121.03,7,Thu,20
990,S002,100.49,9,Fri,19
991,S003,95.73,6,Mon,64
992,S001,90.55,5,Sat,49
993,S003,97.06,1,Thu,36
994,S001,72.86,5,Sun,45
995,S003,78.94,7,Mon,29
996,S001,78.87,6,Mon,64
997,S001,67.1,2,Tue,63
998,S003,98.17,5,Sat,53
999,S002,103.12,3,Mon,33
1000,S001,117.44,6,Mon,37
1001,S004,38.28,6,Mon,55
1002,S003,50.83,4,Mon,22
1003,S004,48.5,3,Sun,59
1004,S001,83.41,7,Tue,24
1005,S001,97.07,6,Fri,68
1006,S003,93.19,5,Mon,30
1007,S004,104.51,1,Wed,45
1008,S001,58.43,8,Thu,35
1009,S004,95.34,6,Fri,26
1010,S002,61.06,8,Wed,56
1011,S003,45.38,6,Tue,32
1012,S001,60.18,9,Tue,62
1013,S003,62.63,8,Sun,47
1014,S004,85.74,9,Mon,57
1015,S003,69.36,10,Wed,64
1016,S004,72.11,10,Sun,50
1017,S004,59.15,5,Wed,34
1018,S002,62.7,5,Mon,47
1019,S003,73.74,4,Mon,68
1020,S004,77.37,6,Fri,63
1021,S003,81.75,6,Wed,43
1022,S003,47.01,4,Sat,44
1023,S003,86.69,3,Sun,26
1024,S003,78.67,5,Mon,69
1025,S001,47.61,4,Tue,26
1026,S004,88.16,3,Mon,19
1027,S003,29.93,8,Thu,28
1028,S001,60.81,4,Thu,35
1029,S001,69.01,8,Tue,30
1030,S002,59.51,6,Tue,25
1031,S002,60.7,3,Wed,30
1032,S003,129.96,4,Wed,46
1033,S002,66.07,9,Fri,42
1034,S001,64.21,4,Fri,42
1035,S004,85.1,6,Thu,19
1036,S003,75.62,7,Sun,61
1037,S002,90.79,6,Sun,28
1038,S004,91.51,4,Sat,34
1039,S001,72.57,5,Fri,48
1040,S002,91.72,4,Wed,50
1041,S003,63.94,5,Tue,66
1042,S002,62.53,5,Sat,29
1043,S003,77.36,5,Sat,47
1044,S003,63.24,5,Mon,50
1045,S002,82.15,6,Wed,63
1046,S003,87.17,1,Wed,31
1047,S003,41.23,5,Tue,57
1048,S003,81.03,2,Sun,64
1049,S004,56.28,4,Sun,66
1050,S003,88.76,3,Wed,42
1051,S002,64.77,4,Thu,44
1052,S003,102.71,7,Thu,60
1053,S003,80.69,5,Sun,45
1054,S003,83.66,3,Sat,28
1055,S004,77.5,1,Sun,58
1056,S003,57.01,2,Thu,67
1057,S001,79.7,7,Sat,27
1058,S002,50.93,4,Tue,60
1059,S002,40.61,3,Sat,20
1060,S004,86.86,4,Tue,42
1061,S001,55.44,4,Thu,49
1062,S002,80.31,5,Thu,59
1063,S001,85.13,4,Fri,45
1064,S002,85.58,4,Fri,20
1065,S004,58.15,5,Sat,38
1066,S002,82.83,6,Mon,44
1067,S004,51.67,8,Sun,53
1068,S004,104.96,3,Mon,23
1069,S003,28.94,6,Tue,49
1070,S001,99.23,9,Sun,33
1071,S004,70.12,3,Thu,41
1072,S001,50.89,7,Sun,32
1073,S002,69.17,2,Fri,60
1074,S001,76.23,5,Tue,48
1075,S003,61.23,5,Wed,50
1076,S002,87.63,4,Wed,68
1077,S002,79.29,4,Fri,21
1078,S003,65.7,6,Sat,24
1079,S001,76.83,9,Wed,55
1080,S001,61.24,2,Sat,43
1081,S002,126.78,0,Sun,55
1082,S002,120.38,2,Wed,61
1083,S003,107.82,8,Sat,24
1084,S001,89.16,4,Mon,32
1085,S001,41.93,3,Wed,52
1086,S001,42.93,3,Tue,24
1087,S003,95.59,7,Mon,54
1088,S003,72.06,7,Wed,61
1089,S002,89.16,5,Tue,48
1090,S004,90.5,4,Wed,66
1091,S004,63.99,2,Fri,52
1092,S002,71.09,6,Wed,20
1093,S002,119.14,9,Sat,60
1094,S004,67.52,5,Wed,54
1095,S002,102.09,7,Sun,19
1096,S004,71.38,9,Tue,21
1097,S001,77.79,6,Wed,20
1098,S001,72.77,4,Thu,62
1099,S001,95.23,5,Wed,45
1100,S001,61.13,3,Fri,69
1101,S003,80.58,6,Wed,32
1102,S003,33.91,7,Thu,23
1103,S001,63.58,8,Tue,33
1104,S002,68.88,7,Tue,30
1105,S001,68.69,7,Mon,22
1106,S002,57.21,2,Thu,36
1107,S003,28.54,6,Thu,37
1108,S004,84.6,4,Sat,53
1109,S003,75.83,3,Tue,21
1110,S004,76.57,7,Tue,46
1111,S002,91.62,5,Mon,50
1112,S001,41.71,4,Wed,49
1113,S004,32.49,6,Sat,33
1114,S004,100.91,8,Fri,68
1115,S001,55.47,5,Sat,32
1116,S002,77.87,4,Tue,48
1117,S001,60.78,4,Tue,30
1118,S001,52.04,10,Fri,40
1119,S003,52.09,2,Sat,55
1120,S002,58.96,6,Thu,19
1121,S004,105.7,7,Fri,33
1122,S001,118.41,4,Thu,19
1123,S003,90.32,6,Fri,24
1124,S004,106.24,3,Wed,44
1125,S001,78.51,1,Sun,29
1126,S001,47.99,7,Wed,24
1127,S002,110.83,6,Mon,59
1128,S001,89.32,6,Thu,43
1129,S004,71.12,1,Mon,36
1130,S004,65.95,5,Tue,35
1131,S003,80.67,9,Mon,29
1132,S001,49.81,3,Wed,24
1133,S004,82.26,8,Sun,55
1134,S002,81.98,4,Fri,41
1135,S004,84.86,4,Mon,45
1136,S001,57.33,6,Sun,54
1137,S001,49.28,1,Tue,54
1138,S002,87.56,7,Mon,64
1139,S001,85.6,7,Mon,63
1140,S001,46.17,3,Sun,18
1141,S002,69.33,5,Tue,63
1142,S004,64.32,7,Fri,20
1143,S001,64.25,4,Sun,29
1144,S003,79.16,9,Sat,29
1145,S001,94.6,3,Mon,31
1146,S001,120.56,9,Tue,66
1147,S002,99.26,5,Fri,66
1148,S002,86.29,8,Thu,58
1149,S002,75.71,9,Sat,32
1150,S002,53.42,4,Wed,39
1151,S001,77.25,7,Wed,49
1152,S003,70.69,7,Fri,45
1153,S004,110.52,7,Fri,32
1154,S003,94.68,5,Fri,58
1155,S003,73.47,3,Sun,59
1156,S002,88.36,10,Sat,60
1157,S001,54.77,4,Wed,38
1158,S001,44.52,5,Sun,39
1159,S001,78.22,3,Fri,60
1160,S004,92.16,4,Wed,26
1161,S003,41.1,8,Sun,54
1162,S004,99.43,5,Tue,37
1163,S004,72.61,7,Wed,25
1164,S003,93.07,5,Sun,56
1165,S004,70.4,4,Mon,62
1166,S002,111.11,5,Tue,41
1167,S003,75.27,5,Mon,47
1168,S003,58.92,8,Thu,37
1169,S003,83.91,11,Fri,45
1170,S003,77.5,9,Tue,21
1171,S001,64.4,5,Fri,51
1172,S004,58.1,5,Mon,67
1173,S004,98.0,5,Tue,20
1174,S004,72.77,5,Thu,45
1175,S003,95.37,6,Fri,24
1176,S004,78.6,5,Tue,43
1177,S004,76.45,6,Mon,65
1178,S003,73.55,11,Sat,60
1179,S004,87.17,9,Sat,64
1180,S003,88.01,5,Sun,38
1181,S003,74.22,7,Sat,40
1182,S003,87.91,5,Sun,56
1183,S003,105.38,1,Wed,32
1184,S002,48.06,5,Sun,51
1185,S004,81.24,4,Wed,65
1186,S004,61.08,5,Fri,25
1187,S002,57.22,4,Sun,30
1188,S004,38.58,2,Fri,28
1189,S001,82.79,5,Tue,55
1190,S002,69.17,4,Fri,18
1191,S001,73.58,6,Tue,30
1192,S002,84.92,3,Thu,50
1193,S002,85.49,9,Wed,44
1194,S002,77.5,3,Fri,37
1195,S004,120.71,3,Fri,29
1196,S004,67.45,5,Mon,29
1197,S001,66.8,6,Thu,53
1198,S001,80.22,3,Thu,36
1199,S002,52.36,5,Fri,59
1200,S002,58.76,3,Fri,40
1201,S001,73.49,7,Thu,20
1202,S001,91.5,5,Wed,37
1203,S002,69.68,1,Sun,46
1204,S002,64.38,3,Mon,40
1205,S002,63.04,3,Fri,59
1206,S002,86.43,5,Thu,57
1207,S001,77.89,6,Thu,28
1208,S003,74.57,2,Sat,61
1209,S001,44.64,7,Tue,48
1210,S001,36.69,8,Sun,61
1211,S003,94.75,6,Sun,63
1212,S003,70.25,3,Tue,66
1213,S004,101.61,4,Tue,54
1214,S004,77.93,4,Fri,58
1215,S001,70.7,6,Fri,34
1216,S001,88.57,4,Wed,22
1217,S003,60.42,4,Thu,67
1218,S003,69.91,0,Sun,20
1219,S004,84.08,6,Sat,39
1220,S004,73.27,2,Fri,30
1221,S003,50.4,4,Fri,45
1222,S001,52.02,8,Wed,31
1223,S002,94.5,2,Sun,53
1224,S003,71.75,6,Sat,35
1225,S002,20.94,7,Thu,19
1226,S002,95.43,5,Fri,31
1227,S001,42.57,2,Mon,34
1228,S001,83.68,5,Thu,43
1229,S002,101.96,2,Sun,57
1230,S004,49.15,6,Wed,64
1231,S001,81.44,2,Tue,45
1232,S004,61.86,2,Thu,65
1233,S003,107.84,3,Fri,21
1234,S003,78.29,3,Wed,21
1235,S002,74.74,5,Fri,26
1236,S002,38.33,3,Tue,37
1237,S003,56.31,4,Sun,62
1238,S003,56.19,3,Sat,48
1239,S002,56.53,0,Sun,21
1240,S003,88.01,9,Tue,52
1241,S001,77.09,9,Thu,55
1242,S001,99.54,4,Tue,60
1243,S004,70.58,4,Sun,41
1244,S004,70.23,8,Sun,55
1245,S002,50.97,8,Mon,30
1246,S001,64.37,2,Tue,57
1247,S002,78.5,4,Sat,39
1248,S004,88.79,6,Sat,66
1249,S001,79.69,3,Thu,27
1250,S001,84.21,6,Thu,51
1251,S004,62.95,7,Sun,51
1252,S002,58.87,3,Fri,62
1253,S004,63.61,6,Mon,39
1254,S004,38.35,5,Tue,60
1255,S003,65.82,3,Tue,60
1256,S002,66.12,5,Thu,38
1257,S002,102.63,4,Fri,28
1258,S003,60.67,9,Tue,54
1259,S001,48.59,4,Tue,53
1260,S004,108.97,10,Wed,63
1261,S004,55.78,5,Wed,23
1262,S002,89.81,5,Fri,25
1263,S002,86.94,4,Wed,48
1264,S002,34.97,4,Wed,42
1265,S001,105.15,5,Mon,41
1266,S001,74.22,6,Thu,39
1267,S004,84.87,4,Fri,54
1268,S003,67.62,5,Sun,38
1269,S002,67.25,3,Tue,63
1270,S003,99.48,9,Wed,19
1271,S004,81.52,6,Thu,63
1272,S004,93.0,6,Wed,33
1273,S003,118.8,3,Wed,39
1274,S002,100.41,5,Wed,66
1275,S004,118.9,4,Sat,25
1276,S004,79.31,4,Wed,51
1277,S002,43.67,4,Sat,69
1278,S004,30.84,3,Wed,22
1279,S004,76.37,6,Tue,25
1280,S003,43.84,3,Tue,68
1281,S001,54.93,5,Wed,33
1282,S004,47.6,2,Sun,34
1283,S004,78.39,4,Thu,69
1284,S003,56.72,4,Wed,65
1285,S001,96.92,4,Fri,51
1286,S001,71.05,5,Wed,68
1287,S003,57.48,4,Sat,45
1288,S004,64.52,0,Sun,27
1289,S002,83.21,9,Tue,23
1290,S003,77.9,10,Sun,33
1291,S003,60.1,7,Mon,63
1292,S001,79.67,4,Tue,34
1293,S003,98.56,6,Wed,65
1294,S002,77.83,4,Fri,62
1295,S003,46.28,7,Thu,20
1296,S003,67.8,4,Tue,48
1297,S001,57.18,6,Mon,65
1298,S002,29.01,2,Thu,44
1299,S002,75.54,5,Mon,40
1300,S004,64.93,3,Mon,49
1301,S001,45.88,4,Tue,53
1302,S002,110.62,4,Tue,55
1303,S002,48.38,6,Tue,66
1304,S003,37.26,7,Mon,36
1305,S004,70.51,8,Sat,46
1306,S001,89.54,3,Wed,20
1307,S002,90.12,7,Wed,53
1308,S004,104.42,4,Thu,62
1309,S001,74.05,3,Fri,55
1310,S003,63.99,5,Wed,27
1311,S002,50.82,4,Tue,63
1312,S004,96.95,4,Wed,29
1313,S001,78.6,3,Mon,60
1314,S002,76.95,7,Sat,52
1315,S001,87.03,4,Thu,39
1316,S003,43.51,8,Thu,19
1317,S003,27.39,2,Thu,52
1318,S004,79.49,7,Wed,28
1319,S004,83.29,1,Mon,68
1320,S002,33.61,4,Mon,26
1321,S004,76.38,1,Mon,44
1322,S002,57.43,5,Mon,59
1323,S001,70.47,8,Mon,67
1324,S002,80.74,6,Fri,63
1325,S003,72.48,5,Mon,30
1326,S003,64.44,10,Wed,28
1327,S004,62.2,7,Thu,46
1328,S003,56.96,5,Sat,22
1329,S002,88.77,6,Mon,34
1330,S001,69.26,1,Mon,51
1331,S003,116.3,4,Sat,54
1332,S003,125.64,4,Fri,60
1333,S002,72.53,3,Mon,55
1334,S002,82.41,8,Tue,65
1335,S002,102.94,2,Sat,44
1336,S002,69.25,2,Fri,56
1337,S001,64.65,6,Tue,47
1338,S002,77.95,4,Mon,47
1339,S004,76.54,3,Sat,58
1340,S001,95.11,7,Tue,35
1341,S001,103.76,3,Wed,25
1342,S004,63.96,6,Fri,40
1343,S003,74.09,5,Thu,37
1344,S004,55.91,2,Wed,57
1345,S003,40.16,5,Fri,38
1346,S002,86.03,8,Sat,33
1347,S003,103.99,6,Thu,66
1348,S004,99.6,5,Mon,53
1349,S001,75.69,7,Sat,26
1350,S004,91.1,5,Tue,62
1351,S002,78.17,2,Fri,25
1352,S002,46.16,6,Thu,57
1353,S002,91.08,4,Sun,43
1354,S004,65.77,8,Fri,34
1355,S002,43.87,8,Thu,64
1356,S003,70.13,9,Sun,29
1357,S002,91.92,4,Sun,18
1358,S001,68.69,5,Mon,55
1359,S002,55.95,3,Tue,46
1360,S003,68.23,9,Fri,54
1361,S004,78.04,5,Mon,31
1362,S001,82.26,1,Tue,52
1363,S004,108.45,4,Tue,39
1364,S003,61.3,5,Mon,27
1365,S004,107.67,5,Thu,30
1366,S003,82.51,4,Thu,50
1367,S003,52.7,7,Sat,31
1368,S003,72.42,8,Tue,37
1369,S002,86.69,5,Sun,29
1370,S003,129.22,4,Wed,22
1371,S002,78.91,6,Mon,51
1372,S002,115.16,6,Tue,57
1373,S004,68.73,9,Tue,27
1374,S004,45.07,4,Mon,51
1375,S003,65.34,4,Mon,69
1376,S004,64.02,2,Wed,65
1377,S001,92.34,4,Sun,53
1378,S004,66.15,5,Thu,62
1379,S003,68.06,2,Mon,49
1380,S004,74.79,3,Tue,51
1381,S004,77.92,7,Wed,37
1382,S003,94.76,13,Tue,55
1383,S002,105.13,3,Sat,49
1384,S004,95.53,2,Fri,48
1385,S002,41.03,3,Sun,47
1386,S004,50.5,7,Mon,59
1387,S002,73.93,5,Sat,38
1388,S004,87.56,6,Sat,50
1389,S004,32.8,6,Mon,22
1390,S002,76.84,6,Thu,53
1391,S003,115.22,2,Sat,59
1392,S004,77.74,10,Sun,34
1393,S001,80.33,5,Mon,36
1394,S004,85.52,6,Mon,62
1395,S001,64.72,3,Sat,33
1396,S001,72.49,5,Sun,59
1397,S001,35.31,13,Sun,68
1398,S002,62.25,8,Thu,58
1399,S004,78.66,5,Sun,19
1400,S003,48.1,8,Fri,24
1401,S002,110.91,4,Sun,25
1402,S002,61.09,4,Tue,57
1403,S003,66.11,7,Thu,43
1404,S004,69.3,8,Sun,35
1405,S003,61.36,3,Sun,19
1406,S003,62.77,5,Sun,66
1407,S002,74.16,7,Wed,39
1408,S001,52.97,2,Wed,59
1409,S004,88.39,4,Sun,31
1410,S002,67.33,2,Tue,20
1411,S004,72.4,3,Fri,60
1412,S002,65.61,12,Thu,52
1413,S003,103.79,6,Wed,19
1414,S004,75.57,6,Sat,56
1415,S002,83.69,6,Tue,30
1416,S004,93.06,2,Mon,43
1417,S001,49.51,6,Wed,42
1418,S001,58.83,7,Wed,20
1419,S004,79.3,4,Sat,53
1420,S004,97.14,3,Mon,54
1421,S004,96.37,7,Tue,35
1422,S004,52.98,8,Thu,20
1423,S002,70.78,4,Wed,30
1424,S003,95.63,5,Sat,68
1425,S002,75.44,1,Mon,33
1426,S001,78.91,1,Thu,45
1427,S001,74.38,10,Sat,34
1428,S002,94.64,2,Wed,53
1429,S001,55.42,2,Sat,49
1430,S002,65.79,5,Wed,37
1431,S001,89.35,6,Tue,50
1432,S003,31.2,9,Thu,26
1433,S004,73.96,5,Fri,48
1434,S001,75.81,2,Wed,52
1435,S002,99.91,5,Thu,56
1436,S004,86.67,3,Sun,29
1437,S002,103.47,7,Tue,41
1438,S004,94.28,2,Fri,60
1439,S004,80.78,5,Fri,66
1440,S004,79.56,7,Sun,46
1441,S003,78.78,8,Wed,19
1442,S001,61.71,5,Sat,62
1443,S002,67.67,7,Tue,31
1444,S001,65.69,6,Sat,38
1445,S003,72.47,4,Sun,42
1446,S002,64.44,5,Tue,68
1447,S003,69.36,8,Mon,49
1448,S004,86.48,1,Sat,27
1449,S002,55.21,11,Mon,29
1450,S001,42.94,4,Sun,33
1451,S004,85.73,6,Thu,53
1452,S002,73.72,2,Thu,26
1453,S004,63.02,7,Sun,65
1454,S004,67.04,9,Thu,28
1455,S003,65.23,2,Sat,44
1456,S002,92.66,4,Tue,59
1457,S003,56.62,6,Wed,63
1458,S002,3.06,3,Mon,27
1459,S003,52.82,7,Sun,33
1460,S001,69.35,8,Sat,43
1461,S002,76.6,8,Sat,59
1462,S001,115.12,9,Wed,31
1463,S002,85.76,2,Sat,61
1464,S002,61.02,3,Mon,21
1465,S001,62.31,2,Wed,46
1466,S003,88.57,3,Sat,27
1467,S001,40.45,7,Wed,36
1468,S001,77.06,1,Fri,28
1469,S002,52.56,5,Sat,30
1470,S003,58.15,2,Wed,51
1471,S004,70.86,7,Mon,49
1472,S003,50.29,8,Sat,36
1473,S001,61.86,3,Fri,45
1474,S004,77.17,6,Wed,40
1475,S001,91.09,2,Mon,18
1476,S004,80.31,10,Wed,35
1477,S003,52.43,6,Mon,61
1478,S001,59.55,8,Wed,31
1479,S002,69.64,6,Mon,32
1480,S004,58.52,3,Tue,36
1481,S004,60.2,3,Thu,20
1482,S004,81.84,6,Sat,45
1483,S004,88.49,8,Thu,23
1484,S004,96.54,3,Thu,23
1485,S002,51.88,5,Sun,64
1486,S001,67.02,4,Tue,43
1487,S002,70.31,4,Tue,58
1488,S003,23.93,4,Mon,24
1489,S001,66.29,2,Wed,59
1490,S002,60.27,6,Thu,32
1491,S001,88.82,6,Sun,46
1492,S003,109.83,2,Thu,36
1493,S002,57.08,2,Thu,58
1494,S003,97.01,9,Sun,28
1495,S004,106.1,4,Fri,66
1496,S001,89.41,5,Sat,55
1497,S001,80.89,8,Sun,42
1498,S002,64.52,8,Sun,56
1499,S003,50.19,3,Thu,29
1500,S001,78.82,9,Sun,55
1501,S004,64.74,7,Thu,68
1502,S004,72.84,8,Sun,65
1503,S003,80.83,4,Fri,36
1504,S003,71.45,6,Sat,53
1505,S002,66.13,7,Sat,26
1506,S003,42.74,5,Mon,24
1507,S004,57.34,7,Sun,18
1508,S004,117.45,3,Thu,42
1509,S001,86.85,5,Wed,39
1510,S004,71.84,2,Thu,49
1511,S004,44.81,3,Tue,37
1512,S001,72.9,3,Sat,21
1513,S002,84.89,4,Sat,42
1514,S003,101.09,4,Fri,66
1515,S001,64.43,4,Sun,59
1516,S001,85.59,8,Tue,57
1517,S002,73.68,7,Tue,56
1518,S003,32.72,8,Fri,33
1519,S003,41.72,2,Mon,47
1520,S003,78.8,5,Sat,33
1521,S001,76.44,6,Sun,31
1522,S004,107.5,14,Wed,20
1523,S004,71.81,3,Mon,48
1524,S001,93.18,6,Wed,50
1525,S004,75.91,5,Fri,46
1526,S002,72.05,6,Sat,45
1527,S004,49.7,6,Sat,25
1528,S001,99.59,6,Tue,49
1529,S004,30.47,4,Fri,18
1530,S002,91.07,7,Fri,29
1531,S004,44.84,5,Sat,36
1532,S004,68.96,3,Tue,48
1533,S002,64.32,6,Sun,69
1534,S003,74.94,3,Sun,18
1535,S002,94.21,4,Thu,68
1536,S004,95.42,5,Tue,25
1537,S003,39.47,6,Fri,64
1538,S003,81.25,4,Tue,64
1539,S001,64.6,6,Wed,67
1540,S001,60.93,5,Mon,46
1541,S002,43.81,4,Fri,19
1542,S002,55.58,3,Sat,43
1543,S002,58.81,3,Mon,52
1544,S004,69.01,7,Sun,34
1545,S002,77.08,2,Thu,58
1546,S001,84.8,8,Fri,27
1547,S002,65.27,6,Fri,32
1548,S003,66.46,3,Sat,23
1549,S001,72.59,5,Mon,25
1550,S003,75.0,3,Fri,48
1551,S004,60.79,5,Fri,39
1552,S002,51.86,3,Wed,31
1553,S001,100.17,4,Sat,44
1554,S003,56.8,6,Thu,19
1555,S001,84.21,6,Fri,45
1556,S003,57.07,3,Fri,53
1557,S001,60.02,5,Sat,25
1558,S003,97.66,4,Sun,55
1559,S004,70.02,8,Wed,63
1560,S003,75.97,6,Wed,37
1561,S003,94.82,5,Tue,35
1562,S001,109.39,5,Sun,20
1563,S003,97.78,3,Sun,53
1564,S003,83.1,5,Tue,31
1565,S002,89.4,6,Mon,29
1566,S003,74.81,3,Thu,22
1567,S002,39.3,5,Mon,44
1568,S001,80.61,6,Tue,45
1569,S003,81.23,5,Sun,67
1570,S004,66.7,5,Sat,30
1571,S001,64.71,4,Thu,56
1572,S004,121.74,1,Fri,65
1573,S002,56.96,7,Fri,41
1574,S002,74.13,5,Tue,52
1575,S004,87.59,8,Tue,51
1576,S004,50.57,5,Wed,25
1577,S004,68.04,8,Sun,18
1578,S001,84.88,8,Fri,43
1579,S004,58.14,4,Tue,19
1580,S003,53.16,3,Thu,21
1581,S001,97.66,4,Sat,54
1582,S002,85.89,7,Sun,62
1583,S004,35.02,4,Fri,53
1584,S002,64.73,4,Thu,56
1585,S003,106.34,8,Mon,25
1586,S004,45.29,6,Sun,68
1587,S002,98.4,1,Sun,45
1588,S003,78.43,2,Mon,41
1589,S004,72.0,3,Wed,33
1590,S003,40.66,6,Fri,18
1591,S004,79.15,4,Mon,56
1592,S003,69.33,4,Sun,64
1593,S002,88.62,4,Wed,53
1594,S001,78.6,5,Fri,30
1595,S004,68.53,6,Mon,28
1596,S004,99.57,9,Sun,50
1597,S001,70.01,2,Sat,43
1598,S002,84.9,8,Sat,21
1599,S004,100.67,2,Sun,44
1600,S001,70.69,5,Tue,66
1601,S001,43.69,5,Sat,63
1602,S002,96.29,5,Wed,33
1603,S001,66.07,2,Tue,59
1604,S004,87.52,6,Mon,59
1605,S002,65.96,5,Sun,25
1606,S003,61.08,4,Sat,56
1607,S003,66.98,2,Tue,18
1608,S004,60.12,5,Sun,22
1609,S001,54.7,6,Sun,37
1610,S002,79.57,5,Sat,45
1611,S003,64.6,2,Fri,44
1612,S002,110.48,2,Sun,40
1613,S004,55.38,5,Sat,20
1614,S004,108.32,5,Wed,44
1615,S002,49.69,4,Wed,51
1616,S002,78.24,5,Fri,38
1617,S004,86.43,5,Fri,38
1618,S004,91.43,5,Sun,53
1619,S001,60.7,6,Sat,61
1620,S003,60.26,7,Fri,59
1621,S001,63.95,9,Wed,63
1622,S002,66.44,7,Sat,23
1623,S003,48.06,3,Fri,66
1624,S001,79.62,3,Sat,56
1625,S003,51.39,4,Sat,25
1626,S001,71.06,4,Thu,52
1627,S002,61.31,2,Wed,67
1628,S004,77.44,5,Thu,39
1629,S003,64.8,3,Sun,44
1630,S002,95.78,4,Tue,59
1631,S002,74.93,6,Tue,27
1632,S004,56.09,3,Tue,33
1633,S004,76.04,5,Sat,21
1634,S004,93.81,8,Mon,49
1635,S003,103.45,7,Thu,39
1636,S004,89.1,2,Sun,43
1637,S003,74.03,6,Fri,24
1638,S004,75.06,5,Sat,43
1639,S001,73.34,8,Sat,41
1640,S001,82.24,3,Wed,35
1641,S002,98.01,3,Sun,41
1642,S001,50.18,5,Mon,46
1643,S004,87.03,3,Wed,57
1644,S003,37.64,7,Thu,21
1645,S003,69.1,6,Fri,63
1646,S004,64.08,8,Thu,46
1647,S003,48.46,3,Sat,41
1648,S002,75.29,5,Wed,68
1649,S001,76.64,2,Sun,58
1650,S004,98.74,4,Mon,44
1651,S001,75.45,3,Wed,69
1652,S001,86.15,11,Wed,54
1653,S004,61.33,5,Thu,56
1654,S004,67.34,7,Tue,18
1655,S001,74.66,5,Sat,30
1656,S004,68.88,2,Tue,65
1657,S001,51.93,5,Tue,32
1658,S001,80.87,9,Fri,45
1659,S001,52.39,4,Sun,28
1660,S004,44.28,7,Sat,64
1661,S004,97.14,1,Tue,19
1662,S002,40.68,8,Wed,25
1663,S001,78.25,3,Tue,42
1664,S001,144.83,7,Tue,63
1665,S001,91.51,2,Tue,21
1666,S002,62.32,8,Sat,51
1667,S001,62.95,6,Sat,40
1668,S002,79.94,7,Wed,21
1669,S002,76.78,6,Wed,52
1670,S004,82.1,4,Tue,53
1671,S002,88.77,5,Fri,40
1672,S004,75.6,3,Sun,42
1673,S003,73.67,4,Mon,26
1674,S001,62.35,7,Sat,36
1675,S003,71.52,2,Tue,22
1676,S001,58.48,4,Sun,63
1677,S002,78.9,5,Wed,51
1678,S004,70.67,2,Thu,33
1679,S002,96.14,6,Sat,66
1680,S001,59.85,3,Sun,33
1681,S001,44.4,4,Sun,21
1682,S002,82.08,3,Tue,60
1683,S001,81.81,5,Sun,18
1684,S001,101.62,6,Tue,65
1685,S003,90.0,3,Sun,39
1686,S002,51.06,4,Wed,44
1687,S003,82.68,8,Fri,48
1688,S002,77.21,10,Sat,62
1689,S003,93.67,8,Mon,32
1690,S004,99.87,7,Sat,62
1691,S001,95.98,4,Thu,57
1692,S001,60.71,7,Sat,33
1693,S002,82.99,8,Mon,58
1694,S002,51.15,6,Fri,34
1695,S002,42.22,2,Wed,67
1696,S003,87.57,4,Tue,54
1697,S002,68.56,2,Sat,32
1698,S001,119.63,6,Mon,39
1699,S002,54.93,5,Tue,63
1700,S001,126.98,8,Thu,60
1701,S003,89.52,6,Sun,51
1702,S001,111.76,5,Tue,66
1703,S004,96.33,5,Wed,36
1704,S001,87.6,9,Mon,38
1705,S004,39.07,4,Thu,50
1706,S003,79.05,6,Sun,18
1707,S001,62.37,3,Sun,48
1708,S003,33.62,2,Tue,30
1709,S003,68.54,4,Wed,66
1710,S004,61.06,8,Tue,49
1711,S003,73.29,5,Sun,30
1712,S001,59.93,3,Fri,35
1713,S004,82.85,3,Sat,44
1714,S003,44.61,1,Sat,62
1715,S002,69.12,9,Tue,47
1716,S004,82.12,2,Sun,53
1717,S001,55.74,8,Wed,63
1718,S001,68.76,3,Sat,34
1719,S002,14.56,4,Sat,43
1720,S004,49.91,2,Tue,41
1721,S002,81.12,6,Thu,20
1722,S004,74.74,5,Wed,53
1723,S004,74.76,6,Sun,29
1724,S002,74.22,2,Sun,67
1725,S002,53.06,7,Tue,63
1726,S004,86.13,4,Sat,66
1727,S003,61.67,3,Sun,50
1728,S004,82.77,4,Sat,22
1729,S001,114.21,4,Tue,53
1730,S001,63.39,4,Sat,57
1731,S002,92.06,6,Thu,46
1732,S004,68.41,9,Sat,22
1733,S003,59.38,5,Mon,36
1734,S003,85.97,4,Thu,55
1735,S002,70.69,9,Wed,33
1736,S002,84.95,6,Wed,35
1737,S002,111.3,4,Sun,32
1738,S002,73.34,4,Fri,21
1739,S003,70.85,7,Mon,45
1740,S001,84.65,3,Sun,31
1741,S003,79.07,2,Sat,33
1742,S001,80.15,3,Sun,55
1743,S001,50.84,5,Thu,65
1744,S001,55.36,5,Sun,28
1745,S003,58.97,3,Sun,28
1746,S004,97.85,4,Wed,54
1747,S002,90.85,8,Sun,26
1748,S002,99.62,4,Thu,18
1749,S004,43.62,4,Fri,66
1750,S003,89.1,3,Fri,58
1751,S003,80.7,4,Sat,48
1752,S004,119.2,4,Mon,23
1753,S001,96.14,9,Wed,25
1754,S003,74.36,8,Mon,45
1755,S001,72.43,3,Tue,40
1756,S003,82.18,2,Tue,43
1757,S004,47.59,1,Sun,51
1758,S002,46.44,2,Wed,53
1759,S002,69.78,2,Thu,42
1760,S002,88.06,7,Tue,29
1761,S003,83.37,3,Mon,24
1762,S004,80.87,3,Fri,67
1763,S001,71.89,8,Thu,62
1764,S002,93.76,2,Thu,62
1765,S001,72.28,4,Wed,22
1766,S002,58.66,3,Sun,21
1767,S001,50.2,5,Wed,25
1768,S003,65.54,5,Mon,21
1769,S003,51.66,9,Mon,69
1770,S001,58.17,7,Thu,49
1771,S003,46.95,4,Thu,63
1772,S001,95.74,5,Thu,48
1773,S003,57.62,4,Sun,36
1774,S003,64.35,3,Thu,28
1775,S001,86.11,1,Wed,44
1776,S002,45.7,5,Sun,59
1777,S002,53.33,7,Sat,48
1778,S004,112.6,7,Sat,55
1779,S004,57.76,10,Wed,19
1780,S002,85.21,6,Wed,54
1781,S001,114.0,8,Wed,60
1782,S004,87.43,8,Fri,23
1783,S002,83.38,4,Thu,57
1784,S003,119.6,1,Sat,69
1785,S002,58.58,8,Wed,36
1786,S004,39.02,10,Mon,34
1787,S003,62.15,6,Tue,48
1788,S002,59.95,3,Sun,50
1789,S002,74.79,6,Sat,60
1790,S001,62.56,5,Mon,57
1791,S003,93.29,5,Sat,63
1792,S003,87.67,4,Sun,20
1793,S003,48.78,7,Tue,36
1794,S002,91.43,5,Tue,57
1795,S002,72.81,10,Wed,36
1796,S004,25.8,2,Wed,41
1797,S001,88.93,2,Sat,51
1798,S004,41.93,4,Thu,58
1799,S001,104.09,5,Thu,22
1800,S004,74.36,4,Wed,35
1801,S001,70.27,2,Sun,32
1802,S004,91.16,4,Sat,36
1803,S002,77.09,2,Thu,55
1804,S001,95.88,5,Sat,59
1805,S003,86.47,2,Fri,27
1806,S001,67.82,1,Tue,67
1807,S004,107.88,7,Sun,48
1808,S002,28.75,1,Fri,27
1809,S001,62.31,8,Thu,65
1810,S003,54.82,8,Mon,63
1811,S003,68.52,6,Mon,36
1812,S003,78.2,7,Sat,58
1813,S002,75.15,3,Mon,52
1814,S003,100.92,7,Fri,54
1815,S001,77.28,7,Thu,21
1816,S004,91.3,9,Thu,25
1817,S004,61.09,6,Sun,56
1818,S001,60.21,1,Mon,21
1819,S004,79.71,5,Fri,36
1820,S003,74.69,5,Sat,52
1821,S002,97.76,4,Wed,53
1822,S004,65.09,8,Sat,66
1823,S003,88.47,0,Sat,36
1824,S004,77.31,2,Mon,54
1825,S001,101.51,10,Fri,47
1826,S001,74.05,2,Mon,44
1827,S004,76.5,3,Thu,40
1828,S004,97.25,4,Fri,56
1829,S003,48.09,1,Wed,31
1830,S004,86.32,7,Tue,60
1831,S002,68.65,2,Thu,19
1832,S004,61.75,7,Sun,52
1833,S001,93.78,1,Sat,32
1834,S002,67.99,6,Wed,35
1835,S004,85.45,3,Wed,21
1836,S003,109.04,3,Thu,42
1837,S004,98.83,3,Wed,29
1838,S001,125.57,1,Mon,31
1839,S001,55.34,5,Thu,35
1840,S001,39.97,7,Mon,63
1841,S001,81.52,4,Tue,19
1842,S004,98.79,7,Thu,20
1843,S001,80.59,2,Mon,58
1844,S001,24.7,3,Sun,24
1845,S003,79.92,1,Tue,42
1846,S004,74.5,6,Thu,59
1847,S001,92.22,5,Wed,67
1848,S001,46.75,3,Tue,46
1849,S003,94.99,3,Sun,60
1850,S001,45.83,6,Wed,35
1851,S001,50.56,6,Tue,67
1852,S003,23.08,3,Fri,38
1853,S001,110.27,2,Tue,23
1854,S001,27.3,4,Wed,55
1855,S003,92.28,5,Thu,53
1856,S001,71.48,2,Sat,45
1857,S003,68.39,1,Sat,44
1858,S001,101.29,7,Mon,63
1859,S004,85.3,6,Fri,68
1860,S004,86.66,5,Thu,35
1861,S001,122.9,3,Fri,59
1862,S004,101.61,3,Sat,26
1863,S004,130.08,4,Sun,33
1864,S004,52.32,3,Tue,34
1865,S003,39.21,2,Sun,62
1866,S004,76.61,5,Sun,40
1867,S002,80.05,2,Thu,38
1868,S003,79.98,3,Mon,19
1869,S002,88.26,5,Wed,29
1870,S004,80.09,3,Mon,37
1871,S004,71.46,6,Fri,29
1872,S002,85.92,5,Sun,33
1873,S001,71.65,4,Thu,47
1874,S004,87.87,0,Mon,59
1875,S003,99.57,7,Wed,30
1876,S002,29.01,3,Sat,51
1877,S002,69.15,9,Tue,61
1878,S004,87.89,5,Wed,21
1879,S002,54.86,5,Tue,44
1880,S002,108.67,4,Mon,48
1881,S003,94.86,5,Thu,58
1882,S001,84.46,4,Mon,54
1883,S001,52.13,6,Wed,44
1884,S002,60.13,4,Wed,41
1885,S001,69.88,4,Wed,65
1886,S002,93.89,4,Mon,41
1887,S001,90.82,7,Thu,27
1888,S001,107.69,7,Fri,65
1889,S003,72.4,6,Sun,20
1890,S002,54.42,6,Fri,56
1891,S003,75.17,2,Mon,60
1892,S004,48.34,5,Mon,40
1893,S001,98.56,5,Fri,63
1894,S004,56.0,8,Fri,58
1895,S002,88.51,5,Mon,27
1896,S002,95.13,7,Mon,60
1897,S002,58.51,8,Mon,21
1898,S004,54.03,4,Sun,27
1899,S004,36.82,7,Tue,55
1900,S002,76.0,4,Thu,26
1901,S002,79.86,6,Sat,32
1902,S004,76.86,8,Tue,39
1903,S002,78.49,2,Tue,68
1904,S001,69.12,5,Tue,63
1905,S002,38.12,4,Sat,42
1906,S001,61.87,6,Sat,23
1907,S003,47.5,4,Sun,40
1908,S004,69.1,5,Sun,62
1909,S001,63.18,11,Sat,19
1910,S004,55.01,6,Wed,33
1911,S004,54.09,6,Wed,44
1912,S003,58.53,4,Sat,56
1913,S002,48.86,7,Tue,67
1914,S001,84.04,8,Sun,33
1915,S001,98.18,4,Sun,45
1916,S001,64.45,10,Tue,18
1917,S003,83.29,3,Tue,25
1918,S002,94.61,5,Wed,68
1919,S004,110.7,4,Wed,34
1920,S004,54.71,7,Thu,30
1921,S001,86.42,7,Wed,41
1922,S004,63.04,2,Tue,42
1923,S003,85.06,10,Sat,42
1924,S001,73.77,5,Wed,34
1925,S001,90.25,5,Mon,25
1926,S001,48.55,4,Wed,47
1927,S001,66.31,2,Thu,30
1928,S003,87.11,2,Mon,28
1929,S004,74.0,2,Fri,39
1930,S002,67.43,4,Sat,68
1931,S002,44.96,4,Thu,23
1932,S001,76.26,8,Sat,54
1933,S003,87.53,4,Sat,45
1934,S002,91.67,3,Wed,48
1935,S002,81.28,3,Sat,64
1936,S004,75.85,2,Mon,66
1937,S001,35.8,3,Thu,48
1938,S004,105.11,6,Mon,19
1939,S004,35.44,5,Tue,32
1940,S001,63.28,3,Tue,60
1941,S003,88.68,2,Fri,32
1942,S004,87.23,5,Mon,61
1943,S002,48.96,4,Sun,37
1944,S001,80.08,9,Wed,50
1945,S003,93.26,7,Fri,33
1946,S003,83.84,12,Thu,48
1947,S003,100.67,5,Wed,62
1948,S002,77.08,2,Sat,22
1949,S004,99.28,10,Fri,28
1950,S004,63.9,5,Tue,55
1951,S002,65.03,10,Sun,25
1952,S002,87.59,2,Wed,48
1953,S003,82.37,5,Wed,40
1954,S003,97.31,3,Thu,21
1955,S004,106.05,5,Tue,60
1956,S001,28.59,7,Sun,18
1957,S004,86.77,5,Thu,47
1958,S004,41.51,3,Sat,39
1959,S004,47.38,6,Fri,27
1960,S004,52.03,6,Thu,39
1961,S001,65.92,2,Thu,48
1962,S002,69.13,6,Fri,33
1963,S004,53.12,8,Tue,56
1964,S002,99.94,3,Mon,29
1965,S001,77.97,9,Sun,33
1966,S002,47.15,11,Thu,65
1967,S001,58.34,2,Sun,61
1968,S001,69.67,4,Fri,67
1969,S004,105.11,9,Thu,55
1970,S001,58.86,4,Sun,67
1971,S003,53.23,6,Thu,45
1972,S002,122.83,7,Sun,44
1973,S004,66.92,4,Wed,35
1974,S003,65.46,5,Thu,42
1975,S002,71.87,8,Sun,56
1976,S003,61.85,6,Fri,55
1977,S004,80.74,4,Sat,30
1978,S002,74.93,2,Fri,46
1979,S002,72.88,4,Wed,37
1980,S001,77.98,4,Wed,28
1981,S003,82.21,6,Mon,42
1982,S003,25.17,3,Wed,34
1983,S002,45.0,4,Thu,57
1984,S003,83.3,3,Tue,35
1985,S002,91.4,5,Mon,41
1986,S002,45.03,6,Wed,18
1987,S001,100.01,4,Wed,31
1988,S002,56.52,5,Sat,36
1989,S003,55.62,4,Wed,28
1990,S004,61.51,4,Mon,38
1991,S001,55.75,4,Thu,42
1992,S004,76.84,4,Thu,36
1993,S002,110.78,7,Thu,53
1994,S001,68.63,7,Tue,59
1995,S001,43.77,2,Thu,49
1996,S002,90.62,3,Thu,65
1997,S003,73.55,6,Sun,30
1998,S002,89.47,13,Fri,26
1999,S002,58.04,7,Wed,20
2000,S002,83.66,6,Tue,41
2001,S002,60.63,4,Tue,30
2002,S002,64.85,9,Mon,61
2003,S003,60.69,5,Sat,58
2004,S001,78.85,6,Wed,50
2005,S003,38.55,3,Sun,66
2006,S002,44.17,10,Fri,43
2007,S001,65.78,9,Mon,20
2008,S001,65.81,3,Fri,45
2009,S001,79.22,6,Mon,30
2010,S004,33.97,6,Thu,33
2011,S003,105.39,7,Mon,65
2012,S003,91.54,7,Wed,34
2013,S003,67.1,3,Fri,60
2014,S002,99.95,10,Fri,46
2015,S003,102.25,3,Mon,41
2016,S004,33.04,2,Thu,46
2017,S004,81.73,3,Tue,37
2018,S003,102.0,5,Mon,37
2019,S004,72.7,5,Tue,42
2020,S003,72.79,4,Tue,27
2021,S004,62.09,3,Fri,34
2022,S001,84.39,3,Sat,68
2023,S001,76.93,10,Wed,67
2024,S002,70.74,7,Wed,31
2025,S001,102.91,4,Fri,45
2026,S002,65.55,8,Sat,66
2027,S001,57.81,3,Fri,36
2028,S004,112.52,6,Thu,46
2029,S002,72.3,3,Sun,51
2030,S004,67.79,9,Wed,59
2031,S004,84.88,8,Wed,46
2032,S002,79.33,5,Fri,69
2033,S001,48.29,3,Thu,24
2034,S001,98.57,4,Fri,46
2035,S004,78.34,2,Sun,35
2036,S003,74.08,9,Mon,59
2037,S003,80.92,4,Sun,68
2038,S002,57.9,6,Fri,67
2039,S004,69.53,6,Mon,36
2040,S002,83.62,6,Sat,34
2041,S002,86.96,7,Thu,55
2042,S001,62.32,6,Thu,20
2043,S001,77.31,4,Mon,34
2044,S004,72.93,3,Mon,39
2045,S003,92.91,10,Tue,51
2046,S001,81.94,5,Tue,40
2047,S002,81.45,6,Sun,35
2048,S003,88.41,9,Tue,26
2049,S001,82.39,1,Sat,64
2050,S002,49.14,7,Mon,23
2051,S001,116.76,6,Mon,37
2052,S001,68.67,4,Thu,65
2053,S001,73.01,3,Fri,60
2054,S002,74.17,2,Sat,20
2055,S002,46.65,5,Thu,42
2056,S001,63.14,3,Mon,68
2057,S002,83.91,7,Sat,54
2058,S001,72.01,7,Fri,30
2059,S004,71.63,2,Tue,36
2060,S003,82.75,4,Tue,27
2061,S002,57.82,2,Wed,33
2062,S001,63.46,9,Mon,68
2063,S001,109.3,6,Thu,62
2064,S004,61.01,5,Fri,54
2065,S001,69.43,12,Sat,60
2066,S003,54.48,4,Mon,27
2067,S002,101.25,6,Fri,60
2068,S004,80.54,6,Fri,19
2069,S001,89.29,5,Tue,18
2070,S001,69.55,6,Sat,66
2071,S001,73.86,5,Fri,46
2072,S004,73.74,4,Sat,56
2073,S002,59.53,4,Fri,40
2074,S003,39.89,4,Thu,68
2075,S003,101.44,5,Fri,60
2076,S001,92.84,8,Mon,42
2077,S001,101.08,1,Tue,41
2078,S002,47.73,5,Mon,66
2079,S001,75.71,5,Sun,39
2080,S003,81.57,5,Fri,26
2081,S002,87.32,3,Mon,45
2082,S004,101.9,4,Thu,33
2083,S004,74.54,1,Tue,33
2084,S002,108.28,9,Mon,41
2085,S001,36.54,5,Sun,68
2086,S003,85.24,8,Thu,33
2087,S002,54.5,5,Mon,54
2088,S002,87.74,6,Thu,40
2089,S001,106.86,5,Sat,20
2090,S003,62.18,5,Sat,49
2091,S003,103.43,6,Fri,36
2092,S004,76.32,8,Sun,44
2093,S004,112.25,8,Mon,48
2094,S002,88.57,10,Thu,23
2095,S003,66.18,8,Sun,55
2096,S001,77.79,3,Wed,27
2097,S001,60.94,7,Wed,37
2098,S002,89.68,6,Tue,25
2099,S002,60.42,5,Mon,41
2100,S003,67.44,5,Tue,48
2101,S001,18.69,7,Tue,43
2102,S004,57.75,4,Fri,45
2103,S004,58.33,5,Fri,49
2104,S004,99.44,4,Sun,33
2105,S003,91.82,0,Mon,47
2106,S003,82.02,9,Wed,26
2107,S002,79.72,5,Fri,68
2108,S001,93.33,6,Sun,63
2109,S004,75.13,6,Sun,43
2110,S001,106.46,2,Wed,26
2111,S003,83.01,5,Sat,57
2112,S001,65.17,4,Thu,44
2113,S004,91.89,5,Sun,22
2114,S001,75.4,1,Fri,61
2115,S004,96.31,9,Mon,19
2116,S003,102.96,7,Sat,59
2117,S002,42.89,2,Sun,44
2118,S004,75.46,7,Fri,32
2119,S002,91.82,4,Thu,65
2120,S004,43.36,8,Wed,43
2121,S002,68.82,5,Tue,24
2122,S003,59.32,4,Sat,56
2123,S001,91.49,6,Sun,49
2124,S004,55.43,6,Sun,25
2125,S004,72.42,1,Wed,19
2126,S004,51.68,1,Mon,45
2127,S003,100.16,4,Sat,69
2128,S004,82.82,7,Fri,21
2129,S003,71.35,9,Fri,60
2130,S002,44.22,5,Mon,32
2131,S001,76.36,4,Sun,21
2132,S002,89.01,3,Sat,37
2133,S001,75.59,2,Mon,22
2134,S001,78.99,3,Sat,55
2135,S002,80.05,2,Wed,48
2136,S004,38.71,8,Fri,47
2137,S004,51.37,6,Thu,23
2138,S002,55.16,2,Sat,22
2139,S003,87.19,3,Sun,52
2140,S001,79.03,6,Wed,26
2141,S001,61.47,7,Mon,46
2142,S001,47.82,7,Fri,33
2143,S001,89.7,7,Sun,22
2144,S001,71.01,6,Wed,42
2145,S004,21.22,6,Mon,67
2146,S003,49.33,5,Thu,56
2147,S001,114.02,5,Sun,39
2148,S003,78.24,8,Wed,31
2149,S002,46.95,5,Thu,18
2150,S003,103.2,7,Sun,34
2151,S004,76.26,6,Sun,55
2152,S003,96.92,2,Fri,48
2153,S003,57.33,0,Wed,28
2154,S002,112.41,1,Mon,63
2155,S001,72.82,5,Sun,58
2156,S003,68.88,6,Wed,57
2157,S004,60.84,10,Fri,18
2158,S002,67.18,7,Sun,36
2159,S003,60.82,0,Sun,41
2160,S003,113.15,8,Thu,58
2161,S002,63.8,12,Wed,37
2162,S004,94.98,5,Tue,22
2163,S004,89.3,6,Sun,21
2164,S004,67.26,7,Fri,51
2165,S003,55.58,4,Thu,18
2166,S003,73.65,12,Thu,49
2167,S004,97.66,5,Sat,31
2168,S001,88.06,3,Wed,41
2169,S004,99.61,6,Wed,60
2170,S002,97.38,4,Thu,43
2171,S003,56.99,6,Wed,35
2172,S002,74.66,4,Wed,19
2173,S002,105.78,4,Fri,36
2174,S001,35.05,4,Sun,47
2175,S001,74.36,8,Wed,24
2176,S004,79.48,1,Thu,20
2177,S001,93.91,4,Wed,31
2178,S003,83.46,6,Thu,62
2179,S003,51.49,5,Thu,41
2180,S003,70.9,3,Tue,28
2181,S003,94.13,6,Fri,47
2182,S003,106.72,6,Thu,39
2183,S004,90.83,6,Fri,42
2184,S003,63.98,5,Wed,22
2185,S004,61.57,6,Mon,25
2186,S002,61.06,3,Mon,42
2187,S002,47.08,4,Sat,33
2188,S001,63.8,8,Thu,57
2189,S003,81.49,3,Wed,64
2190,S002,103.15,3,Sat,56
2191,S004,73.4,2,Thu,19
2192,S004,80.03,6,Tue,63
2193,S004,84.82,4,Wed,35
2194,S001,81.53,2,Sat,66
2195,S004,104.55,5,Thu,54
2196,S001,96.01,3,Sat,25
2197,S004,64.95,4,Sat,57
2198,S001,23.35,4,Wed,60
2199,S001,47.07,1,Fri,19
2200,S002,82.88,7,Tue,30
2201,S002,77.65,5,Fri,51
2202,S004,87.18,2,Sun,32
2203,S002,62.19,3,Sat,35
2204,S001,96.42,5,Sat,32
2205,S001,94.56,7,Sun,23
2206,S003,93.93,5,Tue,36
2207,S003,56.83,6,Mon,66
2208,S001,54.04,8,Wed,68
2209,S002,72.33,4,Wed,60
2210,S001,55.8,6,Sun,49
2211,S004,70.51,4,Wed,32
2212,S003,47.13,5,Tue,69
2213,S003,108.62,3,Wed,67
2214,S002,57.53,7,Sat,58
2215,S001,66.37,2,Thu,35
2216,S003,49.52,4,Wed,34
2217,S002,83.65,6,Sun,59
2218,S003,98.61,6,Fri,47
2219,S002,125.06,6,Wed,54
2220,S003,51.81,2,Fri,24
2221,S004,124.7,7,Fri,44
2222,S003,100.99,1,Sun,23
2223,S001,71.38,4,Sun,49
2224,S002,65.86,5,Mon,55
2225,S002,76.17,0,Thu,54
2226,S003,84.77,7,Wed,68
2227,S001,113.22,2,Wed,59
2228,S003,66.79,4,Thu,19
2229,S003,89.24,3,Mon,29
2230,S003,77.4,9,Fri,39
2231,S004,89.11,2,Sun,68
2232,S002,77.77,5,Sun,51
2233,S001,98.86,9,Thu,28
2234,S004,71.52,6,Tue,49
2235,S004,93.57,5,Sun,47
2236,S003,59.04,4,Mon,61
2237,S003,62.15,6,Sun,55
2238,S003,98.21,5,Fri,26
2239,S002,53.92,5,Wed,18
2240,S003,90.14,5,Wed,36
2241,S004,72.16,7,Mon,68
2242,S002,47.59,8,Tue,19
2243,S004,133.89,9,Mon,59
2244,S002,46.12,3,Sat,52
2245,S002,73.26,6,Sat,58
2246,S002,65.52,3,Sat,56
2247,S004,58.43,4,Fri,31
2248,S002,93.03,2,Fri,64
2249,S004,71.07,4,Sat,57
2250,S001,61.44,4,Thu,43
2251,S004,97.35,4,Fri,31
2252,S004,79.63,5,Wed,37
2253,S002,54.44,5,Fri,69
2254,S002,70.99,4,Wed,46
2255,S003,30.62,2,Sun,43
2256,S001,79.04,4,Fri,46
2257,S001,75.99,4,Sun,22
2258,S003,101.75,1,Fri,37
2259,S004,84.46,7,Tue,51
2260,S004,60.71,2,Fri,34
2261,S002,55.03,8,Tue,36
2262,S001,87.07,6,Sun,40
2263,S002,38.49,5,Sat,41
2264,S003,79.8,5,Fri,34
2265,S001,79.66,3,Wed,69
2266,S002,125.51,4,Mon,40
2267,S001,46.65,3,Tue,64
2268,S001,67.53,2,Sun,61
2269,S002,107.49,11,Sat,49
2270,S002,79.1,1,Tue,69
2271,S001,87.99,5,Sun,64
2272,S003,83.15,8,Fri,46
2273,S004,70.54,6,Sat,30
2274,S001,59.87,3,Fri,48
2275,S003,73.17,7,Mon,59
2276,S001,96.75,5,Sun,27
2277,S002,69.67,5,Sat,43
2278,S003,63.63,4,Mon,46
2279,S003,59.06,3,Mon,49
2280,S001,41.59,4,Wed,63
2281,S004,57.79,6,Sat,65
2282,S001,81.37,6,Fri,27
2283,S004,55.68,5,Tue,68
2284,S003,75.87,5,Sat,69
2285,S004,64.7,3,Thu,22
2286,S002,52.81,3,Fri,25
2287,S004,78.4,5,Sun,37
2288,S004,133.84,4,Sat,47
2289,S003,28.05,7,Tue,23
2290,S004,48.51,8,Tue,31
2291,S003,65.07,3,Wed,51
2292,S002,71.45,2,Fri,43
2293,S002,74.67,4,Mon,63
2294,S001,126.08,3,Thu,28
2295,S001,110.32,5,Sat,62
2296,S001,73.02,6,Sat,33
2297,S002,81.68,4,Mon,25
2298,S004,117.69,7,Sun,33
2299,S003,65.19,2,Fri,48
2300,S002,77.33,5,Sat,46
2301,S004,70.11,5,Tue,69
2302,S001,49.03,8,Sat,52
2303,S003,39.13,6,Sun,48
2304,S001,61.3,2,Thu,18
2305,S003,91.29,5,Tue,64
2306,S004,81.36,8,Fri,34
2307,S002,113.19,5,Wed,29
2308,S001,91.17,3,Thu,32
2309,S002,90.61,1,Thu,34
2310,S004,73.23,3,Fri,21
2311,S004,69.82,7,Sun,19
2312,S004,76.39,4,Wed,49
2313,S002,82.33,7,Fri,68
2314,S002,67.48,4,Thu,63
2315,S003,79.15,5,Thu,43
2316,S002,68.17,7,Sun,19
2317,S002,77.77,5,Fri,31
2318,S004,59.29,1,Sun,59
2319,S003,85.36,7,Sat,30
2320,S002,102.26,2,Tue,61
2321,S002,62.03,2,Sat,45
2322,S004,91.14,4,Thu,65
2323,S002,68.38,5,Sat,56
2324,S004,80.46,6,Sat,28
2325,S003,86.91,4,Fri,66
2326,S004,84.9,5,Fri,33
2327,S004,84.45,4,Wed,19
2328,S003,58.73,2,Sun,42
2329,S001,83.06,9,Fri,28
2330,S004,58.07,11,Wed,21
2331,S002,50.01,6,Thu,60
2332,S004,59.42,6,Mon,56
2333,S003,69.0,4,Wed,20
2334,S002,90.21,1,Fri,36
2335,S003,22.93,1,Fri,65
2336,S004,79.62,4,Sun,65
2337,S003,76.24,3,Wed,64
2338,S003,101.35,5,Tue,36
2339,S001,63.2,4,Mon,64
2340,S004,97.21,8,Mon,52
2341,S004,95.97,4,Mon,44
2342,S004,69.21,7,Sat,46
2343,S004,79.42,5,Wed,49
2344,S002,57.88,6,Thu,60
2345,S003,75.23,2,Tue,22
2346,S004,56.33,4,Tue,66
2347,S002,113.92,4,Thu,19
2348,S004,32.48,4,Sun,20
2349,S003,80.9,7,Sun,18
2350,S004,99.93,5,Tue,50
2351,S002,40.55,4,Mon,45
2352,S002,91.32,3,Thu,63
2353,S003,53.9,2,Wed,22
2354,S004,53.75,3,Mon,28
2355,S002,87.33,5,Sun,33
2356,S001,87.28,5,Sat,61
2357,S004,90.2,7,Fri,65
2358,S001,101.1,4,Mon,57
2359,S002,105.95,4,Mon,23
2360,S002,52.97,4,Fri,46
2361,S003,81.58,5,Mon,41
2362,S003,85.56,3,Thu,63
2363,S004,126.07,3,Sun,29
2364,S002,79.16,4,Fri,33
2365,S002,29.16,4,Fri,47
2366,S002,45.13,6,Mon,29
2367,S002,70.26,4,Tue,61
2368,S001,60.34,8,Fri,36
2369,S002,118.21,2,Mon,50
2370,S003,51.43,9,Thu,60
2371,S004,48.58,4,Sat,67
2372,S004,60.04,6,Wed,43
2373,S004,63.59,6,Thu,65
2374,S001,24.3,3,Wed,43
2375,S002,98.76,5,Tue,61
2376,S004,61.13,4,Tue,57
2377,S003,76.67,0,Thu,36
2378,S001,63.48,12,Fri,62
2379,S002,94.3,4,Fri,29
2380,S002,82.58,4,Fri,20
2381,S002,64.26,1,Tue,34
2382,S002,55.22,4,Tue,67
2383,S001,73.57,7,Sat,42
2384,S003,35.54,2,Tue,30
2385,S002,75.35,5,Mon,44
2386,S001,74.63,6,Wed,62
2387,S001,82.57,1,Thu,30
2388,S003,75.33,5,Mon,30
2389,S001,48.78,8,Sun,24
2390,S001,109.72,8,Sun,20
2391,S004,91.93,7,Thu,26
2392,S004,67.19,4,Tue,41
2393,S003,68.26,6,Tue,53
2394,S004,84.94,6,Fri,69
2395,S001,19.18,5,Fri,49
2396,S001,67.07,7,Thu,19
2397,S003,67.75,7,Sat,68
2398,S001,84.76,5,Wed,26
2399,S003,71.59,8,Fri,38
2400,S004,51.62,7,Wed,29
2401,S004,38.48,1,Sat,55
2402,S002,66.54,6,Tue,59
2403,S004,84.58,7,Wed,39
2404,S002,84.32,7,Sun,54
2405,S002,79.62,1,Mon,54
2406,S002,76.97,11,Thu,21
2407,S001,84.48,3,Sat,37
2408,S002,60.31,6,Sun,23
2409,S004,99.77,8,Wed,25
2410,S003,22.39,1,Sat,37
2411,S004,44.36,6,Mon,46
2412,S003,49.49,4,Thu,55
2413,S004,105.93,8,Tue,33
2414,S003,107.76,3,Fri,50
2415,S004,95.06,3,Wed,39
2416,S003,94.8,4,Wed,34
2417,S002,75.85,5,Mon,68
2418,S003,65.46,3,Fri,36
2419,S002,97.6,9,Tue,33
2420,S004,88.42,6,Thu,38
2421,S003,68.45,7,Mon,36
2422,S003,89.63,7,Tue,30
2423,S004,58.3,3,Fri,39
2424,S002,70.58,6,Tue,62
2425,S002,91.61,4,Sat,31
2426,S001,72.78,2,Tue,60
2427,S001,54.87,3,Thu,29
2428,S001,59.26,4,Wed,39
2429,S003,80.71,9,Sun,51
2430,S003,51.26,6,Wed,30
2431,S003,21.29,6,Sun,52
2432,S004,98.67,3,Tue,20
2433,S001,64.96,4,Sat,23
2434,S004,59.74,2,Mon,66
2435,S001,59.8,5,Sat,68
2436,S001,40.19,0,Tue,38
2437,S003,67.86,3,Thu,69
2438,S002,68.41,5,Sat,57
2439,S001,78.09,4,Mon,55
2440,S002,42.7,2,Sun,60
2441,S004,59.37,7,Sat,38
2442,S003,93.61,5,Sat,23
2443,S001,66.34,4,Mon,29
2444,S003,45.51,4,Thu,50
2445,S004,49.48,5,Sun,60
2446,S002,57.09,5,Tue,21
2447,S003,97.24,6,Fri,32
2448,S003,66.19,6,Thu,32
2449,S001,69.87,7,Sat,66
2450,S002,48.98,6,Tue,67
2451,S004,53.91,5,Fri,62
2452,S001,110.85,3,Tue,44
2453,S003,85.69,5,Mon,59
2454,S003,72.89,8,Sat,64
2455,S002,100.08,7,Wed,44
2456,S004,72.45,6,Thu,57
2457,S004,77.68,4,Wed,38
2458,S003,70.03,6,Fri,56
2459,S004,66.99,6,Fri,38
2460,S001,70.77,5,Mon,23
2461,S002,98.47,5,Thu,32
2462,S003,85.18,5,Wed,47
2463,S004,71.83,3,Sat,63
2464,S004,88.83,9,Sat,27
2465,S001,72.8,8,Wed,64
2466,S004,79.2,2,Thu,36
2467,S001,69.63,7,Wed,29
2468,S002,70.58,5,Fri,41
2469,S003,103.18,8,Mon,41
2470,S001,65.64,5,Mon,29
2471,S004,50.09,7,Mon,57
2472,S004,59.83,2,Sun,50
2473,S002,64.11,8,Wed,65
2474,S001,100.98,7,Thu,21
2475,S003,73.19,8,Mon,52
2476,S004,60.92,6,Wed,22
2477,S001,37.76,3,Tue,36
2478,S004,102.83,4,Mon,51
2479,S003,33.99,11,Wed,69
2480,S001,96.34,3,Fri,46
2481,S004,95.05,6,Tue,21
2482,S003,56.91,7,Wed,34
2483,S001,68.89,3,Fri,30
2484,S001,70.37,4,Fri,32
2485,S002,72.47,6,Thu,28
2486,S003,58.39,3,Wed,23
2487,S001,58.88,3,Mon,34
2488,S002,70.15,3,Fri,59
2489,S001,35.96,6,Sat,44
2490,S004,60.53,4,Wed,49
2491,S002,83.95,3,Sat,35
2492,S001,77.52,5,Mon,54
2493,S004,87.09,5,Thu,59
2494,S004,54.64,3,Wed,32
2495,S004,70.4,5,Mon,30
2496,S002,96.04,3,Mon,38
2497,S004,79.42,6,Thu,47
2498,S003,32.92,6,Tue,63
2499,S001,84.53,7,Wed,47
2500,S003,63.48,8,Sat,33
2501,S004,60.92,4,Wed,61
2502,S004,47.69,8,Wed,45
2503,S003,56.62,1,Wed,18
2504,S002,77.28,5,Fri,69
2505,S004,73.74,4,Thu,60
2506,S004,93.57,7,Thu,56
2507,S003,28.77,8,Wed,47
2508,S004,31.59,5,Sat,46
2509,S004,87.69,7,Tue,18
2510,S002,42.97,3,Sun,18
2511,S002,70.69,6,Wed,39
2512,S002,105.55,7,Sat,32
2513,S002,61.45,12,Fri,24
2514,S002,113.55,4,Sun,31
2515,S004,90.72,6,Wed,60
2516,S001,69.69,2,Sun,55
2517,S004,57.23,4,Tue,42
2518,S004,79.51,9,Thu,47
2519,S001,64.3,1,Wed,34
2520,S003,63.76,4,Mon,62
2521,S001,86.48,5,Tue,49
2522,S002,81.22,4,Thu,31
2523,S004,105.55,6,Wed,63
2524,S002,67.07,12,Sun,58
2525,S001,70.94,8,Thu,64
2526,S003,101.78,3,Sat,51
2527,S003,83.12,3,Sun,50
2528,S004,53.9,5,Wed,40
2529,S001,53.98,3,Tue,59
2530,S002,54.92,5,Wed,24
2531,S002,42.57,3,Sun,68
2532,S003,52.68,4,Fri,52
2533,S004,64.14,4,Tue,42
2534,S001,41.24,7,Sat,23
2535,S002,117.94,6,Tue,27
2536,S003,64.31,5,Mon,44
2537,S004,51.54,6,Fri,25
2538,S003,80.66,5,Tue,22
2539,S004,88.94,0,Thu,54
2540,S001,67.89,6,Mon,68
2541,S003,48.58,6,Wed,66
2542,S002,104.68,3,Mon,55
2543,S004,104.9,2,Mon,42
2544,S003,73.31,2,Tue,26
2545,S004,51.98,7,Wed,67
2546,S003,80.35,7,Mon,46
2547,S003,36.62,5,Mon,58
2548,S001,101.75,8,Sat,69
2549,S002,95.65,4,Wed,52
2550,S003,83.59,5,Fri,56
2551,S001,53.05,3,Mon,25
2552,S004,97.46,5,Sat,55
2553,S004,72.48,3,Wed,68
2554,S003,67.09,7,Sun,64
2555,S002,86.46,4,Sat,32
2556,S004,60.17,5,Wed,58
2557,S003,75.51,2,Mon,68
2558,S004,71.51,4,Sun,20
2559,S001,62.82,3,Mon,40
2560,S003,28.03,6,Mon,27
2561,S003,57.02,6,Fri,67
2562,S003,95.03,1,Sat,60
2563,S001,62.64,8,Sun,25
2564,S003,139.29,4,Tue,24
2565,S003,109.03,5,Mon,58
2566,S001,71.33,3,Fri,43
2567,S004,82.7,8,Tue,58
2568,S001,132.56,3,Sun,22
2569,S002,68.32,9,Sat,59
2570,S001,67.53,5,Sun,46
2571,S004,72.74,3,Wed,38
2572,S003,78.63,7,Sat,34
2573,S003,63.48,5,Mon,60
2574,S001,64.32,2,Fri,33
2575,S002,103.76,3,Tue,45
2576,S001,75.81,2,Wed,59
2577,S002,62.63,6,Fri,39
2578,S001,83.04,7,Sat,28
2579,S002,82.05,6,Thu,52
2580,S002,62.88,11,Tue,40
2581,S003,63.7,5,Wed,64
2582,S002,76.84,7,Sun,28
2583,S003,78.1,5,Thu,36
2584,S001,105.9,4,Sun,30
2585,S001,55.64,6,Sat,62
2586,S001,63.43,5,Sun,36
2587,S001,82.11,4,Sun,55
2588,S001,84.03,4,Thu,46
2589,S003,36.8,7,Wed,40
2590,S001,80.0,3,Mon,59
2591,S002,57.67,6,Tue,42
2592,S004,91.1,9,Sun,38
2593,S003,58.71,3,Sat,38
2594,S002,70.04,8,Tue,32
2595,S004,78.15,3,Fri,58
2596,S004,80.88,11,Sun,58
2597,S003,71.09,4,Thu,51
2598,S002,67.84,5,Tue,21
2599,S004,55.99,5,Wed,22
2600,S004,62.44,3,Tue,63
2601,S003,47.44,3,Mon,28
2602,S001,105.78,3,Mon,20
2603,S004,76.95,8,Mon,18
2604,S003,43.7,3,Mon,57
2605,S003,87.34,6,Mon,62
2606,S002,43.51,6,Fri,46
2607,S003,57.18,4,Sat,49
2608,S003,74.23,4,Mon,68
2609,S001,54.73,4,Wed,44
2610,S004,69.63,3,Tue,41
2611,S002,84.49,5,Wed,21
2612,S003,37.94,1,Fri,57
2613,S002,105.64,9,Wed,64
2614,S004,88.6,2,Wed,61
2615,S003,61.95,4,Wed,49
2616,S003,115.16,4,Wed,25
2617,S002,53.08,7,Tue,36
2618,S001,96.04,6,Mon,44
2619,S004,68.53,7,Sun,35
2620,S004,113.49,4,Tue,51
2621,S004,81.58,3,Sun,58
2622,S003,71.05,1,Sun,58
2623,S003,71.8,6,Tue,24
2624,S003,72.96,5,Wed,30
2625,S002,72.26,8,Thu,37
2626,S004,68.32,3,Fri,25
2627,S004,66.57,5,Sat,58
2628,S004,62.45,5,Sat,69
2629,S001,74.82,8,Sat,44
2630,S003,79.99,7,Fri,38
2631,S004,87.5,6,Tue,51
2632,S004,79.09,5,Sat,62
2633,S003,74.04,5,Fri,45
2634,S003,66.29,4,Fri,58
2635,S004,78.78,4,Sat,20
2636,S002,78.06,6,Sat,34
2637,S002,67.27,1,Wed,44
2638,S002,95.42,4,Sun,33
2639,S002,88.65,2,Fri,58
2640,S001,61.11,3,Thu,46
2641,S002,59.62,7,Wed,62
2642,S004,63.45,7,Fri,25
2643,S004,75.26,3,Tue,26
2644,S004,58.2,4,Wed,46
2645,S002,70.69,5,Wed,29
2646,S003,83.9,1,Sat,36
2647,S004,69.66,11,Sun,40
2648,S002,78.48,2,Mon,23
2649,S001,64.57,5,Thu,63
2650,S001,57.02,3,Sun,27
2651,S004,81.36,10,Thu,40
2652,S003,39.88,2,Mon,32
2653,S001,123.83,5,Sun,27
2654,S002,54.77,4,Wed,53
2655,S002,59.57,5,Tue,26
2656,S001,68.85,7,Thu,59
2657,S004,61.49,5,Thu,32
2658,S004,61.87,6,Mon,26
2659,S001,81.1,7,Thu,52
2660,S002,71.88,9,Fri,30
2661,S003,65.54,6,Fri,62
2662,S002,44.73,6,Fri,43
2663,S003,55.61,1,Sat,20
2664,S003,77.3,5,Fri,65
2665,S001,77.66,4,Wed,25
2666,S004,46.63,4,Sat,46
2667,S003,70.79,6,Sat,63
2668,S002,25.29,1,Sun,60
2669,S004,82.7,3,Sun,49
2670,S004,66.08,6,Thu,37
2671,S002,95.57,5,Fri,45
2672,S001,83.47,5,Wed,24
2673,S004,97.94,6,Thu,50
2674,S003,66.93,4,Sat,48
2675,S002,73.56,3,Mon,57
2676,S003,58.02,6,Mon,33
2677,S002,92.52,2,Tue,29
2678,S002,77.25,8,Sat,42
2679,S004,71.45,4,Fri,37
2680,S002,99.12,3,Wed,41
2681,S004,37.91,4,Sun,28
2682,S002,95.4,5,Sat,41
2683,S004,58.57,10,Sat,24
2684,S004,76.26,7,Mon,33
2685,S001,37.76,2,Fri,26
2686,S004,78.1,5,Wed,32
2687,S004,59.81,6,Wed,57
2688,S004,51.58,5,Wed,65
2689,S001,103.06,4,Sat,68
2690,S003,47.48,4,Thu,34
2691,S003,66.51,1,Mon,69
2692,S001,83.87,5,Sat,66
2693,S004,84.6,8,Fri,31
2694,S004,48.13,6,Fri,22
2695,S002,67.41,4,Fri,56
2696,S003,109.43,0,Mon,52
2697,S004,65.78,6,Thu,30
2698,S004,111.85,4,Sun,65
2699,S003,81.11,4,Tue,44
2700,S004,85.36,7,Thu,33
2701,S001,29.73,7,Wed,51
2702,S004,66.33,5,Wed,49
2703,S004,100.79,5,Sat,50
2704,S003,66.43,6,Thu,62
2705,S001,58.99,6,Tue,35
2706,S002,66.25,3,Tue,19
2707,S003,85.4,6,Mon,44
2708,S002,55.82,4,Sat,21
2709,S002,64.76,5,Sun,60
2710,S001,56.16,3,Wed,69
2711,S002,52.63,4,Mon,68
2712,S001,107.24,6,Wed,67
2713,S004,49.51,7,Tue,64
2714,S001,89.14,2,Mon,27
2715,S003,77.44,4,Sun,52
2716,S002,98.96,8,Thu,23
2717,S001,87.73,5,Sun,56
2718,S003,73.54,5,Fri,42
2719,S001,94.52,5,Thu,33
2720,S002,66.65,7,Thu,44
2721,S002,74.97,1,Thu,63
2722,S003,59.76,5,Fri,49
2723,S003,64.31,3,Wed,39
2724,S003,83.81,8,Mon,39
2725,S003,48.52,3,Sun,62
2726,S003,103.85,8,Fri,46
2727,S002,83.13,6,Sun,63
2728,S004,106.27,9,Wed,67
2729,S003,75.31,6,Fri,59
2730,S004,65.95,8,Mon,68
2731,S003,96.51,4,Thu,64
2732,S003,99.07,1,Tue,68
2733,S003,57.58,5,Sat,42
2734,S002,79.08,1,Sun,27
2735,S004,79.94,4,Thu,47
2736,S002,71.45,7,Fri,57
2737,S001,51.99,1,Tue,35
2738,S003,50.24,10,Mon,27
2739,S003,123.27,3,Thu,38
2740,S004,98.5,4,Wed,45
2741,S002,106.94,1,Fri,53
2742,S002,41.87,6,Sat,48
2743,S002,28.37,3,Wed,35
2744,S003,101.79,6,Fri,36
2745,S004,54.53,5,Sun,56
2746,S001,94.66,4,Thu,34
2747,S001,87.77,1,Wed,62
2748,S002,88.33,6,Fri,53
2749,S004,72.93,2,Wed,24
2750,S002,95.59,4,Mon,48
2751,S002,80.36,0,Wed,60
2752,S002,64.3,5,Fri,63
2753,S001,66.43,5,Sun,48
2754,S001,50.81,3,Mon,18
2755,S002,71.05,4,Wed,43
2756,S004,85.21,5,Fri,27
2757,S001,96.98,5,Thu,25
2758,S002,68.33,4,Thu,32
2759,S001,65.82,7,Sun,44
2760,S003,58.44,6,Mon,59
2761,S003,69.73,2,Tue,58
2762,S001,60.61,5,Wed,62
2763,S002,74.91,6,Fri,35
2764,S001,69.39,2,Sun,66
2765,S004,111.63,6,Fri,60
2766,S002,69.6,6,Mon,55
2767,S002,106.87,7,Tue,56
2768,S002,62.92,6,Fri,28
2769,S002,71.28,3,Sat,34
2770,S004,70.03,5,Tue,55
2771,S001,71.63,6,Mon,68
2772,S001,50.7,5,Mon,56
2773,S003,66.04,3,Tue,30
2774,S002,82.63,5,Mon,41
2775,S003,81.2,7,Thu,42
2776,S004,82.35,9,Tue,66
2777,S001,64.78,4,Wed,41
2778,S001,52.48,6,Mon,44
2779,S002,84.05,7,Sun,40
2780,S001,28.6,3,Tue,25
2781,S004,100.53,6,Thu,44
2782,S004,75.14,5,Mon,49
2783,S002,92.91,6,Sat,50
2784,S003,71.53,8,Mon,54
2785,S002,58.31,9,Thu,59
2786,S004,99.0,7,Fri,64
2787,S001,87.06,5,Wed,23
2788,S001,75.13,3,Fri,69
2789,S001,64.53,4,Sat,18
2790,S004,103.15,6,Tue,43
2791,S003,106.02,4,Mon,46
2792,S002,62.94,5,Fri,53
2793,S003,61.42,6,Thu,26
2794,S001,66.49,9,Sat,46
2795,S002,49.04,3,Tue,55
2796,S004,70.7,8,Fri,52
2797,S004,78.97,4,Fri,22
2798,S003,38.74,7,Thu,53
2799,S002,60.7,9,Thu,40
2800,S001,93.75,3,Wed,67
2801,S003,76.87,3,Sun,66
2802,S004,30.63,7,Wed,55
2803,S002,79.27,7,Sat,29
2804,S002,93.38,4,Sat,54
2805,S004,95.88,8,Fri,47
2806,S001,93.26,7,Sat,55
2807,S001,63.6,2,Mon,51
2808,S004,63.46,5,Wed,59
2809,S004,67.22,2,Fri,21
2810,S001,92.65,2,Tue,25
2811,S003,54.39,5,Wed,37
2812,S003,61.61,7,Sat,48
2813,S002,83.91,8,Thu,25
2814,S002,67.36,5,Thu,63
2815,S003,44.32,5,Sat,65
2816,S002,81.66,4,Thu,54
2817,S003,96.3,3,Thu,28
2818,S002,60.17,6,Mon,35
2819,S003,71.4,3,Sun,66
2820,S002,68.73,3,Wed,66
2821,S002,75.66,2,Wed,56
2822,S003,92.44,6,Sun,31
2823,S001,81.64,5,Tue,42
2824,S003,64.01,5,Sat,37
2825,S003,62.29,3,Thu,59
2826,S004,84.71,6,Fri,57
2827,S001,47.29,9,Mon,31
2828,S002,54.67,7,Fri,50
2829,S001,81.41,2,Fri,61
2830,S001,83.59,4,Mon,38
2831,S001,59.28,3,Mon,54
2832,S004,71.19,2,Fri,46
2833,S004,103.43,0,Fri,27
2834,S002,47.11,5,Fri,52
2835,S003,75.16,4,Sun,68
2836,S001,53.48,6,Sun,40
2837,S002,99.36,11,Mon,36
2838,S002,51.42,5,Fri,69
2839,S004,67.66,3,Mon,26
2840,S003,72.55,9,Wed,67
2841,S003,61.54,4,Mon,52
2842,S004,68.42,5,Tue,55
2843,S001,74.22,3,Wed,32
2844,S004,86.84,7,Tue,57
2845,S002,41.05,5,Sun,33
2846,S004,70.02,8,Tue,61
2847,S003,66.99,3,Tue,52
2848,S001,67.08,5,Sun,47
2849,S002,106.83,1,Wed,51
2850,S002,63.3,4,Thu,65
2851,S003,93.79,5,Wed,20
2852,S004,84.95,4,Mon,54
2853,S002,65.59,6,Sun,28
2854,S004,84.81,4,Mon,27
2855,S002,76.67,4,Mon,58
2856,S003,82.85,5,Thu,65
2857,S002,63.3,4,Sat,51
2858,S002,96.32,9,Fri,67
2859,S001,65.35,5,Sat,61
2860,S002,70.48,3,Wed,35
2861,S003,99.32,5,Tue,18
2862,S002,71.8,6,Tue,67
2863,S003,73.03,3,Tue,58
2864,S004,85.71,5,Tue,57
2865,S003,108.38,5,Wed,26
2866,S004,63.97,7,Sat,62
2867,S002,77.84,8,Thu,31
2868,S003,82.75,1,Sat,57
2869,S001,68.51,4,Thu,32
2870,S003,64.02,4,Thu,31
2871,S004,95.71,5,Sat,24
2872,S004,67.31,0,Fri,55
2873,S001,103.38,4,Thu,58
2874,S003,48.77,6,Sun,66
2875,S002,80.87,2,Sat,40
2876,S003,87.26,8,Tue,53
2877,S003,84.1,5,Fri,63
2878,S003,57.5,4,Fri,66
2879,S001,48.33,6,Fri,26
2880,S001,58.7,4,Fri,56
2881,S001,96.06,6,Fri,41
2882,S001,100.51,5,Wed,36
2883,S001,63.27,2,Tue,53
2884,S002,115.34,5,Fri,57
2885,S003,70.86,4,Sat,60
2886,S003,91.19,5,Thu,65
2887,S002,74.88,1,Mon,32
2888,S002,70.65,8,Mon,54
2889,S002,93.96,6,Sun,69
2890,S002,100.49,5,Fri,45
2891,S001,97.85,5,Tue,18
2892,S003,75.21,6,Thu,46
2893,S002,81.48,5,Sat,30
2894,S004,82.24,9,Sun,58
2895,S002,116.53,8,Wed,39
2896,S003,58.7,6,Mon,63
2897,S004,73.51,6,Tue,21
2898,S002,56.96,3,Thu,69
2899,S001,73.9,7,Sat,41
2900,S001,65.99,6,Tue,52
2901,S004,89.2,7,Tue,34
2902,S001,54.7,3,Fri,62
2903,S004,112.44,7,Mon,27
2904,S002,87.91,5,Tue,67
2905,S003,45.57,8,Sat,60
2906,S004,59.77,5,Sun,46
2907,S002,62.91,9,Sat,22
2908,S004,43.39,2,Fri,18
2909,S003,102.37,4,Fri,64
2910,S001,60.82,6,Sat,68
2911,S001,64.28,4,Wed,56
2912,S004,52.72,11,Mon,47
2913,S003,76.09,7,Fri,40
2914,S002,70.69,4,Thu,50
2915,S002,76.83,7,Tue,61
2916,S002,86.42,7,Wed,61
2917,S004,64.47,7,Tue,52
2918,S001,69.3,5,Fri,47
2919,S004,56.15,6,Wed,42
2920,S004,26.39,8,Wed,64
2921,S004,72.64,9,Wed,45
2922,S002,45.67,4,Sat,30
2923,S003,94.87,4,Wed,61
2924,S004,78.93,5,Thu,67
2925,S002,82.37,4,Sat,67
2926,S004,68.62,9,Fri,60
2927,S004,47.66,6,Sat,41
2928,S002,95.46,6,Wed,43
2929,S003,81.47,5,Sat,29
2930,S003,52.68,4,Thu,62
2931,S001,96.9,3,Sun,24
2932,S004,60.68,6,Sun,21
2933,S001,93.07,6,Sun,46
2934,S002,87.87,4,Sat,69
2935,S004,72.69,10,Wed,61
2936,S002,96.12,7,Sun,64
2937,S001,87.51,6,Fri,22
2938,S002,38.43,4,Fri,64
2939,S002,92.73,3,Wed,68
2940,S003,120.06,3,Sun,59
2941,S004,94.79,4,Wed,47
2942,S004,76.88,5,Wed,18
2943,S004,76.12,7,Wed,40
2944,S002,62.12,6,Fri,41
2945,S003,64.61,8,Thu,68
2946,S001,72.77,1,Wed,62
2947,S004,63.09,4,Mon,35
2948,S002,75.61,4,Thu,66
2949,S003,115.79,2,Sat,56
2950,S003,56.35,5,Thu,22
2951,S004,99.0,6,Thu,49
2952,S003,71.99,6,Wed,32
2953,S003,73.57,6,Mon,69
2954,S002,72.6,4,Thu,50
2955,S001,108.67,6,Sat,44
2956,S003,67.36,4,Sat,36
2957,S001,95.84,6,Sun,27
2958,S003,99.79,4,Thu,35
2959,S003,52.98,6,Wed,39
2960,S003,81.72,3,Mon,26
2961,S004,82.17,7,Sat,28
2962,S004,81.18,4,Sun,50
2963,S004,59.44,4,Thu,66
2964,S001,79.94,4,Wed,20
2965,S001,73.91,5,Sun,45
2966,S004,51.28,4,Mon,61
2967,S001,59.57,4,Fri,58
2968,S002,62.23,2,Sat,51
2969,S001,86.2,2,Thu,52
2970,S002,110.25,7,Tue,44
2971,S004,73.67,5,Wed,54
2972,S002,48.83,3,Wed,68
2973,S004,62.38,2,Mon,26
2974,S004,74.24,5,Wed,46
2975,S004,62.65,6,Sat,37
2976,S001,82.58,2,Sat,53
2977,S003,70.72,6,Mon,31
2978,S003,51.58,4,Mon,20
2979,S002,101.04,4,Sat,28
2980,S003,89.19,3,Sun,24
2981,S004,74.93,9,Tue,54
2982,S003,77.92,2,Wed,62
2983,S002,75.82,3,Sun,62
2984,S004,79.45,5,Sat,33
2985,S001,52.35,2,Sun,18
2986,S004,102.36,3,Mon,48
2987,S004,95.92,3,Sat,48
2988,S002,44.25,3,Wed,34
2989,S001,41.0,3,Fri,37
2990,S004,98.03,4,Sun,40
2991,S001,69.34,3,Wed,32
2992,S004,72.46,6,Tue,38
2993,S004,75.35,7,Mon,45
2994,S002,87.31,4,Sun,22
2995,S004,133.49,6,Fri,30
2996,S004,76.1,3,Fri,37
2997,S004,66.83,8,Fri,52
2998,S003,66.84,3,Fri,33
2999,S001,73.23,1,Sun,29
3000,S002,61.33,2,Tue,50
3001,S002,77.81,6,Wed,31
3002,S002,73.6,3,Sun,21
3003,S004,64.02,5,Tue,39
3004,S001,60.12,5,Sat,42
3005,S003,76.56,6,Tue,31
3006,S003,63.27,7,Tue,57
3007,S002,35.35,7,Fri,58
3008,S001,64.25,8,Tue,50
3009,S003,72.92,5,Sat,44
3010,S002,50.44,1,Sat,29
3011,S003,92.84,5,Fri,61
3012,S003,91.1,6,Sat,44
3013,S001,90.81,6,Thu,49
3014,S002,78.38,4,Wed,25
3015,S003,91.21,7,Thu,43
3016,S004,68.72,10,Tue,29
3017,S004,53.52,5,Fri,20
3018,S003,92.41,6,Fri,19
3019,S001,95.9,10,Fri,69
3020,S001,48.87,3,Sun,48
3021,S003,68.42,6,Mon,33
3022,S001,76.93,2,Thu,22
3023,S001,107.5,3,Mon,18
3024,S004,95.17,5,Thu,67
3025,S002,90.25,3,Tue,34
3026,S002,61.24,5,Wed,58
3027,S003,74.25,5,Fri,45
3028,S003,71.33,6,Sun,47
3029,S003,63.0,10,Sun,51
3030,S004,62.01,5,Sun,40
3031,S004,112.21,7,Wed,57
3032,S001,68.98,3,Fri,23
3033,S004,90.76,4,Tue,22
3034,S002,81.66,8,Fri,55
3035,S004,75.82,7,Sat,21
3036,S003,56.22,8,Mon,56
3037,S002,99.1,3,Fri,54
3038,S001,71.79,6,Mon,42
3039,S002,88.28,2,Fri,59
3040,S004,98.09,7,Mon,54
3041,S004,65.62,7,Fri,21
3042,S001,94.02,9,Thu,56
3043,S003,81.91,5,Fri,40
3044,S001,87.65,5,Mon,46
3045,S001,91.82,6,Sat,31
3046,S001,142.59,8,Sun,38
3047,S001,63.84,5,Mon,60
3048,S004,29.43,5,Wed,40
3049,S003,100.37,7,Tue,67
3050,S002,71.64,7,Tue,65
3051,S003,86.49,6,Tue,22
3052,S003,50.46,5,Sat,65
3053,S001,128.99,7,Sun,53
3054,S003,99.89,5,Sun,22
3055,S001,115.48,3,Mon,41
3056,S002,50.22,3,Sat,59
3057,S001,49.91,3,Mon,42
3058,S002,109.63,3,Wed,65
3059,S003,32.49,5,Sun,38
3060,S001,82.86,2,Sun,61
3061,S004,89.17,6,Sun,50
3062,S002,58.14,2,Fri,24
3063,S003,73.3,3,Sun,28
3064,S002,107.59,3,Fri,40
3065,S001,62.68,2,Wed,18
3066,S004,93.48,2,Wed,60
3067,S002,116.05,5,Wed,40
3068,S002,91.46,3,Sat,22
3069,S002,84.89,5,Wed,30
3070,S003,92.28,3,Tue,56
3071,S004,69.54,6,Sun,65
3072,S004,91.27,9,Thu,69
3073,S004,67.52,4,Tue,62
3074,S002,84.76,1,Mon,31
3075,S002,108.14,5,Tue,22
3076,S002,82.63,6,Tue,41
3077,S002,49.2,4,Wed,54
3078,S001,114.28,4,Fri,21
3079,S001,73.84,5,Fri,19
3080,S003,71.88,5,Mon,30
3081,S002,61.17,5,Mon,63
3082,S003,46.97,3,Mon,52
3083,S004,82.45,4,Thu,38
3084,S002,62.26,3,Mon,37
3085,S001,62.39,8,Sat,69
3086,S002,22.48,3,Wed,41
3087,S004,74.01,3,Sun,69
3088,S003,55.33,6,Fri,32
3089,S002,95.05,2,Mon,39
3090,S001,67.48,8,Fri,52
3091,S004,101.14,3,Fri,41
3092,S004,50.46,4,Sat,61
3093,S003,59.35,3,Sat,36
3094,S002,73.24,6,Sat,68
3095,S001,72.26,5,Thu,64
3096,S002,33.63,2,Thu,18
3097,S001,101.27,6,Wed,52
3098,S003,64.16,4,Tue,35
3099,S004,37.62,2,Wed,43
3100,S003,66.54,3,Fri,61
3101,S004,99.86,4,Thu,67
3102,S002,34.6,4,Wed,33
3103,S004,98.17,7,Wed,51
3104,S001,81.68,7,Sun,37
3105,S003,71.92,1,Mon,22
3106,S004,68.42,11,Fri,46
3107,S004,85.86,5,Sat,29
3108,S002,86.1,2,Sun,65
3109,S002,91.1,6,Thu,45
3110,S002,55.17,5,Sun,30
3111,S001,70.15,9,Thu,48
3112,S002,83.79,4,Thu,35
3113,S004,97.58,3,Sat,50
3114,S001,106.08,9,Wed,44
3115,S002,75.41,13,Thu,36
3116,S004,137.19,3,Fri,69
3117,S001,62.77,4,Thu,23
3118,S004,87.84,5,Mon,37
3119,S002,82.1,5,Fri,42
3120,S002,63.83,4,Sun,35
3121,S001,102.21,6,Mon,57
3122,S003,92.15,5,Sat,47
3123,S004,118.74,7,Mon,67
3124,S004,33.32,4,Thu,69
3125,S003,72.18,2,Thu,20
3126,S003,70.58,5,Sun,27
3127,S004,81.91,5,Tue,19
3128,S001,110.44,4,Thu,51
3129,S003,79.21,6,Wed,63
3130,S002,73.12,3,Sun,67
3131,S001,61.12,6,Wed,67
3132,S003,46.12,2,Sun,60
3133,S002,46.37,4,Mon,47
3134,S002,101.95,3,Mon,39
3135,S004,98.44,5,Wed,61
3136,S001,77.0,6,Tue,51
3137,S003,24.94,6,Mon,34
3138,S002,86.2,5,Wed,22
3139,S004,40.18,2,Sun,69
3140,S003,88.53,6,Fri,69
3141,S002,98.29,7,Mon,63
3142,S004,77.22,7,Sun,61
3143,S002,95.57,3,Sat,47
3144,S004,55.36,7,Sun,37
3145,S004,44.09,6,Wed,27
3146,S001,58.55,5,Mon,30
3147,S003,62.12,6,Sat,28
3148,S004,73.58,13,Mon,52
3149,S002,114.11,2,Mon,43
3150,S003,68.98,4,Wed,55
3151,S003,31.39,5,Mon,55
3152,S003,66.68,5,Thu,63
3153,S001,70.83,5,Mon,36
3154,S004,75.65,7,Sun,31
3155,S004,89.74,3,Tue,32
3156,S004,71.12,4,Fri,32
3157,S004,75.44,0,Thu,34
3158,S002,62.6,4,Wed,63
3159,S004,50.28,3,Fri,63
3160,S003,75.65,6,Fri,65
3161,S004,71.37,9,Fri,40
3162,S004,57.64,5,Thu,28
3163,S004,50.2,10,Tue,18
3164,S004,129.32,6,Thu,62
3165,S001,92.11,4,Sun,51
3166,S003,75.6,0,Wed,19
3167,S001,66.75,3,Sat,41
3168,S003,109.01,7,Tue,46
3169,S004,52.75,6,Sat,23
3170,S004,76.82,9,Wed,48
3171,S003,71.97,1,Wed,34
3172,S003,70.98,7,Thu,65
3173,S001,57.44,7,Mon,30
3174,S001,77.98,8,Sat,65
3175,S002,72.84,11,Mon,60
3176,S002,21.03,3,Mon,18
3177,S001,62.0,6,Wed,21
3178,S002,47.36,7,Thu,21
3179,S001,102.1,7,Fri,64
3180,S001,79.17,6,Wed,42
3181,S001,95.32,3,Wed,64
3182,S002,67.79,5,Sat,28
3183,S003,95.63,11,Fri,44
3184,S004,90.41,5,Mon,43
3185,S002,45.65,7,Tue,65
3186,S004,84.88,10,Fri,24
3187,S004,84.87,6,Tue,20
3188,S003,60.26,4,Thu,27
3189,S002,86.88,5,Sat,34
3190,S004,56.22,4,Sat,59
3191,S003,82.4,6,Wed,65
3192,S003,78.95,6,Tue,40
3193,S001,116.16,7,Thu,26
3194,S002,111.49,3,Sun,18
3195,S004,61.76,7,Fri,58
3196,S003,94.66,4,Wed,34
3197,S004,111.75,5,Sat,61
3198,S002,40.95,2,Mon,60
3199,S001,74.46,7,Sat,61
3200,S004,60.49,3,Fri,38
3201,S001,64.32,11,Wed,54
3202,S003,70.01,7,Tue,68
3203,S001,93.41,4,Thu,49
3204,S004,97.04,9,Mon,43
3205,S002,103.02,7,Sat,29
3206,S004,65.56,7,Wed,18
3207,S004,90.53,5,Fri,54
3208,S001,69.17,7,Tue,49
3209,S001,82.0,4,Sun,69
3210,S004,20.74,2,Wed,47
3211,S001,81.64,5,Sun,26
3212,S001,66.62,7,Sun,22
3213,S002,101.19,4,Thu,18
3214,S002,98.74,5,Fri,62
3215,S003,92.61,5,Thu,67
3216,S004,81.84,3,Tue,57
3217,S001,82.94,6,Fri,68
3218,S004,64.38,3,Fri,25
3219,S003,100.41,5,Wed,56
3220,S003,100.07,3,Sun,28
3221,S002,70.23,7,Sun,53
3222,S001,89.28,2,Tue,19
3223,S001,61.08,7,Mon,21
3224,S004,96.46,8,Tue,61
3225,S002,95.21,6,Mon,57
3226,S002,69.56,1,Tue,21
3227,S002,123.68,5,Sun,59
3228,S001,71.35,9,Thu,47
3229,S003,51.44,4,Sat,56
3230,S003,105.58,5,Tue,54
3231,S001,80.74,7,Mon,25
3232,S003,96.99,4,Sat,48
3233,S004,96.25,4,Mon,31
3234,S001,94.4,7,Wed,27
3235,S001,44.14,3,Thu,69
3236,S002,67.54,7,Tue,20
3237,S001,55.95,6,Wed,61
3238,S004,108.05,12,Mon,36
3239,S002,61.99,7,Mon,26
3240,S002,112.88,6,Fri,20
3241,S003,90.2,4,Sat,38
3242,S002,45.22,0,Thu,40
3243,S004,79.73,4,Mon,43
3244,S004,66.93,8,Wed,25
3245,S003,68.37,4,Sat,19
3246,S001,83.22,7,Wed,59
3247,S004,65.63,7,Wed,60
3248,S004,44.3,5,Fri,51
3249,S003,89.13,5,Fri,46
3250,S003,70.36,4,Thu,30
3251,S003,52.52,5,Mon,34
3252,S001,105.74,9,Thu,62
3253,S001,71.33,11,Sun,39
3254,S002,65.51,4,Mon,65
3255,S004,81.83,6,Thu,52
3256,S001,61.57,4,Mon,20
3257,S002,89.24,4,Tue,36
3258,S001,69.99,4,Wed,69
3259,S003,53.88,2,Fri,55
3260,S002,47.55,4,Thu,64
3261,S001,67.81,6,Mon,37
3262,S001,66.41,5,Fri,36
3263,S004,90.96,10,Thu,51
3264,S001,78.43,8,Thu,50
3265,S004,90.71,6,Thu,55
3266,S003,69.49,4,Tue,60
3267,S002,101.96,4,Fri,51
3268,S002,78.39,7,Wed,37
3269,S002,83.88,8,Fri,54
3270,S001,58.22,7,Sun,65
3271,S002,84.03,4,Mon,43
3272,S004,43.83,3,Wed,52
3273,S002,68.03,8,Sun,25
3274,S001,57.96,6,Wed,25
3275,S001,106.82,9,Sat,60
3276,S004,68.85,4,Sat,36
3277,S004,79.96,5,Thu,67
3278,S001,90.16,4,Fri,22
3279,S001,63.48,6,Fri,60
3280,S003,37.74,7,Mon,25
3281,S003,95.84,5,Thu,44
3282,S002,40.2,6,Thu,46
3283,S003,99.45,4,Fri,39
3284,S001,85.66,5,Sat,38
3285,S003,64.12,3,Tue,61
3286,S001,65.11,3,Fri,69
3287,S003,57.9,4,Wed,58
3288,S004,75.87,3,Sat,30
3289,S001,63.56,6,Sat,44
3290,S002,87.21,10,Sun,44
3291,S002,81.48,4,Sat,52
3292,S003,59.06,6,Sat,57
3293,S004,61.69,5,Sun,30
3294,S001,56.4,6,Wed,37
3295,S002,85.35,4,Mon,38
3296,S001,129.01,5,Wed,25
3297,S003,76.9,4,Thu,52
3298,S001,85.41,1,Sun,45
3299,S001,68.19,2,Thu,57
3300,S003,42.29,6,Fri,28
3301,S002,51.4,3,Sat,69
3302,S004,54.82,3,Sat,34
3303,S004,92.65,5,Sat,63
3304,S004,91.82,5,Thu,31
3305,S003,85.76,11,Wed,42
3306,S001,57.26,9,Sun,67
3307,S003,61.08,7,Fri,26
3308,S003,92.94,6,Sun,35
3309,S001,97.88,4,Mon,46
3310,S004,80.68,4,Tue,26
3311,S003,88.04,3,Fri,63
3312,S004,106.08,2,Thu,19
3313,S002,93.82,3,Sat,44
3314,S002,108.97,4,Mon,54
3315,S004,70.02,4,Mon,55
3316,S003,65.13,6,Mon,58
3317,S001,97.21,6,Tue,32
3318,S004,74.15,4,Mon,46
3319,S004,69.73,2,Mon,65
3320,S003,121.63,4,Tue,53
3321,S004,77.69,2,Thu,20
3322,S004,52.99,5,Wed,26
3323,S003,67.94,2,Tue,26
3324,S004,55.1,4,Fri,68
3325,S004,50.12,3,Thu,51
3326,S004,68.49,6,Thu,52
3327,S002,70.84,5,Thu,30
3328,S002,87.33,3,Fri,69
3329,S001,104.71,6,Tue,31
3330,S001,62.9,6,Thu,35
3331,S001,41.93,5,Fri,51
3332,S003,83.37,5,Sun,23
3333,S003,41.07,9,Fri,51
3334,S003,70.32,9,Mon,66
3335,S004,60.54,0,Mon,66
3336,S003,71.75,2,Wed,48
3337,S001,66.38,6,Sat,35
3338,S001,75.2,5,Wed,49
3339,S001,84.4,8,Sat,46
3340,S003,50.44,4,Thu,24
3341,S003,20.38,5,Sat,30
3342,S001,81.22,6,Wed,39
3343,S002,84.69,1,Tue,23
3344,S001,69.88,5,Sat,44
3345,S003,59.73,5,Thu,19
3346,S003,67.93,3,Fri,30
3347,S001,94.71,2,Sun,20
3348,S004,115.07,4,Sat,69
3349,S002,77.86,6,Tue,58
3350,S002,81.92,4,Sat,64
3351,S003,97.45,7,Tue,22
3352,S003,65.88,3,Tue,35
3353,S003,59.48,2,Sun,59
3354,S001,101.84,5,Mon,28
3355,S003,76.5,9,Sat,28
3356,S003,44.79,5,Tue,39
3357,S003,73.17,4,Thu,41
3358,S002,49.42,6,Sun,19
3359,S002,70.61,6,Sat,37
3360,S004,79.13,4,Sat,42
3361,S004,79.66,2,Wed,40
3362,S003,79.31,4,Tue,31
3363,S002,64.76,3,Thu,55
3364,S002,79.03,5,Wed,40
3365,S002,70.44,4,Thu,29
3366,S002,61.13,2,Mon,25
3367,S004,51.53,4,Fri,25
3368,S001,69.45,5,Mon,34
3369,S002,42.97,9,Mon,27
3370,S002,96.81,8,Tue,25
3371,S002,51.79,7,Tue,55
3372,S002,97.52,4,Thu,20
3373,S001,54.95,4,Tue,47
3374,S001,75.54,0,Mon,27
3375,S003,69.84,7,Mon,28
3376,S004,84.23,5,Tue,25
3377,S002,71.82,8,Sun,69
3378,S002,78.68,5,Wed,37
3379,S003,61.2,9,Sun,23
3380,S001,75.25,4,Sat,18
3381,S003,65.75,7,Wed,31
3382,S001,58.93,6,Mon,56
3383,S004,70.69,5,Sat,51
3384,S003,47.66,4,Sun,40
3385,S003,68.13,5,Tue,59
3386,S002,80.84,10,Fri,32
3387,S003,52.26,5,Thu,18
3388,S001,114.18,7,Mon,52
3389,S001,92.16,3,Thu,26
3390,S003,101.69,2,Tue,65
3391,S001,71.96,8,Mon,54
3392,S003,72.42,4,Fri,26
3393,S004,62.29,6,Wed,53
3394,S002,52.21,4,Thu,30
3395,S004,91.12,7,Sun,62
3396,S004,50.08,9,Sun,38
3397,S002,56.91,3,Fri,61
3398,S002,50.15,4,Mon,61
3399,S002,32.77,5,Wed,35
3400,S003,65.06,2,Mon,34
3401,S001,57.53,2,Mon,24
3402,S003,98.16,3,Fri,64
3403,S001,95.14,7,Tue,32
3404,S003,84.94,2,Mon,51
3405,S001,82.33,4,Mon,61
3406,S001,88.11,5,Thu,63
3407,S004,67.25,6,Fri,47
3408,S003,64.02,3,Mon,20
3409,S002,73.33,7,Wed,28
3410,S003,115.5,6,Mon,52
3411,S002,53.65,7,Mon,47
3412,S003,82.26,4,Fri,66
3413,S004,81.49,9,Fri,59
3414,S001,51.25,4,Sun,53
3415,S002,80.38,4,Mon,27
3416,S001,53.29,6,Fri,63
3417,S001,90.1,6,Sat,58
3418,S001,66.87,10,Wed,40
3419,S004,99.19,6,Wed,68
3420,S003,71.53,5,Thu,38
3421,S001,67.81,7,Mon,21
3422,S004,61.9,10,Wed,29
3423,S004,81.43,6,Mon,61
3424,S004,82.75,3,Mon,19
3425,S003,64.34,7,Sun,19
3426,S002,64.44,5,Wed,20
3427,S001,99.17,7,Wed,32
3428,S004,48.93,8,Wed,29
3429,S002,90.26,4,Sun,53
3430,S002,72.84,3,Wed,52
3431,S004,83.91,4,Fri,56
3432,S003,97.7,4,Sun,67
3433,S002,71.82,7,Mon,19
3434,S003,62.17,6,Thu,35
3435,S003,62.91,6,Sun,58
3436,S002,94.41,5,Fri,33
3437,S002,90.13,5,Mon,50
3438,S002,97.04,4,Tue,45
3439,S003,94.2,2,Tue,20
3440,S003,82.65,8,Mon,38
3441,S002,69.97,6,Sun,53
3442,S004,114.63,4,Wed,69
3443,S004,71.58,3,Sat,50
3444,S003,125.58,4,Thu,59
3445,S004,73.55,3,Mon,37
3446,S002,92.06,3,Fri,63
3447,S003,70.66,1,Fri,50
3448,S004,51.15,7,Sun,54
3449,S003,90.72,5,Thu,51
3450,S004,71.47,4,Sat,57
3451,S004,85.62,2,Thu,62
3452,S001,62.32,6,Thu,45
3453,S004,85.19,3,Sat,19
3454,S001,61.32,6,Wed,35
3455,S002,86.57,5,Sat,49
3456,S001,107.09,6,Mon,64
3457,S003,91.26,6,Fri,55
3458,S002,60.65,11,Sat,66
3459,S001,67.44,6,Thu,54
3460,S002,101.48,3,Fri,27
3461,S004,64.77,2,Thu,49
3462,S002,75.2,5,Mon,61
3463,S004,69.45,3,Fri,36
3464,S003,63.68,7,Wed,24
3465,S004,96.36,7,Wed,42
3466,S004,78.64,6,Tue,32
3467,S004,75.42,6,Mon,48
3468,S001,80.46,6,Sat,59
3469,S003,93.75,10,Sat,40
3470,S002,63.68,4,Thu,20
3471,S004,15.36,5,Tue,25
3472,S002,60.37,7,Sun,67
3473,S002,62.21,4,Tue,53
3474,S004,81.26,1,Fri,34
3475,S001,102.71,4,Sat,67
3476,S003,40.55,10,Thu,43
3477,S004,71.44,4,Sat,25
3478,S004,69.16,4,Sun,65
3479,S003,126.92,3,Sun,20
3480,S001,33.56,4,Sun,31
3481,S003,63.68,3,Sun,54
3482,S004,72.3,4,Thu,33
3483,S003,61.03,8,Fri,26
3484,S002,75.7,11,Mon,59
3485,S002,97.51,5,Mon,52
3486,S002,45.46,4,Sun,67
3487,S001,64.27,5,Mon,42
3488,S002,70.19,3,Fri,42
3489,S003,51.46,5,Tue,69
3490,S001,77.39,5,Sun,53
3491,S003,70.1,4,Fri,63
3492,S001,85.49,9,Wed,66
3493,S003,111.66,5,Sun,46
3494,S004,47.31,3,Sun,19
3495,S001,74.78,5,Mon,51
3496,S004,73.93,6,Mon,43
3497,S004,73.71,4,Thu,42
3498,S004,78.59,8,Sat,26
3499,S004,55.37,8,Wed,33
3500,S004,81.35,7,Sun,25
3501,S004,71.4,3,Wed,41
3502,S003,94.71,5,Wed,69
3503,S002,51.73,5,Mon,55
3504,S001,76.32,4,Sat,47
3505,S003,77.8,6,Fri,68
3506,S003,97.75,4,Tue,61
3507,S003,65.83,6,Mon,19
3508,S003,107.34,8,Fri,34
3509,S002,57.76,5,Sat,59
3510,S002,76.49,7,Wed,32
3511,S001,33.46,4,Thu,56
3512,S001,94.37,6,Sat,26
3513,S003,79.79,7,Tue,54
3514,S001,91.0,8,Wed,28
3515,S004,60.73,9,Mon,27
3516,S003,65.82,2,Sun,18
3517,S001,96.53,7,Wed,41
3518,S001,90.37,7,Mon,64
3519,S004,95.85,7,Thu,36
3520,S003,51.67,3,Tue,66
3521,S002,74.62,9,Sun,56
3522,S003,80.83,3,Sat,41
3523,S002,60.08,0,Sun,33
3524,S001,54.47,9,Mon,42
3525,S002,97.64,5,Tue,43
3526,S003,62.17,7,Sat,67
3527,S001,84.66,4,Mon,55
3528,S002,83.87,4,Sun,51
3529,S002,70.01,5,Sat,47
3530,S003,89.42,2,Tue,67
3531,S001,55.42,7,Sat,68
3532,S001,72.05,6,Sat,36
3533,S002,86.7,4,Mon,31
3534,S002,82.74,2,Tue,62
3535,S002,41.01,7,Thu,45
3536,S004,56.41,7,Wed,54
3537,S001,66.91,5,Mon,47
3538,S002,75.79,5,Wed,60
3539,S002,29.69,5,Mon,52
3540,S001,92.22,5,Tue,40
3541,S004,64.41,4,Thu,35
3542,S001,56.53,11,Fri,59
3543,S004,59.03,11,Wed,29
3544,S003,82.74,4,Thu,30
3545,S001,74.75,2,Sun,49
3546,S001,62.96,7,Sun,63
3547,S003,43.17,6,Tue,58
3548,S001,62.19,3,Sun,48
3549,S003,58.02,5,Fri,56
3550,S004,82.0,5,Fri,37
3551,S001,35.76,8,Sat,66
3552,S003,84.22,7,Tue,43
3553,S002,90.99,8,Sun,35
3554,S004,49.63,3,Fri,27
3555,S004,33.55,4,Sat,18
3556,S002,84.63,6,Wed,39
3557,S002,119.17,5,Mon,58
3558,S003,72.34,2,Tue,41
3559,S002,72.56,10,Sat,18
3560,S001,89.78,5,Thu,63
3561,S003,49.18,1,Sun,39
3562,S004,61.74,4,Wed,45
3563,S001,76.38,5,Fri,30
3564,S001,37.18,5,Sat,18
3565,S004,74.81,7,Sat,55
3566,S001,119.73,6,Sat,46
3567,S004,69.16,8,Mon,26
3568,S004,66.39,6,Sun,35
3569,S004,87.36,4,Mon,30
3570,S004,81.33,7,Sat,22
3571,S003,69.65,6,Sat,38
3572,S001,89.99,0,Sat,21
3573,S002,43.09,6,Fri,37
3574,S003,107.24,6,Fri,40
3575,S002,49.88,5,Tue,65
3576,S003,69.68,7,Sat,26
3577,S001,41.94,4,Thu,45
3578,S004,81.5,5,Wed,59
3579,S002,79.56,2,Fri,20
3580,S003,39.11,8,Mon,26
3581,S001,94.73,2,Mon,19
3582,S001,94.31,7,Tue,31
3583,S003,49.54,9,Sat,47
3584,S004,91.59,3,Sat,31
3585,S003,109.89,4,Mon,33
3586,S003,84.1,2,Mon,58
3587,S003,93.06,5,Sun,38
3588,S004,74.98,5,Wed,46
3589,S002,77.17,7,Tue,29
3590,S003,76.26,2,Thu,18
3591,S001,59.72,8,Tue,33
3592,S002,77.37,7,Fri,31
3593,S001,62.12,6,Sun,18
3594,S001,61.13,4,Sun,40
3595,S003,62.26,6,Thu,32
3596,S002,76.52,7,Mon,41
3597,S003,68.34,4,Sat,21
3598,S001,58.72,4,Sun,43
3599,S003,88.18,4,Mon,45
3600,S004,75.81,8,Tue,66
3601,S004,59.07,7,Thu,55
3602,S003,78.83,3,Tue,38
3603,S003,107.78,0,Mon,68
3604,S003,106.14,3,Sun,26
3605,S003,69.55,2,Thu,20
3606,S003,83.95,4,Tue,69
3607,S004,37.78,8,Sat,26
3608,S002,80.37,7,Wed,56
3609,S003,86.26,6,Tue,60
3610,S002,58.64,4,Mon,27
3611,S003,90.02,3,Tue,48
3612,S002,85.79,3,Sat,32
3613,S004,77.38,5,Fri,45
3614,S001,43.55,2,Sat,50
3615,S002,97.93,5,Thu,45
3616,S004,71.8,4,Fri,22
3617,S002,43.18,5,Thu,42
3618,S004,97.81,3,Tue,27
3619,S001,76.07,10,Wed,58
3620,S004,88.43,9,Sun,25
3621,S003,70.49,6,Sun,30
3622,S003,79.21,3,Sat,67
3623,S002,100.2,4,Thu,28
3624,S003,58.15,3,Thu,58
3625,S003,83.6,2,Mon,29
3626,S001,76.16,8,Fri,40
3627,S003,72.83,0,Sun,37
3628,S003,80.57,2,Sat,31
3629,S002,71.31,7,Thu,63
3630,S003,97.52,5,Tue,46
3631,S003,55.25,3,Fri,27
3632,S004,48.32,10,Sun,50
3633,S004,70.86,8,Mon,39
3634,S002,97.66,5,Thu,48
3635,S002,64.91,4,Sat,69
3636,S002,74.01,5,Sat,61
3637,S003,55.18,8,Mon,68
3638,S003,54.68,8,Mon,36
3639,S003,87.29,4,Thu,34
3640,S003,79.34,6,Sun,69
3641,S003,92.83,6,Wed,20
3642,S003,90.73,6,Fri,34
3643,S004,44.9,4,Thu,61
3644,S002,65.78,8,Sat,68
3645,S002,56.68,3,Thu,28
3646,S003,54.07,8,Thu,68
3647,S001,65.32,4,Mon,39
3648,S004,104.25,5,Thu,29
3649,S002,94.0,8,Mon,68
3650,S004,77.91,6,Wed,55
3651,S003,73.53,9,Wed,52
3652,S004,84.99,2,Fri,64
3653,S002,75.21,5,Tue,61
3654,S004,56.6,4,Fri,36
3655,S004,39.03,8,Fri,62
3656,S001,37.44,6,Tue,59
3657,S004,77.77,8,Fri,18
3658,S002,71.0,4,Tue,31
3659,S002,61.86,8,Tue,28
3660,S002,102.41,3,Thu,66
3661,S002,74.21,8,Sun,24
3662,S003,62.77,4,Mon,20
3663,S001,77.25,9,Fri,20
3664,S003,110.27,5,Sat,46
3665,S002,97.9,6,Wed,35
3666,S004,75.29,5,Fri,34
3667,S002,83.27,6,Mon,31
3668,S002,96.88,6,Tue,54
3669,S001,59.83,2,Fri,45
3670,S001,78.02,3,Sat,62
3671,S004,91.13,3,Sat,46
3672,S003,81.62,3,Thu,55
3673,S002,91.26,6,Tue,63
3674,S001,66.35,3,Sun,53
3675,S004,67.01,4,Wed,23
3676,S002,89.25,1,Mon,28
3677,S003,86.19,0,Sat,39
3678,S003,99.82,4,Wed,68
3679,S001,44.79,3,Mon,66
3680,S003,59.69,6,Wed,55
3681,S004,83.82,5,Tue,56
3682,S001,47.21,6,Mon,33
3683,S002,80.05,3,Thu,53
3684,S001,44.17,7,Sat,58
3685,S004,118.89,4,Mon,54
3686,S004,87.59,2,Sat,32
3687,S003,57.74,4,Mon,52
3688,S002,79.97,5,Thu,38
3689,S004,65.82,5,Sun,18
3690,S003,55.26,6,Mon,53
3691,S002,82.25,6,Sat,56
3692,S002,53.54,10,Sun,45
3693,S004,42.31,4,Wed,44
3694,S002,80.91,2,Mon,39
3695,S002,79.33,5,Mon,38
3696,S003,69.85,8,Tue,38
3697,S001,47.9,8,Mon,68
3698,S002,62.77,4,Sat,48
3699,S003,90.2,3,Mon,25
3700,S003,113.96,3,Sun,60
3701,S003,94.81,3,Tue,66
3702,S004,69.54,1,Sat,57
3703,S004,55.15,3,Tue,21
3704,S001,96.08,9,Mon,24
3705,S004,80.76,7,Sun,39
3706,S003,51.18,2,Mon,52
3707,S003,91.2,4,Sat,44
3708,S001,72.06,5,Mon,45
3709,S003,52.51,3,Thu,40
3710,S004,79.74,2,Fri,66
3711,S003,54.03,4,Sat,68
3712,S001,106.07,5,Mon,59
3713,S001,109.7,5,Sat,62
3714,S001,109.4,4,Sun,32
3715,S002,83.43,5,Wed,55
3716,S004,64.22,3,Sun,20
3717,S001,90.29,7,Mon,67
3718,S002,45.23,5,Sat,22
3719,S004,90.76,5,Wed,36
3720,S002,72.23,3,Sun,52
3721,S004,79.16,8,Fri,35
3722,S004,100.46,4,Wed,19
3723,S004,48.99,3,Thu,58
3724,S001,84.12,5,Sat,43
3725,S004,51.83,4,Sun,21
3726,S002,24.22,4,Fri,63
3727,S003,72.64,5,Wed,31
3728,S003,72.84,2,Thu,56
3729,S004,85.89,7,Wed,60
3730,S001,74.28,6,Wed,33
3731,S004,89.52,5,Wed,30
3732,S002,119.18,3,Mon,37
3733,S003,79.08,2,Tue,63
3734,S002,98.7,11,Sat,68
3735,S002,76.49,5,Fri,63
3736,S003,67.99,5,Sat,67
3737,S001,54.82,5,Mon,57
3738,S002,83.73,2,Mon,33
3739,S003,79.54,10,Sun,20
3740,S001,50.89,9,Sat,49
3741,S002,77.06,3,Thu,28
3742,S002,92.42,1,Sun,50
3743,S002,46.24,9,Fri,21
3744,S002,102.86,9,Mon,49
3745,S004,52.67,8,Fri,26
3746,S001,77.6,8,Fri,59
3747,S002,54.72,1,Sun,60
3748,S003,76.19,8,Thu,41
3749,S004,45.12,5,Thu,48
3750,S003,70.68,3,Mon,57
3751,S003,73.97,3,Wed,57
3752,S001,93.54,8,Tue,53
3753,S003,65.31,7,Wed,42
3754,S004,70.36,3,Tue,21
3755,S002,88.2,7,Wed,60
3756,S002,40.7,8,Mon,35
3757,S003,90.41,3,Sat,30
3758,S001,75.24,6,Wed,51
3759,S001,93.07,5,Fri,62
3760,S002,71.27,3,Sat,30
3761,S002,76.33,7,Fri,34
3762,S003,91.89,10,Fri,22
3763,S001,74.03,8,Tue,56
3764,S003,86.35,7,Mon,21
3765,S002,69.08,4,Mon,52
3766,S002,72.0,4,Fri,24
3767,S003,66.95,3,Wed,37
3768,S001,50.21,5,Fri,63
3769,S002,106.33,4,Tue,33
3770,S002,54.39,5,Sun,54
3771,S001,42.07,3,Thu,52
3772,S002,57.38,4,Wed,45
3773,S001,52.9,3,Tue,43
3774,S001,65.72,5,Thu,31
3775,S002,44.56,2,Mon,37
3776,S003,79.67,4,Wed,60
3777,S002,130.61,4,Wed,69
3778,S002,76.08,5,Sat,40
3779,S002,93.27,12,Mon,49
3780,S004,55.62,0,Wed,34
3781,S002,72.81,4,Fri,69
3782,S003,78.92,4,Tue,47
3783,S003,110.06,3,Wed,48
3784,S003,106.18,6,Fri,39
3785,S001,106.02,7,Mon,60
3786,S004,92.54,5,Tue,44
3787,S004,39.32,4,Mon,27
3788,S003,71.54,4,Thu,33
3789,S004,62.4,6,Wed,69
3790,S001,82.91,5,Mon,32
3791,S002,122.76,6,Wed,32
3792,S003,74.46,4,Wed,21
3793,S004,85.96,2,Fri,25
3794,S003,64.24,5,Tue,64
3795,S003,118.69,6,Wed,37
3796,S003,64.24,3,Sat,67
3797,S003,64.49,9,Thu,49
3798,S002,86.64,9,Sun,57
3799,S003,60.84,5,Wed,48
3800,S004,101.74,5,Sat,37
3801,S004,91.12,4,Mon,58
3802,S001,41.68,6,Thu,36
3803,S001,64.73,4,Mon,54
3804,S004,89.13,5,Sun,60
3805,S003,91.6,1,Mon,38
3806,S004,66.74,1,Sat,65
3807,S001,70.96,4,Thu,34
3808,S003,63.24,12,Tue,18
3809,S004,59.02,7,Wed,69
3810,S002,53.83,7,Thu,33
3811,S004,58.54,1,Wed,60
3812,S001,82.38,4,Sun,19
3813,S004,51.91,3,Tue,34
3814,S003,73.87,3,Tue,21
3815,S004,102.75,7,Fri,62
3816,S001,87.55,1,Wed,46
3817,S004,98.61,5,Sun,40
3818,S003,74.75,4,Fri,30
3819,S004,90.66,9,Mon,68
3820,S001,39.78,3,Tue,55
3821,S002,38.1,6,Tue,62
3822,S004,65.27,7,Thu,32
3823,S004,49.74,5,Wed,55
3824,S001,55.59,4,Mon,56
3825,S001,77.65,5,Tue,23
3826,S004,74.11,1,Fri,24
3827,S001,49.65,4,Mon,33
3828,S001,85.14,6,Mon,56
3829,S003,78.88,7,Fri,23
3830,S004,66.69,4,Wed,28
3831,S004,60.91,5,Sat,55
3832,S002,105.42,11,Sun,24
3833,S002,95.93,6,Thu,60
3834,S001,80.71,4,Sat,38
3835,S001,69.8,1,Thu,42
3836,S004,82.32,8,Thu,25
3837,S002,85.59,9,Sat,59
3838,S004,46.56,3,Sat,41
3839,S004,57.46,5,Sun,68
3840,S004,87.59,8,Wed,57
3841,S002,73.4,5,Fri,42
3842,S004,87.4,8,Tue,61
3843,S002,63.62,4,Wed,53
3844,S002,78.44,6,Sat,27
3845,S001,68.16,6,Sun,47
3846,S004,55.89,4,Mon,43
3847,S002,69.5,6,Thu,31
3848,S001,106.1,8,Mon,65
3849,S001,75.7,9,Thu,36
3850,S002,62.47,7,Sat,59
3851,S003,83.97,2,Mon,43
3852,S001,78.58,4,Thu,38
3853,S002,33.16,5,Thu,34
3854,S001,95.55,7,Fri,34
3855,S003,68.55,4,Mon,68
3856,S004,102.44,4,Tue,19
3857,S002,76.31,4,Sat,53
3858,S004,77.36,3,Tue,50
3859,S001,77.44,4,Tue,34
3860,S003,71.34,5,Fri,53
3861,S003,86.35,5,Wed,52
3862,S001,91.11,5,Sun,35
3863,S002,113.44,6,Sat,20
3864,S002,60.12,4,Thu,66
3865,S001,75.7,6,Sat,25
3866,S003,37.5,4,Mon,18
3867,S004,46.31,5,Wed,55
3868,S003,47.34,6,Thu,63
3869,S003,74.77,4,Sat,20
3870,S003,55.9,4,Wed,46
3871,S001,80.91,3,Fri,68
3872,S004,46.73,4,Wed,24
3873,S003,56.17,3,Tue,43
3874,S001,63.81,4,Fri,26
3875,S002,87.1,6,Thu,44
3876,S002,95.42,5,Fri,35
3877,S003,80.18,9,Thu,61
3878,S003,93.21,4,Sat,21
3879,S004,70.38,3,Sun,68
3880,S003,49.96,2,Mon,53
3881,S002,60.17,10,Fri,20
3882,S001,83.84,5,Sat,58
3883,S001,97.47,2,Mon,22
3884,S004,101.41,12,Fri,23
3885,S001,87.67,7,Tue,64
3886,S004,85.93,7,Mon,36
3887,S003,80.29,4,Sun,54
3888,S001,63.74,6,Sat,19
3889,S004,80.98,4,Tue,43
3890,S004,81.66,7,Sat,19
3891,S003,66.31,6,Tue,67
3892,S002,58.03,5,Sun,28
3893,S001,39.41,0,Sun,64
3894,S003,76.59,7,Sat,55
3895,S001,89.37,4,Sat,30
3896,S002,62.69,4,Fri,68
3897,S001,77.3,4,Thu,46
3898,S004,76.68,2,Sat,51
3899,S001,69.95,7,Fri,42
3900,S004,132.68,1,Mon,33
3901,S002,91.89,9,Sat,35
3902,S004,36.08,5,Mon,38
3903,S003,90.32,6,Thu,22
3904,S004,65.21,3,Thu,66
3905,S004,39.7,8,Mon,67
3906,S003,68.03,3,Thu,55
3907,S004,91.73,10,Tue,52
3908,S004,98.35,4,Fri,54
3909,S003,90.63,1,Sun,20
3910,S004,64.53,1,Fri,51
3911,S004,75.44,4,Sat,34
3912,S001,87.87,3,Sun,34
3913,S001,80.51,7,Mon,39
3914,S004,48.1,7,Fri,52
3915,S003,76.59,6,Wed,28
3916,S003,66.11,2,Mon,31
3917,S001,83.22,5,Mon,20
3918,S003,32.57,3,Mon,31
3919,S003,59.17,8,Fri,32
3920,S001,87.55,5,Mon,58
3921,S002,71.73,3,Thu,59
3922,S001,81.35,6,Thu,56
3923,S003,101.51,4,Thu,53
3924,S004,113.27,7,Mon,31
3925,S003,67.9,7,Fri,26
3926,S004,71.43,7,Sun,23
3927,S004,88.57,6,Sun,37
3928,S004,79.78,7,Mon,39
3929,S002,95.34,5,Fri,69
3930,S002,37.94,5,Mon,64
3931,S001,81.94,8,Wed,57
3932,S002,45.65,6,Sun,37
3933,S004,69.61,4,Fri,26
3934,S003,60.85,2,Wed,49
3935,S003,61.6,5,Wed,40
3936,S004,46.24,7,Tue,35
3937,S003,24.38,6,Sat,63
3938,S003,92.47,9,Mon,37
3939,S002,97.87,6,Wed,30
3940,S004,87.28,6,Fri,56
3941,S003,71.55,2,Sat,36
3942,S003,86.05,4,Wed,52
3943,S003,52.32,4,Tue,58
3944,S004,81.12,5,Wed,54
3945,S004,67.41,2,Sun,59
3946,S001,104.5,5,Wed,32
3947,S001,91.87,4,Sat,48
3948,S003,110.86,6,Thu,26
3949,S002,67.66,9,Thu,21
3950,S002,80.88,6,Wed,35
3951,S004,88.99,3,Thu,22
3952,S004,78.73,2,Fri,47
3953,S001,80.43,2,Sat,25
3954,S001,51.24,8,Sat,36
3955,S004,76.07,5,Sat,61
3956,S002,67.69,6,Sun,65
3957,S001,32.84,4,Wed,21
3958,S001,58.1,2,Sat,38
3959,S003,89.41,5,Tue,24
3960,S002,88.7,8,Thu,67
3961,S003,44.24,4,Mon,44
3962,S001,77.14,1,Sat,41
3963,S001,46.24,3,Thu,52
3964,S001,85.57,8,Sun,38
3965,S001,97.62,3,Sat,51
3966,S004,70.18,6,Fri,54
3967,S002,98.42,11,Thu,61
3968,S002,75.48,6,Sun,22
3969,S002,77.95,6,Thu,67
3970,S002,96.57,2,Sun,66
3971,S003,70.92,5,Thu,49
3972,S003,98.64,4,Sat,19
3973,S003,89.27,6,Mon,28
3974,S001,71.37,4,Thu,47
3975,S004,87.19,11,Wed,55
3976,S002,60.38,5,Sat,42
3977,S004,101.43,6,Mon,57
3978,S002,65.62,2,Thu,37
3979,S002,72.59,3,Thu,44
3980,S003,35.76,5,Fri,61
3981,S001,76.58,8,Fri,26
3982,S001,56.93,8,Sun,33
3983,S004,61.54,7,Fri,54
3984,S001,63.37,6,Fri,25
3985,S003,90.28,3,Fri,69
3986,S002,59.03,1,Sun,36
3987,S004,52.66,8,Fri,40
3988,S003,74.44,11,Fri,62
3989,S002,89.87,6,Sat,44
3990,S001,74.3,3,Sat,57
3991,S004,43.78,5,Tue,37
3992,S004,1.11,6,Sat,36
3993,S002,79.79,4,Sun,45
3994,S001,107.49,6,Mon,26
3995,S004,77.16,5,Sat,62
3996,S001,91.78,2,Wed,59
3997,S001,53.37,3,Wed,60
3998,S002,48.33,5,Tue,69
3999,S003,67.1,4,Thu,36
4000,S001,78.53,3,Sun,22
4001,S004,43.52,8,Thu,55
4002,S004,69.72,3,Tue,38
4003,S004,63.46,6,Wed,56
4004,S004,76.16,4,Tue,53
4005,S002,107.57,5,Sat,64
4006,S001,102.64,5,Wed,60
4007,S002,71.79,2,Fri,26
4008,S003,85.79,5,Sat,25
4009,S001,82.65,0,Sun,56
4010,S001,64.17,5,Fri,35
4011,S001,82.67,8,Wed,38
4012,S003,82.52,5,Fri,41
4013,S002,88.06,6,Sat,50
4014,S001,89.17,4,Thu,47
4015,S001,107.72,3,Tue,69
4016,S004,58.49,4,Fri,52
4017,S003,84.54,8,Sat,23
4018,S004,90.51,7,Sat,26
4019,S004,87.0,6,Thu,40
4020,S002,53.7,4,Mon,27
4021,S004,72.99,6,Fri,31
4022,S003,61.87,4,Sat,41
4023,S003,66.34,7,Fri,63
4024,S001,79.87,6,Mon,24
4025,S002,71.13,5,Fri,54
4026,S001,83.75,9,Sun,26
4027,S004,72.23,8,Tue,23
4028,S001,73.08,5,Fri,60
4029,S003,56.55,2,Mon,40
4030,S003,80.28,5,Sat,33
4031,S004,83.97,2,Sun,37
4032,S001,89.36,5,Mon,58
4033,S003,69.99,7,Sun,49
4034,S003,68.14,6,Mon,21
4035,S002,129.37,8,Sat,36
4036,S001,74.94,6,Wed,28
4037,S001,39.27,6,Wed,23
4038,S002,72.02,4,Thu,32
4039,S003,26.71,3,Sat,65
4040,S002,112.17,6,Sun,24
4041,S002,96.63,7,Wed,46
4042,S002,73.62,6,Sun,64
4043,S003,75.82,7,Fri,41
4044,S004,72.57,5,Wed,50
4045,S004,92.51,5,Tue,29
4046,S004,87.53,3,Sat,61
4047,S002,69.57,6,Sun,60
4048,S004,127.0,1,Tue,68
4049,S001,75.06,9,Tue,46
4050,S004,62.81,4,Sun,54
4051,S003,91.39,7,Wed,48
4052,S002,80.2,4,Sun,39
4053,S002,44.98,7,Mon,41
4054,S004,68.07,7,Tue,36
4055,S002,64.71,2,Wed,62
4056,S002,92.67,8,Tue,37
4057,S002,106.06,7,Sat,53
4058,S002,97.76,6,Sun,32
4059,S001,84.07,4,Tue,38
4060,S003,70.72,4,Mon,47
4061,S001,54.77,7,Sun,24
4062,S004,74.05,4,Fri,39
4063,S004,35.27,5,Mon,22
4064,S002,73.2,6,Sat,62
4065,S002,92.44,7,Thu,38
4066,S004,88.37,1,Mon,63
4067,S002,105.19,3,Sun,24
4068,S001,63.65,2,Thu,34
4069,S002,69.56,3,Mon,52
4070,S001,98.09,3,Sat,18
4071,S003,93.47,7,Sun,40
4072,S001,110.69,4,Fri,47
4073,S004,52.87,8,Fri,38
4074,S004,92.8,5,Tue,36
4075,S004,98.98,3,Sat,34
4076,S001,82.07,6,Wed,23
4077,S003,116.04,2,Wed,53
4078,S004,83.96,1,Fri,19
4079,S002,25.69,2,Sat,20
4080,S001,97.43,2,Mon,45
4081,S003,42.89,7,Mon,37
4082,S001,64.6,4,Sat,47
4083,S001,85.6,3,Thu,66
4084,S003,119.95,7,Wed,55
4085,S001,60.78,6,Wed,31
4086,S004,73.64,6,Thu,25
4087,S003,102.14,8,Wed,39
4088,S001,37.11,6,Sun,33
4089,S002,87.58,3,Fri,59
4090,S003,53.58,4,Wed,48
4091,S002,36.6,5,Wed,42
4092,S001,74.81,1,Thu,31
4093,S002,73.78,7,Wed,37
4094,S003,82.42,8,Sat,57
4095,S001,93.63,5,Tue,64
4096,S003,79.65,7,Sat,67
4097,S001,106.94,6,Sun,26
4098,S004,100.89,3,Tue,66
4099,S004,59.27,7,Mon,33
4100,S004,73.01,5,Sat,41
4101,S002,70.13,7,Fri,53
4102,S002,37.4,2,Fri,28
4103,S004,107.38,6,Thu,67
4104,S003,65.88,8,Tue,31
4105,S003,96.61,6,Fri,67
4106,S001,67.05,2,Mon,33
4107,S003,94.83,8,Tue,28
4108,S003,65.38,1,Thu,45
4109,S002,97.42,6,Wed,54
4110,S003,81.43,0,Wed,38
4111,S003,88.74,6,Sat,21
4112,S001,89.03,9,Sat,68
4113,S004,81.06,6,Sun,47
4114,S004,63.66,7,Tue,47
4115,S002,58.56,4,Fri,19
4116,S002,117.9,9,Sat,28
4117,S001,105.36,6,Tue,41
4118,S002,81.41,5,Sun,60
4119,S001,99.77,1,Mon,19
4120,S004,62.85,5,Sun,54
4121,S004,78.99,6,Sat,38
4122,S001,43.0,7,Wed,23
4123,S004,59.79,5,Sat,43
4124,S003,71.98,4,Tue,26
4125,S003,71.97,3,Sun,34
4126,S004,77.69,2,Wed,59
4127,S001,47.63,3,Wed,46
4128,S003,75.94,2,Wed,46
4129,S003,76.55,8,Thu,37
4130,S004,80.01,7,Tue,65
4131,S002,89.95,4,Thu,68
4132,S002,63.63,3,Tue,57
4133,S004,45.17,3,Sat,29
4134,S004,84.0,5,Sun,21
4135,S003,82.26,3,Sun,42
4136,S001,80.81,8,Wed,34
4137,S001,103.72,3,Mon,60
4138,S003,79.18,3,Sat,52
4139,S003,90.55,2,Thu,24
4140,S001,76.15,9,Sun,21
4141,S002,77.44,4,Tue,42
4142,S002,63.32,5,Sat,22
4143,S001,74.35,9,Wed,56
4144,S004,79.08,2,Thu,22
4145,S004,81.65,4,Mon,48
4146,S003,101.54,4,Sat,36
4147,S002,103.58,2,Tue,61
4148,S004,107.28,7,Fri,40
4149,S004,69.87,5,Tue,25
4150,S004,76.78,4,Sun,35
4151,S001,96.49,8,Tue,50
4152,S003,76.22,2,Fri,63
4153,S003,102.75,2,Mon,24
4154,S002,28.8,3,Mon,54
4155,S004,106.87,5,Wed,61
4156,S003,61.18,5,Sun,46
4157,S001,73.61,3,Wed,52
4158,S001,69.05,3,Thu,23
4159,S001,91.62,7,Fri,30
4160,S004,71.45,5,Tue,18
4161,S001,115.37,6,Thu,53
4162,S004,86.31,4,Mon,19
4163,S003,70.9,8,Mon,20
4164,S001,93.66,2,Thu,56
4165,S004,87.56,6,Tue,20
4166,S002,71.52,7,Sun,44
4167,S003,99.99,4,Tue,48
4168,S003,91.88,1,Fri,40
4169,S004,99.14,7,Mon,19
4170,S004,54.48,4,Sat,62
4171,S003,69.05,0,Sat,23
4172,S004,66.91,9,Sun,25
4173,S001,91.97,3,Sat,42
4174,S004,95.21,0,Thu,30
4175,S003,95.34,10,Mon,44
4176,S001,68.12,5,Mon,28
4177,S004,60.87,4,Fri,33
4178,S001,68.94,3,Tue,37
4179,S004,104.27,4,Fri,50
4180,S003,111.01,1,Tue,27
4181,S003,84.3,5,Sun,35
4182,S001,67.57,6,Wed,43
4183,S003,69.06,2,Sun,46
4184,S003,82.14,2,Wed,44
4185,S001,21.43,6,Sat,69
4186,S001,82.3,3,Mon,64
4187,S003,67.44,3,Wed,51
4188,S001,59.82,3,Wed,22
4189,S001,74.7,6,Mon,42
4190,S004,57.36,5,Mon,59
4191,S002,86.9,6,Sat,24
4192,S003,73.29,3,Mon,31
4193,S003,94.5,6,Wed,40
4194,S004,34.47,4,Fri,67
4195,S003,81.48,9,Thu,67
4196,S003,44.06,3,Mon,46
4197,S003,62.93,3,Thu,24
4198,S001,100.47,9,Wed,56
4199,S003,64.66,5,Thu,42
4200,S003,102.77,4,Thu,43
4201,S002,115.26,7,Fri,68
4202,S004,88.68,5,Tue,24
4203,S004,86.29,7,Sat,41
4204,S001,40.84,3,Tue,55
4205,S003,72.56,4,Mon,61
4206,S003,91.05,5,Sun,65
4207,S003,133.8,5,Fri,35
4208,S003,64.12,5,Tue,61
4209,S001,85.88,3,Tue,20
4210,S002,68.94,9,Fri,41
4211,S004,72.53,2,Tue,50
4212,S002,96.42,3,Tue,51
4213,S003,78.42,3,Sun,47
4214,S002,51.65,3,Mon,65
4215,S002,43.1,2,Fri,67
4216,S004,98.0,9,Sun,50
4217,S002,109.15,3,Thu,22
4218,S002,39.08,5,Tue,31
4219,S002,68.7,2,Thu,45
4220,S001,78.14,6,Sun,23
4221,S001,68.77,3,Wed,69
4222,S001,75.42,5,Tue,48
4223,S002,78.78,4,Fri,36
4224,S001,94.11,6,Sat,44
4225,S002,69.51,8,Wed,33
4226,S002,130.32,6,Mon,68
4227,S001,83.29,3,Sun,34
4228,S003,66.93,5,Sun,56
4229,S002,82.43,6,Wed,59
4230,S002,82.38,5,Fri,20
4231,S004,58.67,4,Sat,60
4232,S001,74.16,6,Tue,46
4233,S004,92.0,4,Wed,59
4234,S002,83.35,4,Thu,51
4235,S004,65.68,6,Wed,30
4236,S002,89.21,1,Fri,56
4237,S004,72.44,9,Wed,54
4238,S002,82.05,6,Sat,37
4239,S001,70.85,6,Tue,36
4240,S004,51.02,7,Fri,55
4241,S004,74.3,4,Fri,50
4242,S003,78.35,5,Mon,66
4243,S003,118.26,8,Sat,64
4244,S001,122.44,6,Mon,39
4245,S002,86.42,12,Sun,61
4246,S003,49.28,3,Wed,27
4247,S001,39.49,5,Sun,66
4248,S001,30.66,6,Sat,45
4249,S002,122.45,5,Wed,65
4250,S002,76.3,6,Wed,20
4251,S004,83.43,9,Fri,38
4252,S004,66.58,6,Tue,35
4253,S001,51.59,2,Fri,67
4254,S001,100.7,5,Thu,48
4255,S001,75.58,3,Wed,24
4256,S004,75.06,11,Sat,49
4257,S003,69.98,0,Sun,36
4258,S002,96.58,6,Mon,60
4259,S001,75.86,4,Sat,19
4260,S004,72.7,5,Wed,41
4261,S004,101.47,5,Sun,24
4262,S002,99.93,5,Mon,47
4263,S003,59.53,8,Sun,33
4264,S001,82.14,2,Sat,25
4265,S002,60.52,3,Sat,66
4266,S004,116.11,10,Mon,37
4267,S003,86.57,1,Mon,58
4268,S001,32.61,0,Tue,65
4269,S004,66.26,9,Wed,22
4270,S004,86.93,10,Tue,54
4271,S002,72.98,5,Sun,59
4272,S004,69.8,5,Sat,39
4273,S001,63.21,3,Sun,42
4274,S004,103.72,7,Sun,46
4275,S002,49.81,5,Sun,45
4276,S002,108.78,5,Thu,42
4277,S003,77.03,5,Mon,54
4278,S003,96.31,14,Thu,51
4279,S004,86.04,6,Thu,29
4280,S004,71.32,6,Sat,46
4281,S004,82.26,6,Sun,51
4282,S003,81.49,9,Sun,55
4283,S003,39.67,1,Mon,32
4284,S004,62.62,5,Fri,53
4285,S003,92.58,6,Mon,41
4286,S002,74.0,4,Sat,57
4287,S003,77.78,1,Sun,38
4288,S002,62.38,5,Mon,69
4289,S004,49.97,4,Mon,19
4290,S002,56.36,6,Sun,45
4291,S001,47.37,3,Thu,62
4292,S004,108.85,6,Wed,53
4293,S002,84.57,5,Mon,59
4294,S002,70.68,3,Thu,27
4295,S003,66.18,6,Sun,52
4296,S002,109.2,6,Wed,40
4297,S003,74.87,4,Sat,64
4298,S002,62.47,9,Thu,36
4299,S002,81.13,4,Sun,38
4300,S003,92.21,5,Thu,18
4301,S001,82.81,7,Fri,36
4302,S002,88.24,4,Wed,56
4303,S002,68.17,12,Sat,41
4304,S004,72.34,5,Sun,31
4305,S003,77.18,5,Mon,18
4306,S003,85.79,2,Sat,23
4307,S001,101.88,6,Sun,21
4308,S004,82.78,1,Thu,42
4309,S001,44.99,5,Wed,21
4310,S001,41.47,1,Mon,53
4311,S002,96.9,5,Mon,56
4312,S002,66.61,6,Sat,31
4313,S003,119.5,4,Sun,51
4314,S004,103.83,8,Tue,38
4315,S003,60.42,5,Tue,68
4316,S004,51.82,8,Thu,48
4317,S003,75.9,6,Mon,30
4318,S001,78.28,4,Sat,37
4319,S001,66.76,2,Wed,38
4320,S001,53.4,4,Sun,23
4321,S002,75.6,2,Mon,19
4322,S004,71.04,4,Mon,54
4323,S004,79.84,3,Thu,60
4324,S002,66.57,4,Wed,43
4325,S004,132.61,11,Sat,36
4326,S003,69.17,4,Sat,66
4327,S001,72.76,9,Tue,40
4328,S002,103.97,3,Fri,28
4329,S001,101.16,6,Wed,31
4330,S004,137.83,3,Wed,43
4331,S002,114.98,6,Tue,69
4332,S004,102.33,5,Thu,42
4333,S001,66.82,7,Tue,45
4334,S004,36.14,3,Thu,66
4335,S002,77.77,6,Thu,59
4336,S004,69.49,4,Sun,50
4337,S002,68.4,4,Mon,44
4338,S002,82.54,4,Fri,22
4339,S002,72.09,3,Mon,42
4340,S003,73.53,4,Thu,52
4341,S004,69.73,3,Tue,69
4342,S004,54.51,4,Sat,33
4343,S001,73.0,4,Fri,63
4344,S002,103.29,8,Sat,24
4345,S002,81.95,6,Fri,37
4346,S001,68.79,7,Sat,66
4347,S004,61.03,9,Sun,32
4348,S004,78.41,9,Sat,50
4349,S004,86.78,6,Thu,41
4350,S002,81.09,5,Wed,43
4351,S002,56.99,6,Tue,52
4352,S001,53.53,7,Thu,40
4353,S003,94.55,2,Sat,18
4354,S003,58.57,0,Sat,67
4355,S002,46.88,8,Wed,50
4356,S004,57.83,3,Wed,69
4357,S004,56.14,4,Thu,55
4358,S003,76.73,5,Wed,55
4359,S004,83.6,10,Thu,34
4360,S003,95.09,3,Mon,68
4361,S002,71.08,7,Sat,62
4362,S002,56.88,9,Thu,66
4363,S004,49.18,4,Wed,32
4364,S004,58.24,5,Sat,20
4365,S003,49.33,8,Sun,53
4366,S004,66.15,8,Sun,20
4367,S002,92.64,3,Thu,62
4368,S004,110.09,4,Tue,26
4369,S004,56.09,7,Wed,46
4370,S004,83.24,6,Wed,42
4371,S002,52.64,9,Sat,67
4372,S004,78.51,3,Mon,34
4373,S003,62.96,8,Mon,23
4374,S001,70.12,4,Mon,31
4375,S003,104.22,12,Tue,67
4376,S003,87.06,2,Sat,64
4377,S003,83.12,8,Fri,59
4378,S002,102.41,5,Mon,63
4379,S003,57.5,4,Thu,20
4380,S004,70.21,2,Thu,47
4381,S002,82.73,4,Thu,27
4382,S001,98.63,3,Sat,20
4383,S003,95.61,5,Sun,56
4384,S001,83.66,7,Sun,22
4385,S004,88.6,8,Mon,26
4386,S004,78.8,5,Mon,52
4387,S003,85.34,3,Thu,65
4388,S004,101.98,7,Thu,45
4389,S004,55.31,5,Fri,65
4390,S004,55.06,4,Sat,34
4391,S002,83.63,3,Sat,29
4392,S001,104.8,4,Sat,39
4393,S003,80.37,4,Wed,52
4394,S001,57.79,3,Wed,64
4395,S002,105.78,6,Tue,35
4396,S004,70.25,8,Thu,33
4397,S004,77.36,6,Thu,69
4398,S002,35.7,8,Sun,29
4399,S004,77.57,7,Sat,24
4400,S003,89.32,6,Tue,53
4401,S003,75.72,3,Fri,20
4402,S001,94.07,3,Fri,61
4403,S002,56.13,2,Thu,40
4404,S002,56.06,2,Wed,34
4405,S003,83.25,7,Tue,30
4406,S004,106.62,3,Sat,44
4407,S002,62.5,10,Sat,42
4408,S002,76.68,1,Sat,69
4409,S004,48.78,6,Mon,53
4410,S002,91.89,1,Mon,60
4411,S004,56.13,6,Tue,68
4412,S001,79.93,3,Tue,65
4413,S001,78.0,8,Thu,40
4414,S004,56.67,7,Tue,21
4415,S001,92.12,9,Sat,24
4416,S004,39.69,2,Sun,67
4417,S004,96.46,4,Tue,27
4418,S002,52.78,9,Tue,26
4419,S004,120.59,4,Sun,55
4420,S004,94.77,2,Sat,18
4421,S004,90.99,4,Thu,35
4422,S004,59.83,9,Mon,30
4423,S004,85.46,4,Mon,48
4424,S003,63.21,2,Fri,51
4425,S003,65.08,5,Mon,55
4426,S003,86.98,7,Thu,19
4427,S001,55.3,2,Fri,68
4428,S002,86.41,6,Thu,23
4429,S001,52.07,6,Thu,29
4430,S001,75.08,4,Fri,49
4431,S003,82.86,2,Wed,32
4432,S003,87.43,5,Sat,39
4433,S002,88.19,6,Sat,21
4434,S004,91.79,4,Sat,19
4435,S001,78.56,5,Sat,27
4436,S002,66.71,8,Sat,21
4437,S004,72.71,6,Sun,30
4438,S001,103.4,7,Sat,63
4439,S002,84.08,6,Mon,35
4440,S001,95.98,4,Thu,45
4441,S002,78.15,3,Wed,45
4442,S001,108.83,4,Fri,44
4443,S004,79.24,3,Wed,65
4444,S001,87.11,5,Mon,23
4445,S003,58.16,5,Sun,25
4446,S001,91.47,9,Thu,54
4447,S004,94.96,6,Sun,30
4448,S003,95.44,8,Sat,28
4449,S004,88.23,4,Fri,55
4450,S004,54.68,3,Mon,25
4451,S002,61.56,4,Thu,34
4452,S004,54.52,5,Fri,49
4453,S004,89.78,6,Fri,41
4454,S004,87.13,2,Sun,69
4455,S003,83.65,3,Wed,39
4456,S001,84.61,5,Sun,35
4457,S003,78.1,3,Mon,39
4458,S004,71.49,0,Thu,66
4459,S004,66.69,2,Sun,30
4460,S004,63.8,3,Mon,38
4461,S003,62.43,5,Sat,58
4462,S004,96.59,10,Tue,59
4463,S002,85.46,4,Sun,25
4464,S003,99.05,3,Sat,68
4465,S002,130.21,3,Fri,62
4466,S002,93.9,3,Fri,31
4467,S003,84.8,5,Thu,21
4468,S004,81.01,4,Thu,61
4469,S001,67.86,6,Mon,32
4470,S004,104.79,4,Mon,19
4471,S002,96.54,7,Mon,49
4472,S003,93.91,9,Sat,45
4473,S002,102.67,3,Thu,65
4474,S003,50.22,5,Fri,52
4475,S004,56.61,6,Mon,41
4476,S004,88.18,3,Sun,59
4477,S003,98.62,8,Thu,50
4478,S004,78.01,3,Sat,40
4479,S004,98.04,3,Fri,40
4480,S001,89.08,6,Tue,44
4481,S003,60.39,5,Fri,60
4482,S002,60.52,2,Tue,22
4483,S004,88.57,8,Tue,50
4484,S002,86.07,9,Sun,63
4485,S001,51.21,2,Sat,66
4486,S004,78.73,6,Mon,41
4487,S002,60.69,7,Tue,28
4488,S001,41.24,1,Sat,18
4489,S003,80.13,2,Mon,26
4490,S003,93.83,7,Sat,62
4491,S003,52.47,4,Fri,24
4492,S001,82.43,7,Fri,35
4493,S004,61.3,9,Mon,31
4494,S002,91.99,5,Sat,30
4495,S002,86.0,4,Sun,40
4496,S003,99.75,3,Sat,27
4497,S002,85.53,3,Wed,42
4498,S001,68.26,7,Sun,55
4499,S004,109.8,2,Thu,48
4500,S004,87.42,4,Fri,46
4501,S001,77.99,3,Tue,65
4502,S004,74.71,4,Fri,57
4503,S001,53.02,3,Fri,32
4504,S001,96.83,5,Sun,35
4505,S002,81.29,2,Wed,36
4506,S001,70.34,3,Fri,33
4507,S002,55.14,4,Thu,53
4508,S004,80.6,5,Fri,47
4509,S003,57.55,4,Sat,56
4510,S004,68.88,4,Mon,54
4511,S002,46.78,4,Mon,34
4512,S001,76.02,4,Sat,69
4513,S004,75.02,7,Tue,34
4514,S002,83.76,4,Wed,32
4515,S004,95.76,4,Tue,23
4516,S003,57.27,7,Fri,59
4517,S003,78.42,6,Sun,27
4518,S004,70.71,5,Wed,21
4519,S003,63.5,6,Sun,31
4520,S002,66.75,4,Tue,47
4521,S001,81.46,1,Tue,65
4522,S001,50.07,4,Mon,36
4523,S004,72.7,6,Sat,58
4524,S004,95.63,8,Wed,28
4525,S002,39.35,8,Thu,59
4526,S001,70.44,6,Wed,35
4527,S001,79.91,8,Sun,52
4528,S002,72.5,3,Sun,30
4529,S003,98.44,8,Thu,18
4530,S001,56.44,6,Fri,26
4531,S004,57.47,6,Wed,55
4532,S003,55.94,3,Tue,38
4533,S001,81.1,0,Mon,28
4534,S003,93.32,5,Fri,52
4535,S003,98.8,5,Tue,35
4536,S001,68.72,4,Fri,44
4537,S001,63.56,2,Thu,33
4538,S002,80.39,6,Sat,59
4539,S004,88.39,7,Wed,37
4540,S001,46.65,3,Tue,69
4541,S001,71.38,10,Sat,45
4542,S004,92.84,6,Tue,48
4543,S002,81.51,3,Fri,39
4544,S003,79.2,1,Wed,49
4545,S004,98.02,7,Fri,56
4546,S002,69.54,4,Tue,38
4547,S003,93.32,10,Fri,39
4548,S004,67.94,4,Sun,23
4549,S002,89.49,8,Sat,43
4550,S001,82.44,8,Wed,41
4551,S001,61.78,6,Wed,39
4552,S003,60.95,1,Thu,50
4553,S001,69.76,4,Tue,57
4554,S003,44.87,8,Sat,30
4555,S002,69.03,6,Sun,66
4556,S001,90.51,8,Sun,38
4557,S003,85.82,0,Sat,60
4558,S004,57.1,4,Fri,58
4559,S002,68.44,3,Sat,68
4560,S001,69.31,7,Fri,62
4561,S001,81.4,8,Sun,37
4562,S003,90.69,3,Sun,42
4563,S004,96.67,3,Sat,53
4564,S001,51.31,2,Sat,45
4565,S003,93.16,2,Thu,54
4566,S001,89.48,4,Sat,58
4567,S002,72.32,3,Mon,54
4568,S001,83.42,8,Tue,45
4569,S003,81.85,8,Sun,18
4570,S003,101.05,5,Wed,22
4571,S003,72.77,2,Mon,59
4572,S004,98.92,4,Wed,44
4573,S004,62.45,1,Fri,40
4574,S002,86.14,6,Sat,63
4575,S001,33.5,2,Sun,61
4576,S004,84.75,3,Thu,59
4577,S001,75.22,4,Tue,25
4578,S001,36.74,7,Wed,19
4579,S003,41.95,5,Wed,60
4580,S003,55.28,3,Sun,63
4581,S001,66.62,5,Fri,22
4582,S003,69.06,8,Sat,41
4583,S001,65.55,2,Sun,34
4584,S001,69.16,2,Wed,28
4585,S003,62.27,6,Sun,51
4586,S004,104.28,9,Thu,20
4587,S001,75.0,2,Wed,48
4588,S004,88.39,3,Thu,30
4589,S004,81.11,8,Fri,54
4590,S003,79.4,6,Wed,29
4591,S004,85.95,8,Tue,39
4592,S004,80.98,3,Thu,49
4593,S004,68.88,7,Mon,52
4594,S004,106.73,5,Mon,35
4595,S001,71.15,7,Mon,29
4596,S003,59.93,10,Thu,29
4597,S003,124.28,5,Sun,57
4598,S003,103.41,1,Sat,47
4599,S001,48.4,6,Fri,64
4600,S001,41.54,9,Thu,64
4601,S002,70.82,8,Thu,59
4602,S001,77.57,8,Sun,29
4603,S001,79.33,10,Mon,36
4604,S004,49.98,5,Mon,68
4605,S001,49.97,4,Fri,49
4606,S002,75.29,4,Sat,58
4607,S002,64.5,3,Mon,24
4608,S004,45.11,7,Sun,39
4609,S001,110.8,4,Sun,55
4610,S001,90.96,5,Sun,28
4611,S003,70.07,3,Sun,27
4612,S001,77.28,8,Wed,25
4613,S004,58.28,5,Tue,45
4614,S003,53.42,2,Tue,33
4615,S001,45.81,5,Fri,53
4616,S003,87.66,4,Sat,49
4617,S002,71.1,8,Sun,30
4618,S004,79.22,4,Sat,68
4619,S002,62.09,5,Fri,33
4620,S001,102.63,5,Wed,47
4621,S002,82.83,7,Sat,57
4622,S002,123.8,5,Tue,66
4623,S003,92.26,8,Fri,26
4624,S004,84.98,4,Sun,47
4625,S004,84.15,5,Fri,68
4626,S002,87.01,8,Fri,23
4627,S001,103.05,3,Sat,38
4628,S001,56.71,1,Fri,67
4629,S002,82.88,3,Sat,25
4630,S001,70.6,6,Wed,58
4631,S002,55.51,3,Sat,68
4632,S004,58.81,5,Thu,62
4633,S001,71.81,4,Sun,46
4634,S003,81.51,4,Sun,55
4635,S002,55.97,2,Sat,69
4636,S001,49.74,5,Sun,66
4637,S003,35.19,5,Mon,38
4638,S004,71.82,2,Sat,31
4639,S002,69.63,6,Mon,33
4640,S001,54.28,6,Tue,34
4641,S004,63.14,5,Thu,49
4642,S002,117.56,2,Sat,64
4643,S003,88.48,5,Tue,21
4644,S002,68.2,2,Fri,53
4645,S004,57.85,8,Thu,67
4646,S003,77.57,6,Sun,48
4647,S003,71.05,3,Fri,67
4648,S004,101.18,5,Sun,26
4649,S001,74.02,9,Sun,55
4650,S003,58.99,3,Sat,68
4651,S003,36.66,4,Tue,18
4652,S001,42.73,6,Mon,46
4653,S003,88.45,4,Mon,63
4654,S001,80.53,3,Sat,39
4655,S004,53.1,6,Fri,53
4656,S004,89.28,5,Thu,45
4657,S001,65.82,3,Sun,18
4658,S003,64.92,2,Fri,54
4659,S002,21.86,5,Thu,24
4660,S003,84.88,4,Sat,42
4661,S002,72.78,4,Fri,67
4662,S003,52.17,2,Mon,40
4663,S004,81.13,5,Tue,37
4664,S001,74.3,9,Sat,68
4665,S003,70.84,7,Tue,22
4666,S001,50.98,6,Thu,28
4667,S002,101.89,4,Tue,39
4668,S003,69.24,8,Mon,31
4669,S002,90.59,5,Sun,29
4670,S003,74.28,5,Sat,20
4671,S001,65.17,7,Thu,50
4672,S001,61.98,5,Sun,21
4673,S003,83.95,3,Sat,33
4674,S002,70.13,2,Fri,24
4675,S003,81.61,2,Sun,62
4676,S003,72.5,9,Tue,40
4677,S003,93.91,7,Mon,51
4678,S002,81.78,6,Tue,19
4679,S004,73.28,5,Tue,28
4680,S003,76.67,8,Thu,65
4681,S004,81.39,4,Tue,30
4682,S001,64.55,5,Mon,57
4683,S003,76.34,4,Mon,51
4684,S003,94.2,3,Wed,60
4685,S001,49.11,3,Mon,61
4686,S004,42.76,3,Fri,52
4687,S003,65.78,2,Thu,29
4688,S002,73.63,3,Wed,57
4689,S004,62.58,5,Mon,69
4690,S004,64.81,6,Thu,24
4691,S003,48.41,5,Fri,48
4692,S002,61.96,3,Sat,24
4693,S004,82.75,4,Wed,60
4694,S003,80.1,3,Wed,31
4695,S004,87.11,2,Wed,63
4696,S003,52.69,5,Tue,31
4697,S003,110.12,6,Sat,55
4698,S002,102.54,11,Mon,55
4699,S001,64.86,3,Thu,33
4700,S004,69.92,8,Tue,61
4701,S004,77.34,9,Tue,56
4702,S004,103.18,10,Sat,48
4703,S004,70.88,5,Tue,50
4704,S004,67.35,2,Thu,55
4705,S004,76.49,4,Sat,32
4706,S003,53.6,5,Tue,20
4707,S003,80.33,4,Tue,23
4708,S003,75.32,5,Mon,62
4709,S001,53.4,5,Mon,45
4710,S004,81.04,6,Thu,59
4711,S003,52.56,7,Sat,34
4712,S002,73.79,2,Wed,44
4713,S004,83.6,7,Sat,63
4714,S004,91.06,7,Mon,30
4715,S001,82.63,6,Mon,33
4716,S002,64.64,5,Mon,63
4717,S002,63.51,2,Tue,32
4718,S001,50.73,7,Fri,30
4719,S001,95.72,4,Sat,54
4720,S003,53.45,5,Mon,64
4721,S001,53.84,8,Sun,52
4722,S004,60.61,6,Sun,49
4723,S002,90.82,2,Thu,49
4724,S003,82.15,4,Sun,46
4725,S001,84.47,6,Mon,28
4726,S002,102.51,5,Wed,27
4727,S001,68.17,7,Mon,22
4728,S003,60.57,8,Wed,27
4729,S004,103.32,5,Sun,27
4730,S002,53.69,8,Fri,60
4731,S001,63.48,5,Sun,55
4732,S003,73.89,1,Wed,45
4733,S004,63.65,5,Thu,43
4734,S001,95.98,6,Thu,44
4735,S004,64.08,3,Sun,46
4736,S004,75.0,5,Mon,54
4737,S003,72.73,3,Wed,46
4738,S002,71.2,5,Tue,64
4739,S002,97.24,6,Wed,32
4740,S001,75.72,3,Thu,45
4741,S002,64.59,5,Tue,31
4742,S001,56.43,6,Tue,60
4743,S001,84.35,6,Tue,34
4744,S002,79.15,4,Fri,48
4745,S001,64.46,6,Thu,45
4746,S004,46.68,4,Mon,52
4747,S001,93.42,2,Wed,46
4748,S002,50.1,7,Sun,38
4749,S004,81.35,7,Sun,55
4750,S003,102.26,4,Fri,30
4751,S001,61.61,2,Wed,53
4752,S001,64.45,4,Sun,43
4753,S001,77.34,8,Sat,18
4754,S002,72.17,4,Wed,35
4755,S004,96.81,4,Sat,37
4756,S003,43.99,5,Tue,42
4757,S002,91.91,5,Tue,28
4758,S002,100.43,9,Sat,36
4759,S002,92.23,4,Mon,36
4760,S003,61.39,4,Sun,44
4761,S002,56.13,4,Sun,26
4762,S002,58.92,8,Tue,38
4763,S002,100.53,4,Mon,36
4764,S003,46.21,6,Fri,40
4765,S003,87.92,2,Sat,31
4766,S003,78.52,9,Fri,54
4767,S003,87.04,6,Wed,42
4768,S002,62.42,2,Mon,18
4769,S003,79.1,4,Fri,27
4770,S004,56.89,0,Tue,46
4771,S004,29.27,5,Sat,32
4772,S001,64.84,7,Tue,36
4773,S002,67.59,3,Mon,58
4774,S001,67.87,6,Fri,69
4775,S003,108.78,3,Fri,32
4776,S001,95.5,3,Tue,61
4777,S002,100.74,4,Sun,45
4778,S002,46.0,5,Thu,48
4779,S004,83.54,7,Fri,62
4780,S002,90.38,8,Mon,44
4781,S001,99.14,4,Tue,62
4782,S002,120.02,10,Fri,22
4783,S002,47.29,6,Thu,51
4784,S001,74.12,5,Thu,35
4785,S003,85.17,2,Fri,52
4786,S002,72.19,4,Fri,24
4787,S003,36.52,4,Sun,23
4788,S003,73.61,2,Sun,41
4789,S002,95.58,9,Fri,51
4790,S001,61.27,3,Mon,25
4791,S003,106.84,7,Sun,59
4792,S004,64.7,5,Sat,65
4793,S001,83.63,2,Sun,33
4794,S002,99.65,4,Sun,63
4795,S002,89.76,7,Thu,41
4796,S002,76.01,6,Wed,64
4797,S002,80.44,8,Thu,19
4798,S002,74.08,6,Fri,26
4799,S004,69.37,7,Mon,37
4800,S002,77.94,6,Thu,25
4801,S001,97.48,4,Fri,36
4802,S002,65.54,3,Sun,46
4803,S004,81.06,6,Mon,47
4804,S003,74.24,6,Mon,54
4805,S003,90.1,4,Fri,24
4806,S002,80.45,4,Thu,33
4807,S004,91.12,5,Tue,46
4808,S001,55.17,5,Fri,60
4809,S002,48.08,4,Fri,20
4810,S002,102.91,5,Tue,55
4811,S002,67.07,2,Mon,18
4812,S002,72.3,5,Thu,47
4813,S001,78.72,4,Wed,37
4814,S004,72.43,6,Mon,22
4815,S004,101.38,1,Sun,51
4816,S003,47.15,1,Sat,48
4817,S003,108.05,2,Wed,39
4818,S003,45.86,2,Tue,32
4819,S003,78.94,4,Fri,55
4820,S003,90.75,4,Sun,50
4821,S003,43.26,5,Thu,55
4822,S001,90.58,7,Thu,48
4823,S002,89.51,2,Sat,21
4824,S001,93.21,1,Tue,44
4825,S001,54.08,5,Sun,30
4826,S001,77.62,10,Thu,46
4827,S004,76.05,5,Sat,23
4828,S001,63.76,5,Wed,60
4829,S004,87.63,10,Wed,32
4830,S001,58.9,11,Tue,33
4831,S001,60.35,4,Mon,54
4832,S004,85.95,5,Thu,41
4833,S002,52.5,7,Sun,39
4834,S001,90.21,3,Sat,52
4835,S001,113.61,6,Mon,62
4836,S003,57.0,5,Sun,33
4837,S003,56.71,9,Sun,68
4838,S002,90.47,5,Thu,65
4839,S004,59.89,6,Sun,53
4840,S001,74.83,5,Tue,58
4841,S003,87.2,4,Fri,60
4842,S001,96.41,6,Fri,30
4843,S003,75.25,8,Thu,45
4844,S004,109.84,3,Tue,64
4845,S004,57.87,3,Mon,46
4846,S003,72.03,6,Fri,59
4847,S003,126.73,14,Tue,38
4848,S003,79.59,10,Wed,53
4849,S001,84.84,5,Thu,49
4850,S004,70.69,10,Tue,19
4851,S002,110.42,9,Sun,45
4852,S003,103.87,4,Tue,50
4853,S003,81.18,1,Thu,49
4854,S002,82.64,3,Fri,27
4855,S001,90.66,3,Sat,21
4856,S003,91.58,3,Sat,29
4857,S002,100.31,1,Fri,26
4858,S001,85.64,6,Thu,52
4859,S001,107.07,4,Mon,52
4860,S004,76.11,2,Sat,46
4861,S004,59.38,4,Wed,69
4862,S001,65.46,11,Tue,30
4863,S001,76.22,6,Fri,38
4864,S001,65.63,8,Sun,61
4865,S003,75.8,5,Sun,68
4866,S003,59.04,4,Tue,36
4867,S001,71.04,7,Sun,20
4868,S002,82.24,4,Sat,56
4869,S001,74.75,2,Sun,64
4870,S003,75.04,3,Tue,31
4871,S002,37.62,3,Thu,58
4872,S003,61.68,3,Sat,52
4873,S003,100.21,2,Fri,51
4874,S002,82.85,4,Fri,37
4875,S001,56.06,3,Mon,54
4876,S001,93.52,7,Fri,22
4877,S003,61.02,2,Wed,64
4878,S002,63.09,6,Tue,32
4879,S002,91.12,4,Sat,18
4880,S003,74.59,7,Fri,43
4881,S002,59.79,8,Tue,54
4882,S003,57.57,2,Sat,33
4883,S002,73.43,6,Wed,32
4884,S001,79.35,6,Sun,20
4885,S003,73.09,2,Sat,19
4886,S004,62.53,3,Fri,20
4887,S002,92.86,4,Sun,25
4888,S002,75.41,7,Fri,23
4889,S004,58.9,6,Thu,55
4890,S002,51.79,4,Thu,69
4891,S003,31.03,7,Thu,32
4892,S002,86.49,4,Tue,64
4893,S002,67.51,4,Wed,55
4894,S002,55.27,10,Sun,19
4895,S004,87.05,7,Mon,57
4896,S003,42.48,6,Fri,58
4897,S003,83.48,7,Fri,49
4898,S004,43.48,4,Mon,59
4899,S004,64.54,4,Sat,24
4900,S001,50.26,5,Mon,63
4901,S003,101.47,4,Sun,41
4902,S003,69.74,3,Sat,18
4903,S003,93.01,6,Sun,19
4904,S001,63.23,6,Sun,62
4905,S001,93.63,5,Thu,67
4906,S002,82.8,7,Thu,36
4907,S004,82.23,5,Mon,40
4908,S004,56.93,4,Wed,45
4909,S003,88.06,3,Sat,23
4910,S002,64.53,3,Sun,56
4911,S002,66.25,9,Mon,48
4912,S002,99.82,4,Sat,57
4913,S003,38.84,3,Wed,64
4914,S003,96.79,3,Thu,48
4915,S001,63.3,7,Sun,36
4916,S004,94.99,8,Sat,41
4917,S001,94.59,7,Fri,65
4918,S002,110.05,2,Fri,47
4919,S002,71.74,9,Tue,69
4920,S004,76.58,8,Sat,42
4921,S003,62.98,6,Wed,48
4922,S001,87.85,0,Thu,68
4923,S004,47.56,3,Sun,47
4924,S002,91.35,3,Fri,42
4925,S002,77.67,7,Sat,26
4926,S004,60.77,6,Sun,69
4927,S001,60.26,3,Sun,23
4928,S003,75.39,4,Mon,66
4929,S002,86.63,3,Thu,36
4930,S003,87.64,5,Tue,27
4931,S002,55.98,7,Sat,20
4932,S003,28.6,3,Fri,38
4933,S002,72.55,5,Thu,63
4934,S002,59.9,9,Wed,37
4935,S004,110.7,3,Wed,40
4936,S002,66.66,6,Fri,68
4937,S003,98.62,10,Mon,34
4938,S001,61.34,7,Mon,62
4939,S004,93.78,10,Fri,23
4940,S003,50.27,4,Mon,59
4941,S004,61.54,3,Thu,33
4942,S003,51.52,7,Mon,43
4943,S004,67.48,7,Mon,33
4944,S003,29.6,1,Sat,20
4945,S002,37.52,6,Mon,23
4946,S004,56.06,4,Mon,47
4947,S002,78.69,6,Sun,29
4948,S004,75.58,5,Sat,36
4949,S004,52.34,4,Tue,68
4950,S003,105.96,7,Sat,32
4951,S003,88.35,6,Tue,19
4952,S002,108.13,5,Sun,62
4953,S004,71.37,5,Mon,41
4954,S001,46.06,5,Wed,33
4955,S002,56.01,12,Mon,48
4956,S004,28.59,5,Sat,67
4957,S004,72.91,2,Fri,26
4958,S004,64.28,9,Wed,61
4959,S002,78.01,5,Wed,50
4960,S003,70.76,6,Wed,52
4961,S004,78.9,5,Sat,25
4962,S003,82.19,6,Mon,21
4963,S002,97.14,1,Sun,68
4964,S003,86.08,4,Mon,53
4965,S002,30.22,6,Fri,61
4966,S001,73.04,5,Tue,66
4967,S003,78.0,3,Wed,66
4968,S001,70.92,5,Fri,39
4969,S002,67.72,6,Sun,28
4970,S001,99.66,5,Thu,46
4971,S003,54.14,3,Mon,30
4972,S001,51.28,5,Mon,39
4973,S003,67.48,8,Mon,36
4974,S001,60.12,5,Sat,59
4975,S003,64.48,5,Mon,22
4976,S002,107.18,5,Sat,62
4977,S001,64.05,4,Wed,30
4978,S001,63.34,0,Mon,44
4979,S004,59.61,8,Sat,66
4980,S001,94.18,4,Tue,44
4981,S004,90.23,5,Wed,32
4982,S003,87.58,5,Tue,40
4983,S004,84.71,3,Fri,60
4984,S001,53.51,8,Sun,65
4985,S001,95.11,6,Thu,40
4986,S004,75.52,4,Sat,67
4987,S003,48.07,8,Wed,21
4988,S003,92.14,4,Sat,51
4989,S004,58.19,7,Mon,55
4990,S001,54.93,7,Sat,38
4991,S001,75.68,6,Thu,37
4992,S003,87.65,7,Wed,45
4993,S001,76.25,4,Sun,35
4994,S001,58.45,4,Sun,18
4995,S004,94.75,6,Sat,39
4996,S004,62.01,3,Fri,29
4997,S002,74.75,5,Fri,21
4998,S004,73.98,8,Tue,31
4999,S002,54.96,3,Thu,57
5000,S004,110.31,4,Sat,39
5001,S004,88.06,4,Fri,58
5002,S001,110.61,7,Sun,56
5003,S002,50.7,6,Sat,44
5004,S002,78.95,6,Thu,69
5005,S003,99.5,3,Mon,27
5006,S004,61.22,6,Mon,18
5007,S004,63.39,3,Tue,22
5008,S001,46.82,6,Tue,67
5009,S001,46.09,5,Fri,47
5010,S002,71.76,1,Wed,54
5011,S002,80.11,5,Sat,30
5012,S001,86.22,5,Sun,66
5013,S003,67.57,3,Wed,55
5014,S001,49.36,4,Tue,60
5015,S003,78.23,7,Fri,34
5016,S001,89.57,2,Wed,69
5017,S001,93.04,3,Tue,21
5018,S003,65.6,6,Fri,47
5019,S003,90.05,4,Sun,62
5020,S003,75.95,4,Thu,42
5021,S004,45.87,6,Mon,39
5022,S004,80.75,6,Sat,27
5023,S003,87.21,6,Wed,58
5024,S004,121.17,7,Tue,68
5025,S003,66.24,6,Thu,20
5026,S003,106.72,2,Sat,41
5027,S003,73.2,4,Wed,65
5028,S002,79.9,4,Sat,40
5029,S001,108.33,6,Fri,68
5030,S003,69.25,8,Thu,66
5031,S004,62.47,4,Tue,40
5032,S004,52.6,7,Mon,61
5033,S004,72.65,6,Thu,23
5034,S002,55.23,5,Mon,50
5035,S001,77.0,0,Fri,18
5036,S004,68.79,10,Thu,44
5037,S001,108.28,6,Thu,20
5038,S001,111.09,7,Sun,43
5039,S002,109.16,3,Tue,56
5040,S002,69.11,3,Tue,49
5041,S001,104.07,5,Fri,23
5042,S002,56.92,2,Sat,31
5043,S002,44.5,6,Thu,45
5044,S003,50.17,5,Wed,42
5045,S004,94.02,3,Sun,59
5046,S002,108.28,3,Fri,30
5047,S001,93.3,8,Sun,66
5048,S001,85.7,3,Sat,47
5049,S002,75.54,4,Wed,33
5050,S002,66.8,4,Thu,23
5051,S001,65.15,6,Wed,41
5052,S004,64.43,5,Sat,56
5053,S001,89.65,5,Sat,66
5054,S002,62.36,4,Tue,46
5055,S002,72.28,6,Fri,32
5056,S003,110.64,3,Tue,52
5057,S001,66.79,3,Wed,42
5058,S002,77.3,5,Wed,55
5059,S004,83.35,4,Fri,66
5060,S002,86.23,7,Thu,19
5061,S002,72.52,10,Fri,57
5062,S001,69.58,1,Sat,21
5063,S003,91.68,5,Sat,42
5064,S004,67.18,1,Sun,42
5065,S002,91.07,2,Mon,47
5066,S003,83.69,7,Sat,62
5067,S001,81.51,4,Sat,54
5068,S004,53.17,5,Tue,61
5069,S004,52.87,3,Fri,23
5070,S003,54.95,4,Mon,25
5071,S003,74.97,3,Fri,36
5072,S003,88.14,8,Tue,58
5073,S001,98.54,3,Tue,55
5074,S001,71.78,5,Wed,46
5075,S004,79.86,8,Thu,44
5076,S004,66.59,5,Sat,43
5077,S002,61.36,3,Thu,20
5078,S002,44.08,7,Thu,31
5079,S002,66.17,5,Wed,69
5080,S003,92.2,5,Sun,25
5081,S003,86.37,6,Thu,43
5082,S003,85.19,5,Thu,30
5083,S001,88.48,3,Fri,54
5084,S002,80.6,4,Sat,55
5085,S004,95.19,7,Fri,51
5086,S001,86.48,3,Wed,20
5087,S003,84.57,4,Thu,68
5088,S004,60.62,5,Thu,43
5089,S002,59.89,4,Sat,18
5090,S001,49.45,3,Sun,21
5091,S004,94.35,5,Wed,32
5092,S004,89.34,3,Sun,62
5093,S002,87.64,2,Fri,69
5094,S002,67.98,4,Mon,69
5095,S002,69.43,5,Tue,32
5096,S003,93.49,6,Mon,25
5097,S003,77.91,8,Thu,62
5098,S002,92.19,6,Tue,47
5099,S004,86.74,4,Fri,20
5100,S003,81.44,9,Sun,25
5101,S004,52.88,5,Fri,36
5102,S001,77.62,5,Sun,33
5103,S001,77.7,4,Tue,40
5104,S001,104.95,9,Wed,46
5105,S003,76.29,2,Mon,21
5106,S002,94.61,7,Wed,41
5107,S001,69.75,3,Tue,59
5108,S001,34.54,6,Wed,45
5109,S004,69.84,3,Thu,65
5110,S003,91.92,6,Wed,46
5111,S003,55.37,3,Mon,26
5112,S004,75.99,2,Tue,54
5113,S003,78.27,4,Thu,53
5114,S004,92.74,1,Mon,62
5115,S002,79.69,3,Thu,52
5116,S004,45.89,7,Sun,54
5117,S002,50.85,6,Thu,49
5118,S003,94.8,1,Wed,54
5119,S001,60.47,4,Sat,47
5120,S003,72.86,2,Fri,57
5121,S001,83.63,5,Mon,53
5122,S003,106.02,4,Wed,19
5123,S004,96.3,4,Wed,59
5124,S004,100.03,4,Mon,18
5125,S002,42.64,1,Thu,32
5126,S004,71.08,5,Fri,64
5127,S001,52.65,10,Sat,21
5128,S004,73.75,5,Mon,40
5129,S002,82.3,4,Fri,39
5130,S001,84.89,1,Sat,43
5131,S001,84.4,8,Sat,59
5132,S003,106.79,3,Fri,55
5133,S001,84.57,8,Sat,27
5134,S004,69.81,6,Fri,31
5135,S003,94.68,8,Tue,60
5136,S002,52.41,7,Wed,32
5137,S003,70.7,3,Thu,19
5138,S002,112.34,7,Sun,20
5139,S002,99.72,10,Tue,35
5140,S003,59.25,3,Sun,44
5141,S001,119.82,7,Tue,33
5142,S004,63.0,7,Tue,67
5143,S002,88.58,6,Wed,62
5144,S001,113.77,5,Sat,61
5145,S002,69.57,5,Thu,51
5146,S004,25.02,5,Mon,18
5147,S002,90.98,5,Fri,46
5148,S002,40.3,4,Mon,53
5149,S003,58.02,4,Fri,37
5150,S003,70.19,3,Sat,38
5151,S002,75.05,6,Tue,43
5152,S004,57.87,5,Sat,32
5153,S003,39.69,2,Thu,50
5154,S003,75.46,8,Sat,32
5155,S002,98.36,5,Fri,42
5156,S002,106.95,2,Thu,53
5157,S004,87.28,4,Tue,31
5158,S003,71.88,6,Tue,48
5159,S003,50.5,5,Tue,52
5160,S002,96.38,4,Sun,20
5161,S003,91.01,7,Sat,34
5162,S002,93.16,4,Sat,69
5163,S001,63.38,2,Fri,37
5164,S002,62.81,7,Tue,36
5165,S002,91.83,1,Wed,58
5166,S002,92.15,5,Sun,59
5167,S001,91.39,2,Wed,49
5168,S002,113.33,3,Thu,35
5169,S002,50.04,0,Fri,46
5170,S002,77.55,6,Sun,48
5171,S001,99.05,9,Sat,31
5172,S001,87.57,7,Tue,54
5173,S004,111.78,6,Wed,53
5174,S003,90.06,4,Thu,37
5175,S001,63.38,4,Fri,37
5176,S002,71.03,5,Fri,22
5177,S002,124.4,5,Sun,55
5178,S004,86.74,7,Wed,60
5179,S003,67.05,4,Sun,36
5180,S004,83.67,9,Tue,53
5181,S003,85.01,9,Sun,52
5182,S002,99.74,8,Thu,25
5183,S004,54.62,6,Wed,56
5184,S003,65.56,5,Sat,51
5185,S001,77.86,6,Tue,57
5186,S004,61.71,7,Sun,34
5187,S002,94.98,2,Wed,61
5188,S004,60.54,0,Thu,38
5189,S002,56.51,6,Mon,61
5190,S001,61.87,6,Wed,43
5191,S002,111.3,5,Sat,57
5192,S002,95.96,5,Sat,20
5193,S001,86.93,9,Wed,25
5194,S003,81.32,9,Tue,21
5195,S002,43.59,4,Wed,26
5196,S001,14.04,7,Sun,46
5197,S001,45.18,5,Mon,44
5198,S003,63.76,4,Mon,52
5199,S004,43.48,2,Sat,50
5200,S004,69.42,8,Wed,32
5201,S004,74.63,4,Thu,55
5202,S003,68.15,4,Tue,36
5203,S002,83.65,2,Fri,27
5204,S001,76.68,6,Tue,22
5205,S002,43.81,5,Thu,19
5206,S004,27.09,6,Fri,45
5207,S004,88.3,2,Sat,63
5208,S001,93.33,10,Sun,24
5209,S001,61.01,3,Mon,27
5210,S002,90.19,8,Tue,44
5211,S002,114.31,2,Thu,69
5212,S004,118.56,7,Sat,21
5213,S001,102.36,2,Fri,18
5214,S001,81.37,5,Tue,38
5215,S004,47.49,9,Sun,63
5216,S004,64.18,10,Mon,40
5217,S004,48.52,3,Sun,69
5218,S004,74.03,4,Sun,38
5219,S002,45.51,3,Mon,51
5220,S003,36.88,3,Thu,67
5221,S004,84.17,7,Wed,54
5222,S001,47.87,8,Mon,51
5223,S003,32.95,4,Sat,56
5224,S004,42.68,3,Sun,20
5225,S002,58.78,12,Tue,63
5226,S004,88.67,7,Sun,65
5227,S004,81.86,5,Sun,62
5228,S004,96.36,5,Mon,47
5229,S003,82.93,4,Thu,18
5230,S003,102.5,7,Thu,47
5231,S004,36.5,5,Tue,19
5232,S001,43.76,9,Mon,48
5233,S001,82.13,7,Thu,39
5234,S004,78.22,8,Wed,62
5235,S003,65.8,5,Wed,65
5236,S001,44.72,3,Sun,62
5237,S003,79.66,5,Sun,65
5238,S003,49.76,2,Wed,68
5239,S004,59.98,6,Wed,32
5240,S004,54.67,5,Sun,69
5241,S004,64.87,3,Tue,43
5242,S004,113.29,4,Tue,52
5243,S002,101.11,9,Thu,54
5244,S003,67.84,8,Sun,32
5245,S002,81.82,2,Thu,60
5246,S001,89.32,5,Sat,27
5247,S003,56.95,4,Thu,46
5248,S002,93.12,6,Wed,68
5249,S002,47.81,6,Wed,47
5250,S004,80.13,3,Thu,55
5251,S004,87.74,10,Sat,31
5252,S002,84.01,5,Wed,68
5253,S003,116.12,7,Sun,19
5254,S001,84.35,11,Thu,53
5255,S003,83.02,3,Tue,18
5256,S004,97.84,11,Fri,27
5257,S001,59.39,9,Wed,34
5258,S002,92.51,2,Sat,54
5259,S003,97.18,2,Sun,28
5260,S002,65.52,3,Sun,26
5261,S001,54.06,4,Sun,52
5262,S002,86.39,4,Fri,60
5263,S002,104.22,9,Fri,41
5264,S001,80.88,3,Sat,48
5265,S001,47.81,8,Sat,69
5266,S002,86.9,3,Mon,30
5267,S001,64.48,4,Wed,31
5268,S003,88.96,7,Fri,32
5269,S003,127.38,7,Sun,39
5270,S001,110.72,4,Thu,55
5271,S004,102.63,3,Sun,58
5272,S003,82.29,6,Fri,25
5273,S002,87.83,5,Sat,64
5274,S001,68.64,5,Fri,58
5275,S004,61.61,4,Tue,61
5276,S003,92.06,5,Sun,28
5277,S001,63.77,2,Sat,48
5278,S004,88.08,5,Sat,45
5279,S003,60.65,2,Tue,43
5280,S001,89.34,5,Sun,19
5281,S004,68.33,5,Wed,28
5282,S002,49.61,5,Sat,67
5283,S004,68.62,4,Sat,35
5284,S004,73.1,4,Sun,52
5285,S002,107.87,6,Wed,19
5286,S004,83.21,7,Sat,22
5287,S001,61.42,6,Sat,46
5288,S003,64.31,6,Sat,21
5289,S003,77.47,7,Tue,55
5290,S001,61.26,4,Thu,24
5291,S003,83.65,3,Sun,31
5292,S003,55.2,4,Sun,67
5293,S001,82.04,2,Fri,56
5294,S004,74.26,5,Thu,27
5295,S003,76.91,5,Wed,26
5296,S002,92.85,7,Mon,34
5297,S003,47.21,7,Mon,28
5298,S004,80.82,5,Tue,33
5299,S001,77.87,3,Thu,37
5300,S001,51.0,4,Sun,46
5301,S001,51.84,4,Mon,36
5302,S002,79.04,4,Sat,19
5303,S003,40.34,4,Thu,49
5304,S001,67.2,5,Wed,18
5305,S004,81.88,3,Sun,20
5306,S001,86.22,8,Fri,36
5307,S001,27.53,1,Sun,31
5308,S003,84.35,4,Mon,42
5309,S003,57.49,6,Wed,64
5310,S003,82.68,7,Tue,30
5311,S004,89.28,6,Sat,34
5312,S003,74.68,2,Sun,42
5313,S003,70.35,4,Tue,52
5314,S003,47.68,5,Sat,51
5315,S001,111.03,6,Sat,61
5316,S004,77.19,3,Tue,68
5317,S002,56.72,4,Fri,61
5318,S004,32.67,5,Thu,63
5319,S001,105.7,3,Mon,46
5320,S002,105.34,3,Sat,19
5321,S004,59.34,2,Sat,30
5322,S001,92.52,11,Sun,23
5323,S001,68.3,3,Fri,26
5324,S002,62.48,6,Tue,52
5325,S001,97.18,7,Thu,45
5326,S002,78.32,4,Tue,30
5327,S004,82.72,8,Sat,53
5328,S002,117.93,3,Thu,47
5329,S002,45.36,4,Thu,39
5330,S001,72.91,5,Fri,53
5331,S003,75.46,5,Wed,21
5332,S001,48.5,0,Fri,31
5333,S001,74.08,2,Wed,18
5334,S004,70.6,2,Sun,40
5335,S002,81.45,2,Fri,42
5336,S004,37.59,1,Fri,28
5337,S004,69.28,2,Thu,43
5338,S002,102.67,6,Wed,39
5339,S004,76.51,6,Mon,67
5340,S003,90.6,6,Wed,43
5341,S002,98.71,3,Sun,57
5342,S004,96.59,4,Sat,65
5343,S003,105.65,6,Sat,41
5344,S001,84.67,1,Mon,33
5345,S002,89.22,1,Fri,55
5346,S001,100.95,10,Tue,61
5347,S004,86.26,9,Sat,23
5348,S003,108.2,5,Sun,41
5349,S003,68.88,6,Sat,39
5350,S003,95.01,5,Sat,37
5351,S001,79.8,6,Mon,43
5352,S003,115.07,5,Sat,69
5353,S003,54.45,6,Tue,24
5354,S001,69.2,6,Wed,28
5355,S001,81.79,3,Sun,50
5356,S003,63.93,5,Tue,22
5357,S004,78.71,8,Sun,36
5358,S004,58.83,7,Thu,66
5359,S002,44.13,6,Tue,23
5360,S003,74.99,6,Sat,49
5361,S002,96.76,6,Fri,40
5362,S001,88.69,3,Sat,27
5363,S001,38.15,6,Sat,30
5364,S001,87.21,4,Sun,21
5365,S001,102.46,7,Mon,37
5366,S004,53.8,3,Thu,48
5367,S001,98.99,4,Tue,43
5368,S001,50.54,5,Thu,19
5369,S004,97.37,7,Mon,40
5370,S001,62.23,5,Wed,29
5371,S002,97.01,5,Fri,49
5372,S003,38.0,8,Thu,29
5373,S003,114.52,4,Sun,27
5374,S001,82.5,7,Tue,34
5375,S001,93.05,1,Sun,49
5376,S001,88.33,7,Fri,48
5377,S004,64.18,5,Thu,55
5378,S003,52.23,4,Tue,63
5379,S002,92.33,5,Tue,54
5380,S004,60.46,3,Tue,30
5381,S004,63.85,5,Wed,57
5382,S004,81.67,6,Fri,60
5383,S002,79.84,4,Thu,31
5384,S002,77.71,3,Fri,50
5385,S003,76.27,3,Sun,25
5386,S002,85.14,8,Mon,59
5387,S001,71.05,4,Sat,54
5388,S001,71.73,3,Thu,64
5389,S003,135.62,7,Sat,20
5390,S002,62.37,6,Tue,42
5391,S003,69.71,4,Sat,63
5392,S003,50.45,8,Mon,55
5393,S002,54.16,5,Fri,59
5394,S004,69.33,6,Tue,22
5395,S002,91.74,4,Wed,57
5396,S001,46.26,5,Thu,57
5397,S002,66.76,3,Fri,47
5398,S004,71.55,3,Mon,43
5399,S002,28.44,7,Mon,29
5400,S001,63.53,6,Sat,61
5401,S001,84.29,2,Wed,37
5402,S004,72.95,1,Tue,47
5403,S004,93.25,10,Mon,20
5404,S001,56.8,6,Sat,44
5405,S001,102.75,3,Thu,30
5406,S002,89.16,2,Thu,36
5407,S003,43.18,4,Thu,21
5408,S003,78.87,5,Mon,46
5409,S004,92.2,8,Mon,66
5410,S004,81.73,6,Wed,19
5411,S003,84.01,5,Wed,20
5412,S001,88.03,9,Thu,55
5413,S004,73.47,4,Sun,65
5414,S002,63.65,11,Wed,57
5415,S003,69.07,3,Tue,69
5416,S002,51.03,5,Thu,20
5417,S002,96.86,5,Sat,38
5418,S001,65.9,1,Sat,57
5419,S004,93.15,6,Sat,51
5420,S004,76.54,5,Sat,53
5421,S004,92.49,3,Sat,63
5422,S001,69.47,7,Wed,54
5423,S002,99.76,5,Mon,41
5424,S002,73.67,4,Sun,52
5425,S002,50.13,3,Sun,26
5426,S002,65.85,4,Thu,34
5427,S004,90.01,3,Sun,60
5428,S004,88.11,4,Tue,54
5429,S002,69.59,5,Sat,36
5430,S002,43.17,8,Tue,49
5431,S001,93.35,6,Thu,44
5432,S004,38.63,3,Sun,30
5433,S004,61.77,4,Thu,66
5434,S002,95.83,3,Sun,52
5435,S004,100.13,4,Sat,21
5436,S004,64.42,6,Sat,64
5437,S002,59.26,3,Wed,19
5438,S003,84.52,4,Tue,66
5439,S003,103.01,6,Wed,48
5440,S003,67.18,6,Fri,39
5441,S004,68.36,3,Mon,39
5442,S001,72.45,6,Fri,50
5443,S004,68.03,5,Thu,50
5444,S002,63.25,4,Thu,25
5445,S001,66.92,6,Sat,60
5446,S002,49.75,3,Sat,31
5447,S001,69.53,5,Wed,40
5448,S001,38.4,4,Fri,19
5449,S001,97.54,2,Mon,52
5450,S001,56.79,7,Fri,39
5451,S003,93.73,8,Sat,59
5452,S001,109.09,8,Tue,63
5453,S001,46.19,6,Mon,31
5454,S002,77.43,4,Wed,23
5455,S002,60.14,6,Thu,37
5456,S003,67.1,8,Fri,49
5457,S001,62.56,2,Sat,43
5458,S002,54.46,4,Thu,18
5459,S001,82.98,8,Mon,57
5460,S001,50.93,5,Mon,68
5461,S004,76.76,8,Thu,29
5462,S001,54.75,2,Wed,18
5463,S002,120.41,4,Sun,25
5464,S004,71.03,8,Mon,18
5465,S004,95.29,6,Thu,57
5466,S002,63.47,6,Tue,57
5467,S001,71.3,2,Sat,25
5468,S001,93.44,4,Fri,69
5469,S001,46.57,7,Wed,43
5470,S004,68.91,8,Sun,33
5471,S002,92.56,1,Fri,32
5472,S004,84.68,4,Fri,22
5473,S004,81.81,5,Mon,67
5474,S001,77.77,7,Tue,27
5475,S003,86.06,5,Wed,54
5476,S001,70.64,4,Sat,67
5477,S003,88.14,5,Mon,52
5478,S002,59.68,6,Tue,56
5479,S004,71.99,6,Thu,23
5480,S001,61.09,7,Wed,18
5481,S002,58.92,9,Sun,25
5482,S003,78.87,5,Sun,61
5483,S004,62.78,4,Mon,50
5484,S004,104.55,5,Sun,29
5485,S002,117.96,3,Mon,19
5486,S002,100.41,6,Wed,66
5487,S002,92.84,8,Fri,56
5488,S001,86.04,4,Tue,27
5489,S004,84.49,1,Fri,34
5490,S002,47.5,9,Fri,31
5491,S003,35.74,1,Wed,57
5492,S001,70.12,4,Sat,41
5493,S003,69.49,5,Sat,34
5494,S004,122.5,4,Fri,19
5495,S004,54.75,5,Fri,37
5496,S003,122.26,4,Sun,47
5497,S001,54.03,5,Mon,53
5498,S002,75.41,2,Tue,30
5499,S002,42.42,7,Wed,66
5500,S002,105.92,2,Tue,64
5501,S002,69.75,9,Thu,25
5502,S002,47.57,4,Mon,50
5503,S003,109.9,7,Tue,46
5504,S003,36.99,3,Sat,57
5505,S001,89.68,4,Thu,62
5506,S004,55.56,6,Fri,61
5507,S002,84.76,5,Mon,34
5508,S004,91.85,9,Tue,66
5509,S002,74.93,6,Tue,26
5510,S002,98.22,1,Tue,19
5511,S003,72.11,6,Tue,58
5512,S001,67.27,3,Thu,35
5513,S002,50.88,6,Fri,50
5514,S004,38.15,7,Mon,47
5515,S001,31.47,4,Mon,69
5516,S003,85.8,5,Sun,62
5517,S002,64.54,4,Tue,33
5518,S003,88.73,5,Sun,47
5519,S002,109.51,8,Sun,63
5520,S004,93.91,5,Fri,21
5521,S001,50.46,2,Mon,32
5522,S004,64.42,5,Sun,39
5523,S002,63.85,3,Fri,35
5524,S002,97.8,9,Tue,42
5525,S003,92.06,6,Fri,25
5526,S001,59.25,4,Tue,36
5527,S004,104.72,3,Sun,35
5528,S001,67.07,7,Sun,18
5529,S002,57.69,2,Thu,48
5530,S004,88.37,4,Thu,56
5531,S003,48.08,3,Thu,65
5532,S002,97.2,4,Sun,20
5533,S003,125.75,7,Fri,33
5534,S004,106.56,3,Mon,64
5535,S004,70.85,5,Sat,19
5536,S002,98.62,4,Tue,69
5537,S002,102.75,8,Wed,60
5538,S003,83.69,7,Tue,20
5539,S002,95.37,5,Tue,66
5540,S001,68.06,4,Mon,57
5541,S001,73.6,6,Fri,66
5542,S003,88.7,2,Sun,54
5543,S003,59.12,6,Tue,62
5544,S002,96.62,3,Sat,41
5545,S002,59.25,2,Tue,31
5546,S001,84.75,4,Fri,46
5547,S003,63.22,8,Sun,18
5548,S003,87.86,7,Sun,54
5549,S001,64.26,4,Mon,33
5550,S003,74.36,6,Sun,19
5551,S002,62.29,4,Mon,29
5552,S003,80.68,3,Wed,50
5553,S003,60.54,1,Wed,35
5554,S002,108.52,3,Sun,38
5555,S002,47.5,4,Thu,18
5556,S001,71.26,5,Sun,69
5557,S001,63.98,3,Sat,58
5558,S001,79.5,5,Sun,46
5559,S004,76.93,8,Sun,26
5560,S004,85.69,3,Tue,61
5561,S003,83.36,6,Thu,46
5562,S002,53.92,5,Sun,50
5563,S003,109.07,8,Thu,67
5564,S002,72.92,5,Wed,61
5565,S002,63.62,5,Sat,32
5566,S003,77.9,1,Thu,54
5567,S003,105.2,6,Thu,62
5568,S004,58.84,2,Fri,36
5569,S003,78.27,3,Thu,50
5570,S002,82.36,4,Mon,52
5571,S002,47.61,10,Mon,28
5572,S003,56.95,8,Mon,61
5573,S002,77.84,5,Mon,31
5574,S004,66.29,5,Sun,36
5575,S002,104.42,3,Thu,36
5576,S003,49.01,2,Fri,53
5577,S002,72.2,8,Thu,37
5578,S001,83.11,4,Tue,50
5579,S003,56.44,3,Sun,67
5580,S004,66.98,3,Thu,28
5581,S001,71.34,3,Thu,47
5582,S001,65.13,1,Fri,65
5583,S001,98.62,4,Sat,30
5584,S004,66.41,4,Mon,31
5585,S001,80.17,7,Sun,20
5586,S001,62.95,3,Sat,52
5587,S004,41.1,4,Tue,44
5588,S001,26.44,6,Thu,36
5589,S003,81.72,6,Fri,68
5590,S003,75.02,3,Thu,48
5591,S002,87.9,7,Sun,26
5592,S003,75.03,6,Thu,22
5593,S001,100.24,4,Fri,66
5594,S003,62.41,4,Fri,31
5595,S004,96.51,1,Tue,34
5596,S004,41.11,6,Sat,35
5597,S004,83.28,5,Sun,69
5598,S001,56.97,5,Sat,64
5599,S004,56.69,10,Tue,68
5600,S001,80.5,5,Wed,48
5601,S003,39.51,5,Thu,48
5602,S004,99.85,4,Sat,60
5603,S001,104.71,8,Thu,57
5604,S001,88.16,6,Fri,43
5605,S001,65.11,5,Mon,69
5606,S001,92.16,4,Mon,25
5607,S004,24.49,6,Tue,48
5608,S001,66.17,2,Tue,33
5609,S003,75.72,6,Mon,24
5610,S001,80.27,4,Sun,47
5611,S003,77.79,2,Thu,23
5612,S003,70.77,4,Sun,63
5613,S003,53.3,3,Wed,42
5614,S004,92.33,7,Thu,40
5615,S003,88.73,7,Mon,34
5616,S003,59.24,3,Sun,43
5617,S001,80.13,1,Sun,41
5618,S003,87.55,3,Fri,31
5619,S004,86.53,4,Sun,22
5620,S004,95.75,8,Thu,56
5621,S004,57.1,8,Sun,58
5622,S003,60.25,8,Mon,30
5623,S002,63.53,4,Wed,35
5624,S003,105.94,6,Sun,18
5625,S003,95.36,5,Fri,18
5626,S002,47.9,6,Fri,34
5627,S003,105.17,7,Fri,34
5628,S001,44.97,6,Thu,52
5629,S003,66.34,4,Fri,21
5630,S002,60.53,4,Wed,19
5631,S003,49.7,6,Tue,68
5632,S001,111.71,2,Sun,21
5633,S003,56.02,5,Mon,23
5634,S004,90.69,1,Wed,39
5635,S001,72.99,3,Sat,64
5636,S004,56.66,7,Thu,25
5637,S004,62.5,2,Tue,29
5638,S001,64.13,7,Thu,26
5639,S004,80.87,6,Mon,63
5640,S002,89.95,8,Tue,42
5641,S002,71.48,3,Sat,35
5642,S001,89.83,5,Thu,29
5643,S004,78.27,7,Thu,34
5644,S003,82.83,10,Wed,41
5645,S002,54.19,4,Sun,37
5646,S002,106.93,6,Tue,45
5647,S001,109.32,7,Wed,18
5648,S004,56.61,7,Tue,58
5649,S002,64.69,6,Fri,53
5650,S003,82.73,2,Thu,64
5651,S004,82.0,6,Mon,19
5652,S002,87.03,3,Wed,18
5653,S004,69.54,9,Sat,31
5654,S003,95.22,6,Fri,23
5655,S004,67.78,6,Mon,57
5656,S001,56.29,9,Thu,67
5657,S001,75.23,3,Wed,65
5658,S004,53.25,3,Wed,58
5659,S002,50.93,6,Thu,30
5660,S002,63.41,3,Sat,54
5661,S004,76.73,5,Wed,19
5662,S004,60.8,4,Mon,23
5663,S001,76.06,5,Mon,47
5664,S002,60.66,12,Sun,28
5665,S002,73.1,5,Sun,21
5666,S003,82.85,6,Wed,63
5667,S002,54.22,7,Thu,68
5668,S001,98.28,2,Tue,30
5669,S004,84.36,3,Thu,65
5670,S001,100.39,6,Wed,64
5671,S001,86.71,6,Tue,31
5672,S003,91.11,6,Mon,29
5673,S004,85.92,3,Mon,57
5674,S002,74.61,5,Sun,60
5675,S004,73.4,5,Wed,36
5676,S003,60.94,7,Fri,43
5677,S001,68.33,5,Sat,57
5678,S001,92.53,7,Thu,62
5679,S001,68.45,5,Wed,60
5680,S001,73.2,4,Wed,55
5681,S003,59.39,6,Fri,49
5682,S004,106.95,2,Mon,64
5683,S001,73.31,6,Tue,23
5684,S003,58.24,6,Mon,56
5685,S002,100.84,5,Tue,34
5686,S002,82.6,5,Sun,62
5687,S004,96.3,3,Sun,44
5688,S004,65.17,5,Sun,27
5689,S002,82.59,2,Sat,21
5690,S004,81.16,5,Thu,52
5691,S003,49.97,4,Sat,20
5692,S002,92.15,8,Sat,48
5693,S002,75.91,0,Sun,58
5694,S001,57.01,4,Fri,44
5695,S001,78.64,3,Thu,47
5696,S004,67.03,2,Tue,68
5697,S003,66.51,9,Thu,47
5698,S003,84.52,3,Sat,44
5699,S002,64.61,9,Fri,35
5700,S001,93.17,2,Mon,31
5701,S001,69.85,6,Sat,19
5702,S002,88.34,6,Fri,42
5703,S002,104.09,7,Thu,35
5704,S002,88.93,7,Tue,65
5705,S004,66.95,4,Sat,36
5706,S003,83.74,3,Tue,56
5707,S003,72.1,8,Mon,19
5708,S004,60.57,7,Thu,52
5709,S001,36.9,5,Fri,28
5710,S001,78.79,3,Tue,40
5711,S001,117.71,11,Fri,49
5712,S004,105.25,4,Thu,43
5713,S004,104.08,7,Thu,65
5714,S003,42.23,6,Wed,51
5715,S001,43.18,7,Sun,63
5716,S001,61.12,5,Wed,67
5717,S001,57.43,5,Thu,39
5718,S004,58.85,2,Thu,43
5719,S003,67.38,3,Fri,28
5720,S003,91.19,4,Fri,38
5721,S002,80.6,6,Wed,32
5722,S001,85.54,4,Sun,64
5723,S003,27.67,6,Fri,42
5724,S001,85.26,7,Sat,30
5725,S003,76.83,2,Sat,64
5726,S002,87.53,5,Fri,51
5727,S003,60.13,6,Fri,52
5728,S004,81.55,4,Sat,39
5729,S003,59.48,1,Fri,57
5730,S004,24.86,7,Thu,28
5731,S001,84.52,8,Fri,63
5732,S004,56.98,8,Mon,44
5733,S001,75.29,2,Tue,67
5734,S001,92.98,4,Wed,28
5735,S003,81.71,5,Sun,32
5736,S001,94.21,3,Sat,45
5737,S001,69.25,4,Sun,24
5738,S004,15.12,9,Fri,35
5739,S002,100.01,6,Fri,38
5740,S004,51.56,3,Sat,62
5741,S004,54.29,7,Sat,36
5742,S001,88.92,7,Sun,53
5743,S001,84.9,4,Sun,44
5744,S004,65.85,4,Thu,18
5745,S003,42.13,4,Mon,53
5746,S002,106.49,1,Sun,40
5747,S001,74.4,3,Fri,33
5748,S001,54.98,5,Tue,23
5749,S004,56.38,6,Tue,65
5750,S003,96.47,7,Tue,58
5751,S001,70.28,8,Sun,38
5752,S001,79.74,9,Mon,54
5753,S004,63.32,4,Wed,18
5754,S001,92.07,9,Tue,52
5755,S002,70.64,9,Wed,30
5756,S002,110.32,2,Tue,22
5757,S002,79.18,4,Mon,45
5758,S004,106.67,6,Wed,31
5759,S004,71.77,2,Mon,54
5760,S001,62.38,4,Tue,41
5761,S003,39.77,7,Sat,48
5762,S003,63.82,4,Fri,61
5763,S001,54.52,4,Mon,61
5764,S003,75.75,5,Thu,64
5765,S004,84.47,6,Mon,36
5766,S003,71.16,6,Thu,35
5767,S003,74.67,5,Wed,57
5768,S002,79.38,7,Fri,26
5769,S003,55.54,4,Thu,61
5770,S004,24.45,2,Thu,60
5771,S002,15.83,3,Mon,32
5772,S001,87.5,7,Tue,69
5773,S001,94.91,6,Tue,29
5774,S003,94.81,3,Sat,40
5775,S004,115.39,2,Wed,33
5776,S002,83.48,7,Fri,30
5777,S002,91.05,7,Tue,26
5778,S001,69.25,10,Thu,43
5779,S004,80.41,2,Fri,30
5780,S002,60.97,4,Mon,50
5781,S001,82.21,6,Thu,44
5782,S003,67.65,5,Thu,22
5783,S002,112.89,5,Tue,45
5784,S001,123.57,3,Thu,31
5785,S004,106.13,5,Thu,49
5786,S004,91.22,7,Mon,42
5787,S002,65.41,6,Mon,48
5788,S001,38.86,4,Thu,46
5789,S003,101.45,4,Thu,20
5790,S002,45.61,5,Tue,22
5791,S002,65.54,8,Sat,49
5792,S002,72.78,3,Sat,63
5793,S002,71.73,4,Fri,61
5794,S001,89.75,8,Fri,48
5795,S003,76.39,6,Wed,24
5796,S003,77.78,6,Sat,50
5797,S001,63.55,6,Tue,23
5798,S003,78.89,3,Mon,61
5799,S002,84.87,5,Sun,53
5800,S003,92.34,7,Sun,64
5801,S004,75.8,7,Sat,48
5802,S002,57.49,6,Wed,59
5803,S004,82.51,9,Sun,63
5804,S004,72.71,8,Wed,45
5805,S002,65.48,3,Tue,27
5806,S002,110.93,5,Wed,66
5807,S002,70.01,6,Sat,26
5808,S004,48.09,3,Sun,58
5809,S001,69.94,6,Thu,29
5810,S003,74.65,4,Sat,18
5811,S002,57.84,1,Fri,38
5812,S004,58.64,7,Sun,49
5813,S002,50.79,6,Mon,19
5814,S004,37.08,3,Thu,61
5815,S001,64.08,4,Sun,37
5816,S003,68.44,5,Fri,47
5817,S001,83.36,4,Mon,68
5818,S002,58.94,5,Thu,46
5819,S004,72.5,4,Wed,35
5820,S002,82.34,2,Wed,31
5821,S003,66.36,4,Tue,28
5822,S001,62.14,3,Sun,48
5823,S003,67.66,4,Sun,61
5824,S002,66.64,7,Sat,65
5825,S001,52.77,3,Thu,35
5826,S004,106.32,4,Tue,58
5827,S002,84.93,3,Tue,40
5828,S004,44.46,7,Sun,23
5829,S003,108.62,6,Wed,58
5830,S002,93.9,4,Tue,40
5831,S004,90.85,5,Thu,63
5832,S001,72.48,10,Wed,43
5833,S004,68.17,4,Tue,55
5834,S004,97.3,5,Mon,50
5835,S004,90.26,3,Fri,54
5836,S002,89.37,7,Mon,21
5837,S003,116.22,4,Fri,29
5838,S004,52.15,2,Sat,37
5839,S002,61.56,8,Thu,44
5840,S002,83.48,3,Sun,58
5841,S003,69.65,6,Wed,39
5842,S003,72.6,1,Fri,57
5843,S004,97.24,6,Mon,32
5844,S004,79.09,5,Thu,43
5845,S002,71.52,4,Mon,21
5846,S003,61.2,3,Wed,40
5847,S001,84.79,1,Thu,47
5848,S002,86.86,9,Wed,58
5849,S004,61.21,4,Wed,49
5850,S003,59.15,7,Thu,36
5851,S002,48.82,3,Mon,27
5852,S001,88.2,6,Tue,55
5853,S001,98.18,2,Tue,48
5854,S003,62.06,4,Mon,43
5855,S002,57.94,6,Sun,57
5856,S001,80.06,4,Wed,69
5857,S001,50.3,1,Sat,34
5858,S002,65.6,6,Sun,30
5859,S004,87.76,4,Mon,33
5860,S001,76.29,2,Fri,43
5861,S001,100.33,3,Mon,21
5862,S001,74.93,4,Fri,46
5863,S001,66.47,5,Tue,23
5864,S001,114.12,2,Sun,52
5865,S003,81.74,5,Wed,20
5866,S004,78.88,7,Fri,34
5867,S001,80.95,7,Sat,57
5868,S001,70.1,4,Sun,57
5869,S002,51.56,6,Wed,50
5870,S002,75.04,10,Fri,65
5871,S003,63.64,2,Tue,42
5872,S003,74.83,5,Mon,29
5873,S004,70.15,5,Wed,63
5874,S004,83.16,5,Sun,21
5875,S001,66.95,3,Tue,69
5876,S002,41.66,4,Thu,33
5877,S004,97.15,5,Sat,69
5878,S001,98.49,2,Sun,53
5879,S002,91.74,5,Sun,18
5880,S003,50.9,6,Sat,66
5881,S001,92.98,8,Sat,59
5882,S001,85.14,4,Thu,42
5883,S003,100.3,7,Thu,64
5884,S002,85.96,5,Sat,34
5885,S003,62.79,9,Wed,47
5886,S001,60.35,4,Thu,36
5887,S004,59.79,10,Sun,48
5888,S002,122.05,5,Tue,61
5889,S001,81.46,5,Tue,36
5890,S003,73.05,8,Tue,42
5891,S002,84.82,5,Mon,43
5892,S001,67.02,8,Sat,58
5893,S002,106.72,2,Mon,69
5894,S004,92.11,7,Sun,58
5895,S004,71.76,5,Wed,36
5896,S004,105.72,4,Mon,41
5897,S002,74.63,2,Sun,24
5898,S004,84.07,4,Thu,38
5899,S002,85.09,6,Fri,41
5900,S002,69.6,8,Thu,24
5901,S003,90.66,2,Fri,34
5902,S001,74.38,3,Tue,18
5903,S004,44.29,7,Fri,26
5904,S001,78.48,2,Mon,31
5905,S001,63.58,7,Wed,55
5906,S003,50.93,4,Mon,30
5907,S004,95.27,3,Fri,44
5908,S001,55.15,3,Tue,51
5909,S002,87.39,3,Sat,19
5910,S001,64.98,17,Tue,57
5911,S002,73.1,8,Sat,51
5912,S002,85.42,5,Thu,60
5913,S002,104.81,6,Thu,47
5914,S003,74.32,3,Mon,35
5915,S004,60.14,4,Tue,35
5916,S001,72.98,4,Sun,20
5917,S003,102.61,6,Wed,36
5918,S004,129.35,7,Wed,30
5919,S002,41.67,1,Tue,59
5920,S004,62.21,6,Sun,35
5921,S001,79.42,4,Tue,62
5922,S003,42.77,0,Sat,55
5923,S003,29.17,5,Tue,20
5924,S002,71.73,4,Mon,39
5925,S002,64.83,3,Wed,67
5926,S002,101.53,7,Sun,32
5927,S001,60.65,2,Mon,66
5928,S004,61.45,5,Fri,27
5929,S003,67.1,0,Sun,25
5930,S002,102.99,4,Thu,53
5931,S003,83.27,4,Fri,68
5932,S002,93.67,5,Tue,61
5933,S004,92.99,5,Mon,45
5934,S003,79.1,3,Thu,23
5935,S004,69.2,4,Thu,57
5936,S002,45.26,4,Sat,23
5937,S003,74.55,4,Fri,23
5938,S001,62.8,8,Fri,22
5939,S001,73.04,4,Mon,27
5940,S001,103.49,9,Sat,43
5941,S004,44.07,3,Sat,50
5942,S004,67.01,6,Sun,37
5943,S002,99.52,5,Fri,67
5944,S002,77.5,6,Wed,47
5945,S003,38.96,8,Wed,59
5946,S003,83.46,5,Thu,57
5947,S004,69.34,2,Sat,58
5948,S001,79.17,10,Tue,27
5949,S002,37.72,2,Sun,47
5950,S002,80.59,0,Mon,54
5951,S004,92.83,2,Thu,36
5952,S004,84.53,4,Mon,21
5953,S002,97.34,3,Wed,66
5954,S004,58.8,7,Mon,58
5955,S002,88.84,4,Tue,41
5956,S001,63.98,5,Sat,56
5957,S002,71.58,4,Fri,32
5958,S002,89.49,3,Mon,38
5959,S001,71.27,1,Tue,41
5960,S001,58.99,5,Sat,66
5961,S003,78.47,4,Sat,35
5962,S001,28.34,4,Tue,41
5963,S004,96.46,3,Sun,57
5964,S003,74.89,5,Tue,26
5965,S001,61.19,2,Thu,68
5966,S001,78.9,5,Fri,23
5967,S002,98.05,0,Mon,68
5968,S002,87.56,6,Tue,48
5969,S004,66.66,8,Mon,32
5970,S001,65.03,2,Wed,35
5971,S002,66.17,7,Mon,50
5972,S004,84.52,6,Mon,24
5973,S003,55.01,5,Sat,48
5974,S001,73.89,5,Sat,31
5975,S003,57.19,8,Mon,66
5976,S001,105.3,7,Tue,63
5977,S001,66.98,5,Thu,61
5978,S001,64.79,4,Sat,56
5979,S001,67.84,2,Sun,46
5980,S001,57.25,5,Fri,32
5981,S004,72.48,6,Thu,51
5982,S002,99.2,3,Fri,25
5983,S003,81.33,9,Wed,18
5984,S001,77.35,8,Wed,47
5985,S002,54.02,4,Fri,60
5986,S001,91.01,2,Sat,31
5987,S001,91.39,7,Thu,31
5988,S003,46.53,4,Sat,33
5989,S001,76.06,5,Fri,55
5990,S004,91.84,3,Tue,30
5991,S003,27.38,6,Mon,35
5992,S004,81.25,6,Thu,44
5993,S001,115.63,3,Sun,59
5994,S002,72.33,2,Thu,59
5995,S004,94.13,7,Thu,69
5996,S001,81.21,4,Fri,26
5997,S004,74.44,7,Mon,20
5998,S002,78.4,2,Sun,28
5999,S002,62.13,6,Mon,66
6000,S002,104.37,4,Sat,51
6001,S002,91.45,4,Tue,64
6002,S001,85.51,4,Thu,33
6003,S001,56.17,2,Sat,52
6004,S002,80.0,7,Fri,45
6005,S004,46.39,6,Wed,38
6006,S002,83.84,1,Thu,67
6007,S003,48.22,5,Mon,36
6008,S001,31.42,8,Thu,55
6009,S003,61.87,3,Mon,68
6010,S004,108.81,3,Thu,31
6011,S002,54.35,6,Wed,59
6012,S003,75.21,2,Wed,52
6013,S003,66.47,3,Wed,34
6014,S002,78.55,2,Sun,26
6015,S003,97.03,4,Mon,64
6016,S003,49.99,4,Sun,54
6017,S001,114.92,9,Sat,67
6018,S002,59.9,5,Sat,27
6019,S001,66.01,2,Mon,35
6020,S001,72.48,4,Sat,41
6021,S002,56.66,5,Sun,18
6022,S003,64.23,5,Thu,27
6023,S002,83.11,4,Fri,45
6024,S002,41.21,2,Wed,66
6025,S002,52.97,4,Thu,48
6026,S002,81.05,8,Sun,21
6027,S003,106.89,7,Sat,39
6028,S001,46.82,3,Sun,49
6029,S003,128.22,3,Fri,58
6030,S004,97.14,2,Fri,52
6031,S001,79.78,3,Fri,27
6032,S002,84.15,6,Sat,29
6033,S003,71.39,3,Sun,42
6034,S002,36.8,10,Thu,46
6035,S002,68.97,6,Sun,30
6036,S002,63.09,2,Sun,36
6037,S003,78.37,6,Fri,67
6038,S004,82.63,7,Tue,30
6039,S002,74.61,6,Wed,44
6040,S001,77.34,2,Fri,40
6041,S004,85.76,4,Thu,45
6042,S002,75.6,6,Thu,52
6043,S003,59.83,5,Tue,62
6044,S004,119.1,7,Thu,20
6045,S003,90.29,2,Mon,28
6046,S002,103.25,8,Fri,48
6047,S001,62.0,4,Wed,65
6048,S002,90.69,5,Mon,57
6049,S003,87.94,8,Tue,43
6050,S002,77.74,8,Sat,39
6051,S002,117.9,1,Sun,25
6052,S004,65.64,3,Thu,33
6053,S003,67.62,2,Sat,63
6054,S004,58.39,5,Sun,67
6055,S003,84.66,2,Thu,18
6056,S003,66.48,4,Wed,36
6057,S003,115.07,9,Wed,47
6058,S004,92.82,1,Tue,37
6059,S004,65.84,8,Mon,22
6060,S004,65.67,6,Thu,66
6061,S001,86.31,3,Sun,42
6062,S002,70.79,6,Sat,24
6063,S003,76.31,5,Fri,64
6064,S003,53.87,2,Fri,18
6065,S002,91.78,7,Mon,43
6066,S001,56.71,3,Fri,42
6067,S003,14.85,4,Sat,26
6068,S003,92.27,9,Thu,25
6069,S004,68.67,4,Thu,58
6070,S001,101.36,8,Wed,28
6071,S004,90.54,2,Mon,40
6072,S001,67.54,4,Sat,34
6073,S003,55.05,8,Fri,54
6074,S004,101.03,4,Mon,63
6075,S003,86.62,1,Sun,27
6076,S003,71.02,3,Wed,56
6077,S004,84.23,6,Sun,44
6078,S002,108.78,3,Wed,49
6079,S003,56.05,6,Sat,69
6080,S001,53.86,7,Thu,24
6081,S001,87.65,9,Thu,49
6082,S001,70.59,6,Fri,56
6083,S003,98.99,5,Mon,27
6084,S003,79.56,5,Mon,26
6085,S004,90.3,1,Mon,38
6086,S001,62.49,5,Sun,38
6087,S002,75.25,5,Fri,25
6088,S004,72.52,1,Wed,53
6089,S003,67.88,4,Wed,23
6090,S004,85.9,3,Mon,18
6091,S001,100.8,7,Fri,61
6092,S002,72.16,6,Wed,58
6093,S001,74.52,2,Tue,21
6094,S003,123.33,2,Thu,35
6095,S002,81.26,6,Tue,21
6096,S002,100.17,5,Mon,37
6097,S003,74.63,6,Fri,49
6098,S004,69.19,5,Wed,28
6099,S003,97.53,3,Fri,67
6100,S003,72.46,8,Sun,55
6101,S004,61.02,7,Tue,52
6102,S002,83.7,5,Sat,51
6103,S001,55.14,7,Thu,45
6104,S001,73.53,6,Tue,28
6105,S001,74.81,7,Sat,50
6106,S003,87.16,6,Tue,55
6107,S003,45.75,7,Mon,51
6108,S001,82.47,3,Fri,31
6109,S003,69.97,8,Sat,31
6110,S004,63.9,3,Wed,29
6111,S003,80.41,7,Sat,58
6112,S001,92.68,2,Tue,68
6113,S001,93.96,5,Sat,26
6114,S003,39.54,2,Sat,37
6115,S002,68.2,6,Sun,19
6116,S003,96.6,2,Fri,34
6117,S002,83.15,4,Sun,41
6118,S004,97.18,4,Tue,65
6119,S004,64.82,2,Fri,43
6120,S002,75.31,2,Tue,69
6121,S002,91.16,9,Sat,28
6122,S002,77.89,7,Fri,20
6123,S002,84.68,2,Tue,67
6124,S004,83.01,6,Fri,46
6125,S004,37.85,6,Mon,67
6126,S003,76.67,6,Sun,30
6127,S001,77.12,6,Mon,54
6128,S002,90.9,10,Mon,48
6129,S002,75.75,4,Wed,67
6130,S002,74.62,7,Tue,21
6131,S003,86.42,4,Fri,26
6132,S001,61.5,8,Sun,21
6133,S002,87.95,5,Fri,56
6134,S002,63.44,5,Fri,59
6135,S003,86.54,8,Mon,32
6136,S002,122.63,4,Fri,43
6137,S001,57.23,5,Fri,54
6138,S001,74.26,1,Sun,64
6139,S002,43.36,5,Fri,52
6140,S003,64.19,6,Sun,40
6141,S001,93.45,6,Sat,33
6142,S003,92.54,4,Mon,36
6143,S001,108.65,6,Sun,60
6144,S004,84.28,3,Wed,43
6145,S001,86.09,2,Tue,30
6146,S002,60.05,6,Sat,47
6147,S001,72.84,2,Fri,51
6148,S002,63.53,2,Sun,69
6149,S001,51.13,7,Thu,51
6150,S001,79.39,3,Wed,39
6151,S001,72.35,5,Sun,51
6152,S002,75.59,4,Mon,21
6153,S004,60.59,5,Sun,20
6154,S001,76.46,6,Wed,63
6155,S004,46.12,8,Thu,26
6156,S001,97.15,3,Thu,36
6157,S003,40.24,8,Fri,56
6158,S003,68.75,5,Tue,47
6159,S001,85.25,6,Sat,53
6160,S002,76.04,5,Sun,21
6161,S003,41.5,3,Thu,34
6162,S002,65.86,12,Sun,37
6163,S001,46.19,8,Fri,26
6164,S003,81.56,4,Mon,27
6165,S004,30.84,5,Tue,47
6166,S002,69.14,1,Mon,24
6167,S002,105.5,3,Fri,33
6168,S003,60.13,3,Mon,25
6169,S001,77.47,2,Thu,47
6170,S001,55.88,6,Wed,35
6171,S004,59.34,6,Fri,39
6172,S003,52.34,9,Wed,45
6173,S002,117.2,7,Sat,36
6174,S003,103.39,5,Mon,29
6175,S004,89.94,4,Sat,62
6176,S003,72.87,5,Mon,33
6177,S003,35.75,8,Mon,53
6178,S004,58.32,4,Mon,26
6179,S001,114.88,7,Sat,30
6180,S001,61.67,6,Mon,44
6181,S002,94.53,4,Sun,54
6182,S003,58.94,5,Fri,56
6183,S004,95.07,6,Fri,45
6184,S004,83.77,4,Wed,69
6185,S003,98.86,6,Fri,34
6186,S003,69.66,8,Fri,31
6187,S004,108.08,2,Tue,55
6188,S004,74.4,7,Wed,34
6189,S003,109.81,10,Sun,66
6190,S001,98.95,3,Sat,65
6191,S001,69.54,8,Thu,20
6192,S002,66.7,6,Wed,56
6193,S002,56.6,8,Sat,21
6194,S004,94.43,5,Sat,27
6195,S003,79.99,7,Mon,26
6196,S002,114.72,5,Thu,35
6197,S003,82.26,5,Tue,37
6198,S001,95.99,6,Sat,23
6199,S001,39.27,8,Tue,26
6200,S001,84.92,4,Tue,21
6201,S002,64.49,7,Fri,26
6202,S003,99.16,5,Mon,58
6203,S002,89.33,11,Sun,20
6204,S004,72.54,4,Mon,40
6205,S003,85.95,6,Wed,48
6206,S004,51.05,6,Sat,45
6207,S002,66.87,1,Sat,35
6208,S001,78.42,3,Sun,25
6209,S002,64.95,3,Fri,41
6210,S001,114.63,4,Mon,37
6211,S003,104.89,7,Thu,53
6212,S001,101.97,6,Tue,64
6213,S002,77.6,5,Sat,40
6214,S003,120.2,3,Sun,23
6215,S002,96.22,4,Tue,53
6216,S004,88.66,2,Thu,54
6217,S002,71.06,7,Sun,28
6218,S002,73.12,3,Wed,46
6219,S001,71.07,9,Fri,32
6220,S003,74.71,11,Sun,68
6221,S002,65.05,1,Wed,26
6222,S004,104.24,3,Mon,37
6223,S001,64.27,5,Sun,18
6224,S002,71.38,6,Mon,40
6225,S003,75.09,5,Sat,40
6226,S001,86.38,5,Mon,55
6227,S002,90.17,5,Thu,45
6228,S002,79.09,6,Fri,60
6229,S001,69.54,4,Wed,51
6230,S003,96.77,2,Fri,47
6231,S004,51.97,5,Tue,19
6232,S003,76.33,7,Wed,36
6233,S004,43.24,4,Thu,62
6234,S003,91.24,3,Sat,19
6235,S001,73.95,7,Mon,35
6236,S004,76.46,2,Sun,66
6237,S001,74.81,3,Fri,61
6238,S002,71.45,4,Thu,44
6239,S001,91.03,9,Sun,43
6240,S004,108.59,10,Fri,24
6241,S002,69.47,3,Wed,49
6242,S004,64.55,6,Sun,46
6243,S004,84.3,3,Wed,20
6244,S001,95.13,5,Fri,27
6245,S003,54.52,10,Wed,45
6246,S003,68.66,0,Mon,63
6247,S001,118.18,9,Fri,61
6248,S001,78.59,6,Mon,45
6249,S003,80.95,6,Thu,21
6250,S003,39.39,9,Sun,34
6251,S001,79.73,2,Fri,23
6252,S003,86.68,5,Thu,18
6253,S001,92.38,3,Sun,68
6254,S001,71.76,6,Sun,28
6255,S001,38.5,7,Thu,43
6256,S001,96.05,5,Wed,45
6257,S001,60.27,3,Sat,34
6258,S001,79.46,9,Tue,21
6259,S002,70.75,2,Thu,29
6260,S001,97.45,5,Thu,43
6261,S001,64.49,7,Thu,33
6262,S002,91.86,7,Thu,55
6263,S003,65.9,4,Wed,68
6264,S001,79.28,4,Fri,51
6265,S001,67.94,9,Sun,39
6266,S002,66.99,7,Thu,20
6267,S003,67.82,5,Sat,55
6268,S001,85.69,5,Tue,66
6269,S001,96.39,5,Wed,52
6270,S004,82.25,3,Mon,63
6271,S002,62.64,7,Sun,53
6272,S003,89.41,3,Thu,34
6273,S003,122.13,7,Mon,27
6274,S003,90.76,5,Fri,50
6275,S004,72.79,4,Thu,45
6276,S003,72.96,6,Sun,30
6277,S002,94.86,3,Thu,27
6278,S002,91.83,7,Fri,57
6279,S001,70.78,9,Thu,28
6280,S001,76.19,8,Thu,48
6281,S002,78.43,2,Thu,27
6282,S003,94.47,8,Wed,60
6283,S001,69.93,4,Tue,50
6284,S001,64.82,5,Wed,32
6285,S003,79.18,5,Mon,66
6286,S001,67.1,3,Mon,54
6287,S002,88.47,9,Mon,50
6288,S004,111.99,4,Sat,57
6289,S004,85.81,3,Tue,39
6290,S002,118.33,3,Sun,64
6291,S001,66.97,2,Thu,28
6292,S002,53.99,2,Fri,69
6293,S001,64.18,7,Sun,25
6294,S001,72.45,8,Sun,55
6295,S002,57.69,6,Thu,41
6296,S002,60.12,5,Thu,63
6297,S002,109.4,10,Sun,19
6298,S004,67.94,5,Tue,20
6299,S004,101.73,10,Thu,63
6300,S001,62.29,6,Sun,43
6301,S002,96.5,3,Sun,57
6302,S003,78.11,8,Thu,66
6303,S001,92.0,11,Sat,18
6304,S001,80.76,5,Mon,56
6305,S004,102.66,6,Wed,44
6306,S003,96.74,8,Mon,29
6307,S003,36.71,9,Tue,52
6308,S004,62.11,3,Tue,39
6309,S001,62.05,3,Mon,19
6310,S004,86.73,3,Wed,53
6311,S003,72.34,10,Sun,60
6312,S004,81.71,1,Sat,29
6313,S002,53.73,4,Mon,49
6314,S002,98.25,2,Wed,35
6315,S001,70.82,5,Mon,44
6316,S001,94.93,10,Thu,66
6317,S004,84.42,4,Wed,34
6318,S002,59.22,5,Sat,30
6319,S001,56.99,5,Sat,37
6320,S002,43.99,6,Thu,28
6321,S004,51.23,4,Sat,32
6322,S003,75.93,1,Fri,27
6323,S003,70.11,8,Thu,25
6324,S003,81.48,3,Sat,63
6325,S001,86.63,2,Sun,26
6326,S003,74.77,5,Sat,45
6327,S002,113.01,6,Wed,69
6328,S004,105.19,14,Thu,50
6329,S002,96.25,5,Fri,27
6330,S002,21.4,5,Sun,69
6331,S004,45.14,4,Wed,64
6332,S004,130.01,8,Thu,36
6333,S002,106.47,8,Tue,45
6334,S002,77.39,6,Fri,22
6335,S004,80.46,1,Sun,26
6336,S003,62.27,5,Wed,51
6337,S002,41.55,8,Sat,50
6338,S004,61.51,4,Wed,64
6339,S003,96.16,5,Thu,54
6340,S004,41.68,7,Mon,68
6341,S002,95.55,4,Thu,24
6342,S001,91.42,7,Tue,35
6343,S003,68.44,3,Tue,27
6344,S001,63.78,2,Fri,67
6345,S003,58.04,9,Sat,20
6346,S003,50.44,5,Fri,62
6347,S001,61.4,5,Mon,40
6348,S002,93.68,4,Sun,18
6349,S002,73.29,9,Fri,31
6350,S002,62.85,3,Mon,19
6351,S004,63.6,3,Fri,63
6352,S002,98.11,2,Fri,26
6353,S004,41.24,3,Thu,64
6354,S003,91.66,3,Sat,35
6355,S002,105.15,6,Wed,32
6356,S003,113.09,3,Tue,33
6357,S003,103.36,6,Mon,68
6358,S004,88.41,8,Sun,67
6359,S003,70.69,6,Fri,38
6360,S001,71.03,5,Wed,54
6361,S001,92.27,3,Sat,61
6362,S002,70.63,5,Sun,27
6363,S004,60.48,4,Wed,56
6364,S003,92.49,3,Wed,52
6365,S002,96.74,5,Fri,54
6366,S004,54.58,3,Mon,25
6367,S001,65.03,4,Thu,42
6368,S004,76.1,5,Sat,48
6369,S001,78.66,3,Fri,36
6370,S004,91.25,5,Thu,68
6371,S004,91.32,7,Wed,62
6372,S001,57.86,8,Thu,59
6373,S003,71.29,6,Sun,34
6374,S001,94.59,7,Mon,38
6375,S004,39.3,3,Wed,62
6376,S001,66.43,3,Wed,21
6377,S002,99.61,7,Wed,46
6378,S002,95.39,8,Tue,35
6379,S002,78.91,8,Tue,56
6380,S002,55.78,2,Sun,36
6381,S001,76.17,8,Fri,26
6382,S001,86.96,7,Mon,20
6383,S003,52.79,4,Tue,22
6384,S001,54.24,7,Mon,53
6385,S002,40.96,6,Wed,59
6386,S003,79.74,4,Tue,60
6387,S003,102.24,6,Wed,46
6388,S004,77.62,7,Sun,22
6389,S001,105.85,3,Sun,25
6390,S001,76.04,1,Mon,31
6391,S003,81.59,6,Mon,65
6392,S004,68.1,6,Tue,31
6393,S003,76.17,3,Mon,52
6394,S003,80.05,5,Mon,43
6395,S001,78.48,6,Sun,28
6396,S002,75.67,5,Thu,37
6397,S004,88.99,4,Sat,66
6398,S003,105.21,3,Sat,53
6399,S001,65.99,3,Thu,50
6400,S004,66.27,5,Wed,69
6401,S003,101.01,5,Wed,24
6402,S001,92.72,4,Tue,60
6403,S004,88.57,3,Tue,69
6404,S001,89.73,9,Fri,54
6405,S001,40.53,8,Fri,63
6406,S001,104.14,7,Tue,22
6407,S003,92.55,7,Fri,59
6408,S002,62.22,4,Mon,61
6409,S003,54.87,3,Sun,52
6410,S003,65.79,3,Sat,58
6411,S002,60.02,4,Wed,59
6412,S001,65.84,7,Sat,26
6413,S002,75.11,5,Sat,65
6414,S003,81.07,5,Sun,51
6415,S001,63.12,8,Thu,60
6416,S003,95.33,3,Fri,39
6417,S004,71.1,5,Fri,47
6418,S001,34.51,0,Tue,49
6419,S004,94.9,4,Wed,23
6420,S003,42.04,3,Fri,43
6421,S001,69.16,2,Tue,22
6422,S003,65.51,2,Thu,55
6423,S004,92.62,5,Wed,67
6424,S001,115.77,6,Thu,69
6425,S002,71.05,5,Fri,33
6426,S003,67.25,5,Fri,23
6427,S002,78.55,1,Tue,41
6428,S001,44.24,3,Fri,21
6429,S001,90.38,5,Thu,18
6430,S002,79.72,4,Wed,52
6431,S001,77.68,1,Sun,57
6432,S004,33.63,3,Mon,54
6433,S001,66.15,4,Sat,20
6434,S001,69.11,4,Tue,63
6435,S004,89.88,2,Fri,45
6436,S002,85.6,4,Tue,21
6437,S003,76.59,2,Sat,48
6438,S004,92.35,7,Tue,32
6439,S003,77.42,8,Mon,43
6440,S004,83.73,1,Sun,52
6441,S003,82.91,3,Mon,19
6442,S001,84.22,4,Wed,49
6443,S001,87.71,5,Thu,65
6444,S002,62.26,3,Fri,52
6445,S004,68.89,7,Sun,41
6446,S002,84.3,7,Sun,67
6447,S002,72.51,2,Mon,47
6448,S002,98.65,7,Sat,31
6449,S001,73.57,6,Mon,39
6450,S004,84.62,7,Wed,32
6451,S004,75.73,3,Thu,55
6452,S004,66.97,5,Mon,62
6453,S004,69.65,1,Tue,55
6454,S002,81.79,5,Thu,21
6455,S004,86.29,5,Mon,39
6456,S002,55.3,5,Mon,28
6457,S002,85.74,6,Sat,55
6458,S004,91.1,8,Wed,51
6459,S004,59.75,8,Thu,29
6460,S004,82.08,8,Wed,67
6461,S003,97.79,6,Fri,46
6462,S001,90.17,10,Wed,23
6463,S002,84.64,5,Sat,20
6464,S004,85.99,8,Tue,51
6465,S001,69.44,9,Tue,55
6466,S002,64.17,7,Mon,66
6467,S004,53.54,8,Fri,48
6468,S003,123.99,7,Sat,37
6469,S003,65.1,2,Mon,36
6470,S001,56.73,7,Fri,29
6471,S004,96.2,9,Sun,49
6472,S002,88.04,8,Sun,39
6473,S003,52.8,3,Thu,63
6474,S004,82.47,3,Thu,19
6475,S004,98.65,5,Mon,38
6476,S004,95.86,5,Sun,63
6477,S002,71.38,3,Sat,68
6478,S002,81.12,3,Wed,49
6479,S003,106.07,5,Thu,68
6480,S003,68.55,7,Mon,42
6481,S003,81.84,1,Mon,51
6482,S001,59.74,3,Fri,46
6483,S001,82.76,5,Sat,69
6484,S001,63.19,4,Sat,53
6485,S001,137.52,4,Sun,26
6486,S003,73.73,9,Sat,38
6487,S003,80.9,3,Tue,59
6488,S004,92.72,3,Thu,19
6489,S003,47.16,2,Mon,27
6490,S002,33.48,2,Tue,22
6491,S004,115.28,8,Thu,61
6492,S003,85.36,4,Fri,61
6493,S003,79.39,7,Fri,44
6494,S003,65.82,5,Mon,31
6495,S003,60.35,2,Thu,68
6496,S004,73.51,2,Tue,22
6497,S003,80.55,4,Thu,23
6498,S004,73.82,3,Fri,63
6499,S001,90.43,11,Thu,40
6500,S001,71.83,6,Wed,52
6501,S004,63.76,6,Wed,37
6502,S003,82.15,4,Fri,69
6503,S004,82.11,3,Mon,52
6504,S004,110.22,5,Sat,55
6505,S002,82.77,4,Fri,39
6506,S004,80.74,4,Mon,54
6507,S002,44.88,3,Sun,40
6508,S002,77.71,3,Sun,18
6509,S002,52.23,6,Sat,55
6510,S004,40.3,2,Mon,69
6511,S003,53.06,4,Mon,68
6512,S002,57.15,5,Sun,47
6513,S004,95.18,2,Sun,59
6514,S001,83.83,9,Tue,55
6515,S002,71.21,9,Wed,24
6516,S002,85.17,2,Mon,44
6517,S002,99.3,2,Sun,38
6518,S002,63.71,10,Sun,54
6519,S004,96.23,5,Fri,35
6520,S001,73.84,3,Thu,56
6521,S002,82.42,8,Wed,52
6522,S001,73.92,5,Sun,40
6523,S002,111.45,3,Thu,55
6524,S001,81.06,8,Sun,53
6525,S004,95.48,2,Sat,33
6526,S003,34.83,9,Tue,64
6527,S001,75.96,5,Thu,18
6528,S001,82.79,3,Wed,58
6529,S002,79.45,6,Mon,55
6530,S001,98.07,5,Thu,42
6531,S001,91.42,7,Tue,21
6532,S001,76.82,4,Thu,60
6533,S002,47.32,6,Sun,69
6534,S003,45.85,6,Mon,62
6535,S003,50.74,4,Fri,30
6536,S002,56.44,1,Fri,22
6537,S003,78.25,6,Sat,48
6538,S002,54.47,3,Wed,44
6539,S002,146.97,6,Sun,62
6540,S004,87.04,9,Sun,55
6541,S001,86.35,8,Wed,43
6542,S002,88.09,4,Wed,54
6543,S003,56.4,3,Wed,65
6544,S002,78.37,5,Sun,65
6545,S001,103.22,4,Sat,40
6546,S004,33.9,5,Sun,57
6547,S001,93.41,1,Sun,68
6548,S003,75.22,4,Tue,64
6549,S004,74.29,3,Mon,36
6550,S003,77.88,5,Sat,38
6551,S003,70.41,3,Tue,56
6552,S001,94.41,4,Thu,42
6553,S002,95.46,6,Sun,18
6554,S002,54.37,3,Wed,60
6555,S004,111.4,2,Mon,23
6556,S001,69.73,5,Thu,29
6557,S004,84.95,4,Tue,36
6558,S002,57.48,1,Wed,21
6559,S004,59.6,4,Sat,30
6560,S002,94.32,4,Fri,29
6561,S002,79.5,4,Fri,39
6562,S001,80.62,7,Sat,50
6563,S004,56.34,9,Tue,65
6564,S002,84.1,3,Tue,54
6565,S003,85.85,9,Wed,52
6566,S004,75.08,3,Thu,34
6567,S001,91.05,4,Tue,31
6568,S001,67.56,8,Fri,65
6569,S002,101.82,5,Sun,68
6570,S004,40.38,8,Fri,38
6571,S003,73.14,7,Sun,31
6572,S001,72.07,6,Fri,38
6573,S002,87.11,3,Sun,53
6574,S001,67.83,5,Thu,65
6575,S001,98.12,3,Wed,66
6576,S001,81.38,6,Sat,46
6577,S003,93.06,6,Sat,30
6578,S003,97.2,6,Mon,48
6579,S003,81.64,6,Sat,57
6580,S003,60.55,4,Thu,30
6581,S003,75.58,2,Mon,63
6582,S003,61.4,3,Sat,64
6583,S004,53.07,3,Mon,28
6584,S002,91.06,7,Mon,58
6585,S003,70.61,5,Sun,56
6586,S003,61.43,2,Mon,28
6587,S004,61.28,4,Sun,48
6588,S004,55.5,5,Tue,34
6589,S001,88.12,2,Sun,32
6590,S004,70.93,5,Mon,29
6591,S001,63.56,3,Wed,34
6592,S003,80.31,5,Sat,25
6593,S003,81.49,4,Tue,55
6594,S001,74.27,4,Fri,33
6595,S004,111.79,2,Sat,42
6596,S001,58.59,10,Fri,56
6597,S001,86.21,11,Tue,22
6598,S004,82.41,6,Tue,24
6599,S001,57.1,5,Sun,45
6600,S001,72.8,4,Sat,43
6601,S001,94.65,4,Sat,24
6602,S001,37.16,7,Mon,20
6603,S002,91.71,3,Fri,49
6604,S003,98.83,4,Mon,51
6605,S003,39.21,6,Tue,26
6606,S004,91.37,10,Mon,52
6607,S001,98.33,8,Sun,67
6608,S003,62.23,4,Wed,62
6609,S001,103.73,5,Sun,49
6610,S002,112.98,8,Fri,30
6611,S002,103.96,4,Tue,27
6612,S004,85.71,4,Wed,27
6613,S003,72.97,8,Sat,33
6614,S004,79.63,6,Tue,54
6615,S002,74.02,4,Mon,52
6616,S001,80.58,6,Mon,60
6617,S002,67.94,4,Sat,52
6618,S001,89.02,5,Tue,45
6619,S003,91.5,5,Wed,24
6620,S001,85.89,2,Wed,28
6621,S003,70.19,5,Tue,55
6622,S003,70.54,7,Wed,42
6623,S004,88.36,9,Sun,24
6624,S001,56.62,3,Mon,62
6625,S003,73.75,2,Sat,66
6626,S003,81.69,4,Sat,68
6627,S002,74.71,6,Fri,61
6628,S002,56.38,2,Sun,39
6629,S004,72.18,5,Fri,19
6630,S004,71.44,5,Tue,49
6631,S001,45.1,10,Fri,35
6632,S001,58.02,3,Sat,46
6633,S003,62.97,4,Sat,67
6634,S002,52.05,8,Wed,53
6635,S003,54.01,6,Sat,43
6636,S001,93.1,7,Sat,57
6637,S001,57.94,7,Mon,36
6638,S004,57.56,2,Tue,44
6639,S002,58.67,3,Wed,29
6640,S003,119.02,8,Sun,68
6641,S002,86.82,10,Fri,44
6642,S004,90.56,4,Mon,60
6643,S001,57.23,8,Thu,51
6644,S004,47.36,6,Fri,38
6645,S001,51.73,9,Fri,43
6646,S002,100.88,2,Thu,37
6647,S004,82.42,4,Wed,33
6648,S002,77.58,1,Mon,27
6649,S003,109.18,5,Tue,25
6650,S002,72.57,9,Thu,57
6651,S003,115.75,3,Wed,61
6652,S001,79.83,5,Thu,26
6653,S002,86.89,4,Wed,69
6654,S002,88.18,5,Thu,46
6655,S003,100.02,5,Sat,30
6656,S004,92.55,6,Fri,26
6657,S003,76.53,4,Wed,32
6658,S003,107.45,7,Tue,65
6659,S001,79.13,7,Wed,47
6660,S002,58.25,7,Tue,25
6661,S004,82.22,6,Fri,50
6662,S004,60.38,7,Wed,63
6663,S002,112.6,4,Fri,31
6664,S004,50.5,3,Fri,25
6665,S003,89.52,4,Sat,20
6666,S001,103.97,8,Fri,30
6667,S002,43.58,5,Mon,68
6668,S001,92.86,4,Tue,30
6669,S003,71.45,4,Fri,18
6670,S003,86.66,1,Wed,20
6671,S001,52.82,4,Fri,22
6672,S004,96.39,2,Sat,62
6673,S004,109.94,5,Sat,58
6674,S004,73.72,6,Tue,51
6675,S001,69.31,4,Tue,62
6676,S004,77.42,3,Sun,64
6677,S004,110.47,7,Tue,54
6678,S001,46.83,8,Sat,58
6679,S001,102.17,2,Sat,23
6680,S001,39.41,8,Sat,53
6681,S004,63.46,4,Wed,60
6682,S001,111.78,6,Thu,36
6683,S003,105.67,4,Thu,24
6684,S004,120.94,6,Mon,38
6685,S001,87.34,5,Sun,66
6686,S001,86.66,1,Tue,40
6687,S002,75.03,6,Sun,29
6688,S003,46.31,5,Sat,61
6689,S003,68.37,1,Tue,67
6690,S004,89.56,4,Sun,23
6691,S003,73.78,6,Sun,50
6692,S004,78.41,4,Thu,68
6693,S001,60.2,6,Wed,19
6694,S004,55.82,5,Fri,59
6695,S001,103.08,6,Wed,23
6696,S001,116.52,8,Sun,23
6697,S001,59.9,3,Mon,47
6698,S002,76.15,5,Sat,51
6699,S001,55.15,6,Mon,57
6700,S001,97.9,5,Fri,68
6701,S004,116.48,5,Mon,34
6702,S002,83.29,3,Sun,42
6703,S001,65.18,2,Thu,29
6704,S001,92.44,5,Sun,64
6705,S002,118.49,4,Thu,59
6706,S001,68.18,2,Sun,36
6707,S004,97.99,3,Fri,45
6708,S004,82.79,6,Tue,39
6709,S001,69.77,5,Thu,45
6710,S004,72.33,3,Sat,20
6711,S001,82.13,7,Sat,19
6712,S003,71.1,4,Tue,29
6713,S001,52.83,7,Mon,43
6714,S001,75.91,4,Thu,29
6715,S001,42.07,8,Mon,61
6716,S003,53.03,4,Sat,36
6717,S002,65.84,0,Thu,60
6718,S002,93.59,7,Thu,51
6719,S001,56.11,3,Fri,19
6720,S002,119.97,8,Sun,50
6721,S001,37.13,2,Thu,24
6722,S003,53.12,5,Wed,22
6723,S002,44.33,0,Thu,49
6724,S003,94.49,5,Sat,65
6725,S002,9.66,4,Tue,33
6726,S003,86.94,10,Thu,62
6727,S003,66.54,5,Thu,34
6728,S004,113.82,4,Mon,26
6729,S001,81.92,7,Fri,59
6730,S001,71.14,2,Sat,64
6731,S002,92.02,1,Wed,67
6732,S003,57.12,13,Mon,19
6733,S004,73.68,9,Thu,63
6734,S004,56.92,6,Tue,28
6735,S002,41.47,5,Wed,18
6736,S001,114.66,5,Sat,59
6737,S004,83.28,4,Fri,37
6738,S003,89.43,4,Fri,35
6739,S004,81.68,1,Sat,36
6740,S001,84.06,6,Sat,37
6741,S002,82.9,6,Fri,56
6742,S003,67.17,5,Mon,59
6743,S001,62.0,8,Sat,36
6744,S004,71.48,4,Mon,50
6745,S003,65.18,2,Wed,53
6746,S003,55.96,3,Wed,45
6747,S002,85.65,2,Mon,46
6748,S004,51.84,5,Wed,52
6749,S004,59.34,4,Fri,63
6750,S001,57.43,2,Mon,60
6751,S004,59.98,2,Mon,58
6752,S003,80.03,4,Thu,55
6753,S004,59.15,5,Sun,29
6754,S002,93.06,4,Sat,51
6755,S004,61.76,8,Tue,26
6756,S004,79.2,4,Sun,33
6757,S001,77.21,5,Sat,48
6758,S002,68.18,6,Mon,18
6759,S001,81.69,5,Thu,24
6760,S004,63.78,11,Sat,29
6761,S003,61.19,5,Tue,19
6762,S002,87.91,8,Thu,50
6763,S001,117.3,3,Tue,58
6764,S002,71.17,3,Sun,19
6765,S003,64.93,3,Tue,62
6766,S003,102.76,9,Fri,53
6767,S001,50.24,8,Mon,33
6768,S001,109.38,4,Wed,64
6769,S001,81.44,8,Sun,23
6770,S003,105.42,5,Wed,25
6771,S004,82.48,6,Fri,52
6772,S002,59.39,8,Sat,66
6773,S001,66.24,4,Fri,65
6774,S004,67.01,3,Mon,27
6775,S004,94.06,2,Tue,52
6776,S004,71.03,7,Mon,62
6777,S002,79.68,5,Fri,48
6778,S003,68.65,3,Wed,54
6779,S004,103.32,2,Mon,18
6780,S002,90.06,6,Wed,23
6781,S001,90.59,5,Mon,54
6782,S004,70.67,8,Wed,31
6783,S001,72.28,6,Fri,52
6784,S001,55.77,7,Thu,52
6785,S003,47.54,6,Thu,48
6786,S003,99.18,5,Sat,33
6787,S004,88.07,5,Sun,48
6788,S003,75.68,5,Tue,21
6789,S002,104.86,10,Sun,38
6790,S004,101.41,6,Tue,58
6791,S004,59.7,5,Sun,31
6792,S001,54.64,6,Mon,21
6793,S004,62.27,6,Tue,47
6794,S003,100.51,4,Sat,32
6795,S004,75.18,6,Tue,51
6796,S003,96.8,5,Sat,68
6797,S001,99.45,2,Tue,47
6798,S001,90.67,7,Fri,41
6799,S001,83.09,4,Mon,50
6800,S002,110.82,10,Thu,40
6801,S002,68.04,2,Fri,44
6802,S003,90.66,7,Mon,69
6803,S002,46.64,9,Wed,24
6804,S003,72.8,6,Fri,36
6805,S004,100.8,3,Wed,68
6806,S004,79.93,6,Wed,42
6807,S001,94.03,7,Sun,25
6808,S002,68.8,5,Thu,37
6809,S003,67.66,5,Sat,52
6810,S003,76.96,2,Sat,62
6811,S002,92.73,3,Thu,41
6812,S003,71.24,4,Thu,40
6813,S001,86.4,7,Sat,67
6814,S003,72.68,4,Mon,44
6815,S001,68.0,1,Tue,67
6816,S004,113.06,9,Sun,67
6817,S004,81.2,4,Wed,28
6818,S002,64.39,6,Fri,34
6819,S004,61.87,6,Sun,27
6820,S002,65.62,3,Wed,54
6821,S003,93.45,6,Tue,28
6822,S002,124.41,8,Thu,45
6823,S002,75.07,7,Wed,35
6824,S004,108.21,2,Sat,57
6825,S001,52.33,1,Tue,47
6826,S001,78.15,4,Fri,62
6827,S002,78.47,6,Sat,49
6828,S002,81.11,2,Tue,40
6829,S004,72.17,6,Sun,69
6830,S004,81.11,6,Sun,28
6831,S003,64.63,9,Thu,46
6832,S001,69.44,2,Tue,48
6833,S004,97.03,5,Wed,18
6834,S002,56.93,2,Wed,56
6835,S004,65.1,3,Thu,59
6836,S003,92.2,5,Mon,44
6837,S004,95.86,4,Sat,52
6838,S004,80.33,6,Mon,29
6839,S001,74.4,7,Sat,18
6840,S003,92.07,1,Tue,47
6841,S004,75.08,6,Sat,32
6842,S002,94.13,12,Tue,38
6843,S002,43.16,6,Wed,34
6844,S002,57.17,1,Sun,38
6845,S001,121.73,7,Wed,18
6846,S001,52.06,6,Thu,53
6847,S002,76.35,6,Sat,64
6848,S003,56.46,1,Thu,50
6849,S002,70.92,8,Fri,23
6850,S002,81.13,5,Sat,55
6851,S004,79.43,4,Wed,61
6852,S001,95.29,3,Sun,30
6853,S003,69.88,5,Mon,46
6854,S003,47.11,3,Mon,40
6855,S001,77.94,8,Sat,45
6856,S003,101.59,6,Sat,20
6857,S004,58.71,9,Wed,57
6858,S003,70.74,7,Sat,37
6859,S004,124.99,4,Sat,54
6860,S002,76.8,5,Fri,27
6861,S003,75.86,5,Thu,33
6862,S001,71.92,2,Sat,20
6863,S004,66.47,12,Fri,48
6864,S004,91.11,5,Sun,64
6865,S002,98.78,4,Fri,46
6866,S002,80.95,4,Fri,54
6867,S001,72.09,4,Sat,42
6868,S003,77.91,5,Tue,19
6869,S002,74.24,5,Sun,51
6870,S004,45.73,4,Sun,43
6871,S004,48.08,5,Mon,42
6872,S004,76.33,7,Tue,44
6873,S004,59.27,6,Sat,38
6874,S004,56.39,5,Sun,37
6875,S003,81.47,6,Sat,56
6876,S004,102.03,3,Tue,57
6877,S003,47.89,3,Mon,32
6878,S003,63.47,4,Tue,34
6879,S004,80.87,8,Sat,20
6880,S001,90.92,7,Sat,26
6881,S004,79.01,3,Sat,41
6882,S003,81.67,9,Mon,51
6883,S004,77.29,5,Wed,19
6884,S002,46.05,8,Wed,29
6885,S002,67.9,6,Tue,38
6886,S001,49.62,6,Sun,61
6887,S004,72.02,4,Fri,67
6888,S002,78.27,5,Mon,25
6889,S003,93.72,7,Thu,42
6890,S002,59.67,7,Sat,32
6891,S001,86.68,4,Sun,44
6892,S003,99.62,6,Sun,54
6893,S003,58.39,5,Fri,34
6894,S001,107.77,4,Sat,26
6895,S002,41.23,10,Wed,27
6896,S003,89.52,4,Thu,35
6897,S002,55.03,6,Thu,60
6898,S003,96.61,4,Fri,32
6899,S001,65.64,12,Wed,27
6900,S004,68.28,7,Fri,49
6901,S002,48.06,3,Sun,66
6902,S001,27.02,5,Sun,48
6903,S004,58.04,4,Fri,42
6904,S004,78.8,5,Sun,27
6905,S004,89.54,8,Thu,57
6906,S001,111.9,4,Sat,59
6907,S003,45.96,4,Wed,33
6908,S001,71.49,8,Sun,24
6909,S002,39.06,2,Fri,20
6910,S004,68.58,7,Tue,59
6911,S003,69.93,8,Thu,34
6912,S003,51.02,6,Tue,61
6913,S001,54.27,5,Mon,67
6914,S003,67.56,7,Thu,31
6915,S001,50.33,7,Tue,47
6916,S003,48.49,5,Sat,29
6917,S004,97.31,4,Sun,53
6918,S002,63.13,5,Thu,22
6919,S001,50.29,3,Sat,57
6920,S002,83.79,7,Tue,40
6921,S002,108.98,4,Mon,62
6922,S002,107.41,8,Mon,34
6923,S003,74.51,6,Sun,34
6924,S004,68.89,3,Sun,35
6925,S004,94.93,8,Fri,48
6926,S002,85.64,4,Thu,43
6927,S002,97.1,1,Tue,20
6928,S004,67.79,4,Mon,48
6929,S003,84.62,7,Tue,54
6930,S003,62.59,4,Sun,60
6931,S001,87.45,5,Tue,60
6932,S004,55.32,7,Thu,23
6933,S004,54.15,6,Fri,29
6934,S004,91.57,3,Sat,44
6935,S003,88.38,1,Fri,57
6936,S003,64.66,0,Thu,19
6937,S001,77.45,8,Sun,33
6938,S004,64.27,4,Thu,33
6939,S001,66.54,3,Sat,25
6940,S004,83.99,12,Sun,63
6941,S004,76.6,10,Mon,28
6942,S004,81.57,1,Thu,49
6943,S001,45.89,6,Thu,36
6944,S002,73.91,6,Sat,55
6945,S003,82.9,5,Fri,62
6946,S003,92.5,2,Sun,36
6947,S001,90.64,5,Mon,45
6948,S001,60.12,7,Mon,63
6949,S003,67.03,4,Thu,68
6950,S004,76.54,7,Mon,48
6951,S001,78.93,5,Fri,45
6952,S004,94.83,6,Thu,60
6953,S003,54.21,10,Sat,52
6954,S003,32.73,11,Sat,64
6955,S003,80.0,7,Fri,51
6956,S004,91.1,2,Tue,46
6957,S001,74.78,6,Sat,67
6958,S003,87.21,3,Sun,19
6959,S004,53.02,1,Mon,28
6960,S004,45.08,6,Sat,39
6961,S002,86.18,6,Tue,33
6962,S003,65.05,4,Sat,19
6963,S001,75.08,4,Sat,22
6964,S003,11.6,4,Sun,43
6965,S002,64.95,7,Sat,36
6966,S003,50.44,2,Wed,46
6967,S002,93.1,3,Sat,66
6968,S002,68.39,8,Sun,41
6969,S003,81.47,4,Thu,34
6970,S001,67.99,5,Sun,55
6971,S003,38.07,8,Sat,62
6972,S004,79.85,9,Mon,40
6973,S004,57.58,6,Mon,43
6974,S002,86.1,4,Thu,30
6975,S004,54.5,8,Thu,60
6976,S003,55.3,11,Tue,63
6977,S004,54.33,6,Sat,33
6978,S003,68.86,1,Mon,40
6979,S004,68.97,2,Thu,22
6980,S001,93.6,5,Sat,67
6981,S004,51.73,4,Sun,56
6982,S002,105.47,7,Sun,47
6983,S001,84.21,6,Thu,65
6984,S001,94.69,3,Sat,55
6985,S003,90.21,9,Wed,47
6986,S003,100.39,5,Sat,36
6987,S002,67.19,2,Tue,19
6988,S002,45.03,12,Fri,65
6989,S002,45.55,5,Fri,21
6990,S002,60.39,7,Sun,29
6991,S001,69.8,3,Fri,21
6992,S002,91.5,6,Tue,33
6993,S004,90.09,3,Sun,39
6994,S004,87.89,4,Wed,29
6995,S004,58.23,3,Thu,29
6996,S002,80.94,0,Sun,26
6997,S004,90.05,7,Thu,20
6998,S003,59.47,6,Fri,32
6999,S001,90.92,4,Sun,33
7000,S002,99.11,6,Thu,31
7001,S001,55.67,6,Sun,40
7002,S003,56.33,8,Tue,54
7003,S001,71.64,8,Fri,22
7004,S001,80.48,4,Sun,26
7005,S002,43.3,0,Sun,59
7006,S001,59.8,5,Tue,43
7007,S002,76.33,6,Wed,66
7008,S003,84.77,6,Sun,21
7009,S004,103.67,4,Sun,44
7010,S002,77.45,10,Mon,18
7011,S003,100.5,1,Fri,23
7012,S003,63.81,5,Wed,30
7013,S002,84.07,3,Sun,39
7014,S002,103.16,6,Wed,47
7015,S001,66.78,8,Tue,22
7016,S002,65.62,5,Sun,43
7017,S004,77.85,3,Fri,49
7018,S004,73.44,2,Mon,52
7019,S004,87.79,7,Sat,28
7020,S003,64.05,5,Fri,18
7021,S004,71.24,6,Thu,42
7022,S004,63.47,3,Sat,52
7023,S001,37.54,1,Fri,67
7024,S002,72.58,1,Sun,54
7025,S001,73.77,2,Tue,35
7026,S001,71.94,10,Wed,28
7027,S003,111.05,5,Sat,22
7028,S003,103.55,9,Thu,65
7029,S003,84.05,5,Wed,26
7030,S002,74.57,6,Thu,29
7031,S003,90.25,4,Fri,57
7032,S004,71.92,7,Sun,61
7033,S001,83.46,5,Wed,60
7034,S003,50.07,4,Thu,56
7035,S001,63.65,3,Sat,38
7036,S003,100.39,3,Sun,51
7037,S004,58.38,3,Wed,47
7038,S001,36.31,10,Tue,58
7039,S002,63.49,3,Wed,57
7040,S001,80.16,9,Fri,57
7041,S001,96.16,3,Tue,51
7042,S004,66.46,2,Mon,58
7043,S002,66.63,3,Sun,42
7044,S002,63.05,8,Mon,30
7045,S003,90.02,3,Thu,39
7046,S003,95.74,3,Thu,53
7047,S002,99.34,4,Fri,37
7048,S002,73.55,8,Tue,49
7049,S002,56.09,7,Tue,39
7050,S003,69.93,4,Mon,19
7051,S003,73.87,4,Sun,60
7052,S004,71.84,4,Fri,56
7053,S002,90.14,1,Wed,48
7054,S004,103.83,7,Sat,41
7055,S002,83.18,8,Wed,42
7056,S004,44.9,3,Mon,36
7057,S001,84.94,3,Wed,51
7058,S002,100.99,4,Wed,18
7059,S004,56.53,5,Wed,58
7060,S003,65.41,8,Thu,58
7061,S003,88.2,5,Mon,35
7062,S004,113.48,5,Tue,68
7063,S002,75.92,3,Mon,43
7064,S003,110.19,4,Fri,40
7065,S004,70.25,3,Thu,26
7066,S004,100.16,5,Fri,63
7067,S002,76.81,4,Thu,32
7068,S001,45.49,10,Sun,48
7069,S003,59.5,5,Mon,56
7070,S004,78.0,3,Wed,55
7071,S003,85.56,3,Thu,29
7072,S004,44.89,8,Tue,53
7073,S002,102.41,2,Sun,50
7074,S002,44.32,4,Tue,55
7075,S003,37.85,5,Fri,28
7076,S002,43.9,7,Tue,47
7077,S003,57.82,7,Mon,26
7078,S001,119.81,3,Mon,45
7079,S004,103.4,2,Thu,59
7080,S001,70.44,3,Mon,55
7081,S003,106.69,9,Wed,49
7082,S002,64.59,5,Thu,25
7083,S003,85.64,6,Sat,60
7084,S002,91.07,5,Fri,30
7085,S003,43.84,4,Mon,19
7086,S001,86.08,6,Thu,24
7087,S004,81.15,8,Sat,42
7088,S004,102.13,4,Tue,45
7089,S001,61.01,4,Tue,42
7090,S001,70.82,2,Wed,52
7091,S001,70.01,3,Sun,66
7092,S003,49.34,2,Tue,18
7093,S001,113.22,6,Sun,18
7094,S004,73.9,3,Sun,18
7095,S002,116.84,4,Thu,49
7096,S004,61.44,2,Sun,60
7097,S001,78.85,3,Tue,58
7098,S002,52.74,5,Thu,66
7099,S004,82.15,3,Wed,42
7100,S004,71.04,5,Sun,64
7101,S004,88.94,6,Tue,54
7102,S001,93.07,2,Mon,24
7103,S002,78.18,5,Tue,59
7104,S001,66.3,0,Mon,26
7105,S003,67.98,4,Fri,27
7106,S001,73.96,5,Fri,24
7107,S001,94.81,6,Wed,51
7108,S003,100.97,6,Thu,29
7109,S001,87.57,7,Sat,19
7110,S003,51.99,3,Wed,18
7111,S002,52.56,9,Thu,59
7112,S004,82.66,4,Sun,53
7113,S002,96.56,5,Sun,19
7114,S003,82.69,6,Sun,38
7115,S003,83.75,6,Thu,60
7116,S003,90.62,12,Sun,57
7117,S003,74.54,2,Wed,41
7118,S003,93.29,2,Sat,62
7119,S001,64.49,7,Wed,47
7120,S001,58.97,3,Thu,59
7121,S003,64.69,5,Sat,59
7122,S001,58.91,6,Thu,47
7123,S003,93.56,10,Thu,64
7124,S002,87.24,3,Mon,30
7125,S004,37.09,11,Sun,20
7126,S003,56.36,6,Tue,22
7127,S003,66.05,3,Wed,38
7128,S002,46.82,7,Mon,56
7129,S003,85.09,9,Sun,46
7130,S002,95.93,5,Mon,56
7131,S002,65.24,8,Tue,42
7132,S002,107.63,3,Mon,60
7133,S003,61.13,4,Sun,65
7134,S002,144.37,3,Mon,56
7135,S004,88.51,2,Wed,44
7136,S002,83.73,3,Sun,52
7137,S003,74.49,6,Wed,25
7138,S002,90.57,5,Tue,25
7139,S003,48.64,3,Tue,59
7140,S004,86.5,6,Tue,63
7141,S003,121.12,6,Fri,29
7142,S003,102.07,4,Sun,51
7143,S004,47.06,6,Mon,19
7144,S004,67.72,3,Mon,52
7145,S003,54.58,3,Fri,45
7146,S001,79.25,5,Sat,59
7147,S002,84.05,11,Sun,44
7148,S004,80.07,2,Sun,37
7149,S003,77.97,1,Fri,33
7150,S002,58.24,7,Tue,27
7151,S002,68.74,4,Sat,26
7152,S001,33.45,3,Wed,48
7153,S004,91.7,5,Mon,22
7154,S004,83.13,5,Tue,44
7155,S001,40.76,3,Sat,28
7156,S001,84.37,9,Thu,28
7157,S002,93.92,4,Wed,48
7158,S002,109.14,3,Wed,41
7159,S003,62.53,5,Tue,34
7160,S002,57.86,5,Sun,41
7161,S001,75.61,5,Sat,62
7162,S002,63.49,11,Fri,64
7163,S001,78.0,4,Tue,45
7164,S001,70.49,5,Sat,35
7165,S001,85.47,3,Fri,19
7166,S001,90.0,10,Tue,38
7167,S001,50.74,2,Tue,38
7168,S001,80.02,8,Wed,28
7169,S001,80.14,8,Thu,38
7170,S002,95.72,7,Sat,44
7171,S004,62.13,4,Mon,31
7172,S002,104.96,4,Thu,50
7173,S003,56.85,3,Thu,58
7174,S004,104.43,8,Sun,59
7175,S004,39.32,9,Sun,45
7176,S003,97.89,3,Wed,48
7177,S003,62.47,6,Thu,27
7178,S001,29.61,2,Sun,19
7179,S002,81.36,4,Tue,59
7180,S004,53.77,6,Tue,44
7181,S002,87.89,5,Sat,47
7182,S002,65.0,6,Fri,52
7183,S003,34.09,3,Wed,66
7184,S001,103.62,5,Wed,31
7185,S002,111.2,7,Sun,69
7186,S003,61.6,1,Sat,46
7187,S004,105.96,3,Tue,39
7188,S004,64.73,5,Wed,30
7189,S004,85.16,2,Fri,30
7190,S004,48.19,5,Fri,44
7191,S003,102.37,6,Sat,28
7192,S002,100.48,5,Tue,57
7193,S002,67.27,3,Sun,24
7194,S002,65.44,5,Sun,32
7195,S002,90.56,8,Mon,36
7196,S002,40.05,0,Tue,22
7197,S004,52.98,8,Sat,68
7198,S003,75.53,3,Mon,22
7199,S002,112.63,4,Sat,55
7200,S003,81.65,3,Tue,68
7201,S003,80.35,8,Fri,36
7202,S002,48.82,9,Sat,41
7203,S004,117.24,6,Sat,66
7204,S002,80.35,4,Thu,26
7205,S003,65.16,6,Sun,21
7206,S004,110.44,4,Sat,56
7207,S004,60.78,6,Mon,26
7208,S002,78.18,3,Thu,65
7209,S003,65.24,5,Mon,23
7210,S002,43.43,3,Sat,33
7211,S001,73.15,1,Wed,32
7212,S002,86.97,9,Tue,58
7213,S004,32.41,2,Thu,55
7214,S002,109.92,8,Mon,66
7215,S001,55.43,7,Tue,62
7216,S001,82.91,3,Wed,40
7217,S002,88.53,2,Mon,33
7218,S002,55.13,5,Thu,69
7219,S001,89.51,4,Wed,45
7220,S003,128.84,5,Mon,49
7221,S001,64.09,3,Thu,58
7222,S002,83.09,6,Sat,29
7223,S001,81.82,5,Tue,38
7224,S004,67.29,5,Thu,26
7225,S004,108.49,4,Tue,40
7226,S001,86.23,3,Fri,25
7227,S002,105.14,7,Fri,59
7228,S001,80.57,5,Fri,47
7229,S003,92.56,2,Sat,32
7230,S001,37.93,2,Thu,26
7231,S001,48.76,4,Wed,42
7232,S001,45.97,7,Tue,41
7233,S001,67.62,3,Wed,34
7234,S003,62.86,7,Thu,24
7235,S004,28.47,3,Tue,27
7236,S002,70.35,11,Mon,21
7237,S002,95.0,6,Thu,46
7238,S004,62.68,5,Mon,27
7239,S002,75.34,6,Sat,51
7240,S004,70.27,2,Mon,19
7241,S002,114.31,6,Tue,55
7242,S004,69.8,6,Sat,66
7243,S002,49.45,5,Sat,48
7244,S002,83.68,8,Thu,46
7245,S002,61.14,2,Wed,45
7246,S004,54.89,5,Tue,34
7247,S003,71.21,6,Sat,37
7248,S001,88.77,2,Fri,26
7249,S001,36.66,4,Thu,42
7250,S002,84.85,3,Fri,49
7251,S004,85.59,3,Mon,49
7252,S004,80.66,5,Tue,39
7253,S002,122.17,6,Fri,66
7254,S001,77.03,5,Sat,20
7255,S001,78.8,6,Fri,64
7256,S001,67.41,7,Wed,42
7257,S003,79.53,7,Sat,23
7258,S002,72.71,5,Mon,40
7259,S002,49.56,5,Fri,64
7260,S002,85.65,7,Thu,66
7261,S003,71.98,2,Wed,46
7262,S001,53.41,7,Sun,33
7263,S004,79.42,5,Sat,53
7264,S004,42.3,7,Fri,56
7265,S004,89.58,4,Sat,38
7266,S002,73.15,4,Mon,49
7267,S001,100.31,7,Fri,31
7268,S002,59.59,3,Mon,32
7269,S001,82.48,7,Thu,34
7270,S003,62.68,1,Sun,52
7271,S002,61.53,4,Sun,51
7272,S002,60.44,6,Mon,51
7273,S001,72.61,8,Sun,23
7274,S002,90.55,3,Mon,59
7275,S004,83.85,3,Mon,67
7276,S003,102.48,4,Thu,55
7277,S001,66.85,4,Thu,50
7278,S004,71.08,5,Wed,42
7279,S002,84.82,7,Fri,28
7280,S001,59.06,10,Sat,29
7281,S004,43.87,5,Sun,36
7282,S001,87.16,3,Fri,60
7283,S004,98.2,9,Fri,65
7284,S004,67.03,3,Mon,42
7285,S004,71.54,8,Mon,47
7286,S002,115.87,3,Sat,29
7287,S001,93.49,5,Fri,47
7288,S001,96.81,5,Wed,49
7289,S001,71.86,4,Sat,62
7290,S004,55.7,3,Sat,45
7291,S003,44.67,4,Mon,42
7292,S003,74.91,7,Sat,47
7293,S003,112.02,6,Thu,69
7294,S002,116.26,4,Mon,57
7295,S004,37.83,5,Fri,21
7296,S001,100.85,7,Wed,37
7297,S002,53.44,5,Wed,39
7298,S002,81.35,5,Thu,27
7299,S003,46.81,8,Sun,19
7300,S003,61.87,6,Mon,42
7301,S001,72.76,6,Sun,21
7302,S002,87.6,7,Sat,19
7303,S002,99.31,2,Wed,48
7304,S004,80.78,6,Fri,37
7305,S004,90.91,5,Mon,38
7306,S001,82.02,7,Sun,26
7307,S003,52.85,9,Thu,24
7308,S003,115.43,9,Thu,69
7309,S003,94.83,2,Thu,31
7310,S003,86.29,5,Mon,57
7311,S001,86.99,4,Sat,30
7312,S001,85.46,4,Fri,51
7313,S001,58.77,6,Sun,45
7314,S004,88.14,8,Thu,39
7315,S001,38.37,10,Sat,64
7316,S001,61.23,3,Mon,42
7317,S004,81.7,5,Fri,42
7318,S004,74.97,3,Thu,63
7319,S003,91.53,2,Thu,22
7320,S003,35.4,6,Sun,60
7321,S004,61.34,3,Sat,57
7322,S002,90.94,3,Wed,31
7323,S003,69.38,5,Mon,27
7324,S004,76.03,5,Sun,30
7325,S002,78.49,7,Sun,45
7326,S003,60.77,12,Tue,41
7327,S003,35.43,8,Thu,54
7328,S001,86.26,5,Wed,22
7329,S004,62.77,3,Mon,33
7330,S003,66.98,7,Sat,37
7331,S002,70.21,7,Tue,26
7332,S001,95.34,5,Wed,60
7333,S001,58.82,1,Sat,34
7334,S003,52.29,4,Sat,43
7335,S004,75.27,5,Sun,48
7336,S001,95.41,5,Fri,45
7337,S002,79.45,6,Wed,21
7338,S002,97.82,8,Wed,26
7339,S002,43.38,3,Thu,49
7340,S002,67.63,5,Thu,56
7341,S004,71.89,5,Wed,56
7342,S001,28.8,3,Tue,67
7343,S002,96.09,7,Thu,41
7344,S002,107.54,6,Sat,42
7345,S004,40.92,4,Fri,58
7346,S002,49.24,5,Tue,57
7347,S003,95.81,3,Sun,46
7348,S004,119.8,6,Thu,51
7349,S003,78.41,3,Wed,53
7350,S004,64.64,4,Tue,46
7351,S001,96.69,4,Tue,40
7352,S004,83.91,3,Wed,69
7353,S002,79.33,6,Thu,46
7354,S001,65.32,5,Fri,57
7355,S003,93.3,8,Sun,31
7356,S003,64.78,4,Mon,33
7357,S001,54.23,4,Mon,44
7358,S004,91.11,5,Sun,42
7359,S003,64.85,6,Fri,68
7360,S002,75.66,5,Tue,53
7361,S003,43.4,4,Sun,59
7362,S002,66.2,5,Mon,20
7363,S003,52.37,3,Tue,67
7364,S003,80.09,4,Wed,64
7365,S001,61.75,8,Mon,42
7366,S003,52.06,2,Tue,35
7367,S004,80.29,2,Mon,64
7368,S001,72.38,6,Tue,23
7369,S002,77.98,6,Sat,63
7370,S001,92.95,2,Wed,21
7371,S003,70.44,12,Sun,25
7372,S002,77.21,8,Mon,24
7373,S001,65.91,5,Thu,67
7374,S001,76.81,2,Sat,67
7375,S001,67.15,2,Thu,31
7376,S001,59.05,4,Wed,52
7377,S003,74.75,6,Mon,51
7378,S002,67.95,8,Thu,19
7379,S001,72.92,8,Wed,33
7380,S004,70.49,5,Wed,60
7381,S001,65.11,4,Sun,66
7382,S001,86.87,7,Sun,38
7383,S003,97.45,3,Sat,62
7384,S003,32.65,5,Sun,33
7385,S004,87.69,8,Mon,54
7386,S004,78.55,10,Sun,25
7387,S001,78.89,8,Fri,55
7388,S001,74.61,7,Fri,19
7389,S002,72.92,6,Sun,46
7390,S004,49.24,5,Fri,53
7391,S002,38.29,3,Wed,35
7392,S003,54.69,1,Thu,58
7393,S001,46.8,9,Mon,35
7394,S003,110.37,6,Sat,67
7395,S004,87.74,7,Mon,36
7396,S001,72.28,4,Sat,68
7397,S004,89.46,6,Fri,35
7398,S004,56.63,8,Tue,56
7399,S002,79.05,2,Sat,28
7400,S004,41.2,5,Fri,48
7401,S002,59.97,7,Thu,24
7402,S003,45.79,4,Fri,26
7403,S003,77.88,10,Sat,31
7404,S004,28.25,4,Sat,24
7405,S003,91.06,4,Mon,27
7406,S002,40.92,10,Sun,32
7407,S001,92.22,6,Tue,43
7408,S001,109.96,7,Sat,29
7409,S003,47.29,2,Mon,50
7410,S001,50.04,8,Wed,35
7411,S001,64.22,2,Mon,58
7412,S004,90.56,7,Wed,50
7413,S003,99.72,6,Mon,61
7414,S002,56.33,4,Wed,51
7415,S004,66.3,11,Thu,61
7416,S003,50.89,2,Wed,69
7417,S003,79.85,5,Thu,42
7418,S003,95.8,5,Sat,29
7419,S001,50.37,2,Sun,49
7420,S004,88.92,6,Sat,36
7421,S003,39.91,6,Tue,40
7422,S004,62.07,8,Thu,33
7423,S003,65.29,6,Mon,21
7424,S002,67.54,5,Mon,54
7425,S002,34.9,4,Wed,54
7426,S003,80.07,6,Mon,57
7427,S004,48.82,3,Sat,43
7428,S002,92.0,10,Wed,29
7429,S003,86.03,2,Mon,57
7430,S002,105.56,4,Sat,39
7431,S003,94.99,4,Mon,48
7432,S004,90.64,6,Thu,26
7433,S002,65.87,5,Sun,65
7434,S001,52.75,3,Thu,40
7435,S002,85.77,4,Wed,60
7436,S002,51.71,8,Sun,23
7437,S003,81.33,3,Mon,29
7438,S004,27.12,5,Wed,26
7439,S002,54.91,5,Mon,44
7440,S004,84.28,2,Thu,58
7441,S002,50.69,3,Sat,65
7442,S001,78.53,4,Thu,45
7443,S003,58.65,4,Fri,51
7444,S001,49.52,4,Fri,56
7445,S004,47.8,0,Wed,64
7446,S003,92.25,7,Sat,67
7447,S003,55.17,4,Wed,49
7448,S003,49.75,4,Tue,25
7449,S002,94.75,1,Wed,26
7450,S003,70.71,3,Fri,54
7451,S001,64.83,3,Tue,53
7452,S002,42.08,3,Fri,61
7453,S003,67.59,5,Sun,67
7454,S003,55.46,5,Thu,23
7455,S004,80.81,8,Wed,40
7456,S002,101.51,5,Sun,42
7457,S004,99.2,14,Sun,51
7458,S004,77.46,5,Tue,21
7459,S001,80.19,7,Fri,49
7460,S001,65.64,4,Wed,45
7461,S002,83.55,6,Sat,57
7462,S002,48.69,2,Fri,19
7463,S002,77.47,5,Wed,31
7464,S002,55.29,6,Mon,49
7465,S004,85.88,3,Thu,32
7466,S002,64.2,5,Sat,47
7467,S004,52.92,3,Wed,64
7468,S003,55.19,3,Thu,60
7469,S001,48.88,3,Fri,36
7470,S002,63.69,8,Sat,29
7471,S003,94.55,8,Mon,47
7472,S004,79.95,7,Tue,39
7473,S002,92.0,6,Sun,25
7474,S004,89.11,9,Fri,49
7475,S001,48.84,7,Sat,19
7476,S004,95.38,6,Tue,53
7477,S001,74.55,11,Sat,65
7478,S001,87.18,4,Wed,68
7479,S001,62.13,4,Sat,24
7480,S003,88.09,6,Fri,34
7481,S001,93.41,4,Wed,66
7482,S002,20.73,2,Sun,24
7483,S004,89.65,2,Thu,53
7484,S001,76.5,6,Sun,21
7485,S003,91.73,1,Sun,66
7486,S001,93.56,6,Sat,33
7487,S002,51.81,9,Sat,45
7488,S003,82.14,8,Fri,51
7489,S004,70.61,8,Tue,68
7490,S003,69.55,3,Sat,58
7491,S002,86.86,6,Thu,46
7492,S001,71.46,8,Mon,28
7493,S001,69.23,5,Sat,44
7494,S001,97.16,4,Fri,53
7495,S001,53.46,5,Thu,20
7496,S004,84.51,5,Fri,34
7497,S001,81.9,8,Mon,35
7498,S001,67.95,8,Wed,27
7499,S004,104.78,5,Thu,30
7500,S001,69.58,7,Sat,41
7501,S003,79.79,5,Wed,18
7502,S001,88.17,8,Thu,24
7503,S001,95.96,4,Sun,63
7504,S001,81.76,4,Thu,59
7505,S002,65.52,4,Fri,65
7506,S004,108.03,4,Mon,21
7507,S004,58.41,4,Thu,61
7508,S001,48.87,6,Tue,38
7509,S003,62.76,7,Sun,51
7510,S004,40.41,6,Mon,50
7511,S004,56.1,6,Thu,28
7512,S001,61.22,4,Sat,36
7513,S003,84.26,7,Wed,35
7514,S002,76.64,10,Fri,23
7515,S002,52.38,3,Tue,32
7516,S003,71.79,5,Sun,41
7517,S003,63.1,7,Fri,42
7518,S002,82.85,4,Tue,53
7519,S003,44.49,4,Thu,47
7520,S004,83.42,3,Sat,39
7521,S001,44.67,8,Wed,47
7522,S004,50.21,4,Sun,48
7523,S002,39.37,7,Sun,35
7524,S002,69.21,4,Sun,18
7525,S004,31.1,8,Sun,20
7526,S003,131.24,0,Mon,28
7527,S001,58.49,4,Sun,53
7528,S001,78.88,4,Fri,23
7529,S002,96.36,7,Mon,56
7530,S003,58.8,5,Wed,48
7531,S001,98.43,1,Sun,47
7532,S001,81.63,5,Thu,29
7533,S003,49.87,4,Fri,37
7534,S003,50.79,7,Sat,69
7535,S004,38.78,9,Sun,34
7536,S002,68.76,3,Fri,54
7537,S001,61.01,8,Fri,64
7538,S004,43.9,9,Mon,31
7539,S002,119.14,7,Thu,54
7540,S002,64.67,3,Mon,33
7541,S003,102.56,2,Wed,57
7542,S004,59.2,6,Tue,45
7543,S001,79.6,2,Thu,53
7544,S003,77.98,3,Sun,58
7545,S004,58.95,5,Fri,27
7546,S003,86.25,6,Thu,69
7547,S002,58.38,5,Fri,37
7548,S001,50.56,1,Tue,55
7549,S004,90.44,12,Tue,24
7550,S004,108.59,5,Thu,46
7551,S003,87.82,3,Wed,37
7552,S004,86.1,4,Mon,23
7553,S002,61.27,5,Tue,46
7554,S001,27.63,7,Sun,37
7555,S003,63.14,2,Wed,51
7556,S001,49.48,2,Fri,67
7557,S002,24.22,4,Wed,40
7558,S004,100.18,5,Tue,58
7559,S004,84.79,4,Sun,44
7560,S002,77.08,2,Mon,39
7561,S003,85.22,3,Sun,50
7562,S002,81.76,5,Mon,27
7563,S002,90.1,7,Mon,50
7564,S002,77.55,4,Fri,67
7565,S001,88.74,7,Sat,40
7566,S003,99.65,6,Thu,43
7567,S003,61.26,7,Wed,32
7568,S002,58.22,9,Thu,66
7569,S002,57.2,4,Thu,19
7570,S001,58.4,8,Sat,23
7571,S003,88.14,3,Tue,42
7572,S001,58.01,2,Mon,44
7573,S003,36.61,4,Sun,68
7574,S003,77.15,6,Sun,27
7575,S001,94.82,6,Wed,39
7576,S001,96.63,6,Wed,69
7577,S004,100.91,5,Tue,59
7578,S002,90.03,5,Sat,60
7579,S004,87.04,6,Fri,66
7580,S004,52.02,6,Thu,68
7581,S004,87.71,4,Mon,46
7582,S003,75.4,5,Sun,67
7583,S002,93.64,3,Sun,64
7584,S003,46.93,5,Sat,21
7585,S002,63.05,4,Sat,32
7586,S002,51.86,7,Thu,61
7587,S003,72.22,12,Fri,23
7588,S002,74.95,5,Wed,52
7589,S001,50.84,4,Thu,62
7590,S004,62.85,2,Mon,58
7591,S001,71.88,8,Sun,20
7592,S002,100.84,9,Fri,18
7593,S003,62.43,9,Mon,29
7594,S003,63.55,3,Thu,38
7595,S003,74.12,8,Sat,36
7596,S002,120.28,2,Tue,27
7597,S001,97.04,8,Sat,56
7598,S002,78.57,3,Sun,28
7599,S004,65.83,4,Wed,65
7600,S004,45.24,5,Sat,54
7601,S004,65.77,2,Tue,26
7602,S004,130.69,8,Mon,22
7603,S001,57.88,3,Fri,22
7604,S002,58.3,6,Sat,23
7605,S002,85.25,3,Fri,26
7606,S003,41.3,4,Sun,34
7607,S001,108.97,10,Sun,53
7608,S002,83.6,4,Sat,48
7609,S001,88.32,3,Sat,25
7610,S002,54.27,8,Wed,24
7611,S001,58.35,2,Sun,26
7612,S002,79.43,9,Sun,51
7613,S001,85.1,1,Sat,32
7614,S003,65.23,6,Wed,45
7615,S004,72.68,6,Tue,58
7616,S001,89.53,2,Fri,36
7617,S002,99.41,7,Fri,61
7618,S004,78.58,1,Sun,28
7619,S001,96.32,10,Tue,36
7620,S002,80.96,4,Wed,36
7621,S003,63.25,6,Sat,22
7622,S003,59.48,3,Mon,66
7623,S002,64.68,1,Wed,19
7624,S001,80.13,3,Sun,35
7625,S004,92.62,5,Fri,36
7626,S004,91.86,6,Tue,45
7627,S002,66.95,5,Tue,69
7628,S001,71.43,2,Thu,37
7629,S004,71.82,3,Tue,68
7630,S001,101.68,3,Thu,22
7631,S004,45.79,8,Tue,59
7632,S004,34.24,3,Sun,69
7633,S003,72.05,2,Mon,40
7634,S002,97.57,3,Wed,55
7635,S001,66.56,2,Sat,51
7636,S004,100.73,3,Thu,63
7637,S001,70.48,5,Sat,48
7638,S001,62.4,6,Tue,56
7639,S002,59.33,7,Mon,57
7640,S004,90.71,2,Tue,47
7641,S002,69.25,7,Sat,24
7642,S001,60.71,5,Thu,39
7643,S001,43.61,4,Fri,21
7644,S001,84.41,5,Mon,51
7645,S003,101.93,6,Thu,35
7646,S003,96.85,4,Sat,40
7647,S001,81.58,3,Thu,58
7648,S001,68.21,11,Thu,52
7649,S004,51.59,4,Thu,28
7650,S003,58.31,6,Mon,31
7651,S001,77.11,4,Sun,26
7652,S002,55.9,7,Thu,68
7653,S002,74.68,6,Sun,31
7654,S003,61.53,5,Mon,35
7655,S001,86.56,7,Thu,68
7656,S002,89.06,3,Mon,68
7657,S001,74.21,4,Thu,18
7658,S004,56.23,2,Tue,69
7659,S004,82.61,4,Fri,38
7660,S003,89.39,6,Wed,67
7661,S001,79.42,5,Sat,40
7662,S004,86.43,4,Thu,28
7663,S001,80.23,3,Sun,64
7664,S001,104.57,5,Tue,66
7665,S002,74.28,1,Mon,24
7666,S002,55.23,8,Tue,44
7667,S003,24.04,3,Sat,48
7668,S001,102.32,8,Fri,24
7669,S004,68.06,3,Sun,48
7670,S004,42.57,6,Wed,41
7671,S001,34.91,7,Sun,64
7672,S003,79.4,10,Wed,63
7673,S004,71.57,5,Wed,21
7674,S002,87.74,4,Thu,55
7675,S002,102.84,5,Wed,66
7676,S002,111.42,4,Sat,65
7677,S001,62.66,5,Wed,24
7678,S002,77.9,9,Wed,51
7679,S003,65.33,3,Fri,22
7680,S002,97.83,8,Sun,63
7681,S001,111.85,1,Wed,19
7682,S001,104.17,4,Sat,19
7683,S001,125.13,4,Tue,47
7684,S001,65.61,3,Thu,57
7685,S002,69.8,2,Fri,19
7686,S004,63.75,2,Wed,23
7687,S002,114.01,4,Tue,30
7688,S003,84.05,10,Thu,57
7689,S001,84.86,8,Wed,23
7690,S002,87.74,5,Fri,28
7691,S002,60.77,4,Sat,60
7692,S001,93.29,5,Thu,64
7693,S002,96.35,7,Fri,63
7694,S002,45.59,7,Sat,67
7695,S001,71.78,3,Tue,50
7696,S003,76.64,5,Sat,36
7697,S004,78.0,6,Fri,43
7698,S003,107.98,5,Sun,63
7699,S003,75.15,6,Fri,47
7700,S003,89.41,6,Thu,62
7701,S004,98.53,2,Wed,66
7702,S003,80.28,8,Mon,37
7703,S002,114.98,4,Tue,67
7704,S004,95.35,7,Tue,22
7705,S002,81.57,6,Sun,41
7706,S002,49.59,5,Sun,47
7707,S003,72.11,6,Fri,51
7708,S002,110.28,4,Tue,45
7709,S003,92.85,2,Sun,54
7710,S002,84.79,4,Tue,25
7711,S002,55.12,6,Sun,50
7712,S001,94.67,7,Thu,23
7713,S002,78.77,4,Sun,50
7714,S003,90.99,5,Sun,46
7715,S001,62.46,7,Sun,67
7716,S001,59.32,3,Sat,60
7717,S004,60.22,2,Sun,66
7718,S004,90.5,9,Sat,62
7719,S002,90.59,3,Fri,46
7720,S003,85.19,4,Thu,64
7721,S001,79.63,7,Sat,19
7722,S002,47.0,10,Wed,62
7723,S004,49.43,1,Thu,66
7724,S002,82.83,4,Wed,23
7725,S001,42.37,5,Sun,67
7726,S004,100.08,4,Thu,22
7727,S003,60.5,1,Fri,55
7728,S002,93.37,4,Sun,45
7729,S002,64.87,7,Tue,54
7730,S002,85.73,8,Sat,61
7731,S003,82.69,1,Tue,60
7732,S003,59.78,6,Sun,49
7733,S002,55.24,5,Sat,67
7734,S002,96.07,6,Sun,48
7735,S003,77.48,6,Sun,18
7736,S002,62.95,3,Wed,62
7737,S002,90.44,4,Mon,62
7738,S003,87.09,9,Tue,39
7739,S001,72.99,3,Wed,42
7740,S001,90.34,7,Wed,41
7741,S002,64.08,6,Fri,26
7742,S003,45.96,8,Sun,59
7743,S002,80.54,4,Tue,54
7744,S004,82.04,4,Fri,49
7745,S002,75.5,12,Mon,63
7746,S002,127.12,6,Mon,26
7747,S001,56.73,4,Wed,33
7748,S004,85.44,4,Fri,43
7749,S004,75.31,5,Mon,32
7750,S001,127.89,4,Fri,40
7751,S002,101.33,3,Wed,23
7752,S003,81.66,2,Mon,25
7753,S001,88.19,10,Thu,30
7754,S003,79.78,11,Mon,19
7755,S003,45.21,1,Thu,69
7756,S004,87.68,5,Fri,51
7757,S004,42.22,6,Sat,51
7758,S003,49.65,2,Sun,49
7759,S002,95.87,7,Tue,50
7760,S004,100.04,3,Wed,61
7761,S001,81.53,2,Sat,47
7762,S003,71.55,4,Thu,55
7763,S002,86.04,6,Tue,56
7764,S002,72.71,6,Thu,18
7765,S002,79.32,3,Fri,44
7766,S003,93.68,2,Wed,27
7767,S003,81.07,3,Wed,24
7768,S004,64.07,5,Thu,41
7769,S002,92.51,4,Thu,43
7770,S004,102.67,6,Sat,29
7771,S001,91.58,5,Wed,22
7772,S002,50.56,5,Sun,21
7773,S004,86.81,5,Thu,48
7774,S003,59.19,4,Fri,18
7775,S004,39.95,9,Fri,37
7776,S004,82.33,6,Mon,42
7777,S004,118.22,5,Mon,43
7778,S001,92.34,4,Sat,58
7779,S001,63.35,5,Mon,36
7780,S001,78.61,4,Wed,56
7781,S002,88.87,4,Thu,69
7782,S001,62.38,4,Sun,68
7783,S001,69.91,6,Mon,47
7784,S003,77.75,4,Fri,47
7785,S002,46.02,6,Tue,69
7786,S001,73.23,2,Wed,53
7787,S004,74.79,4,Sat,59
7788,S004,50.36,2,Wed,44
7789,S001,58.42,3,Sun,60
7790,S003,67.8,4,Tue,34
7791,S003,57.59,4,Sat,22
7792,S004,60.48,3,Thu,43
7793,S001,61.76,3,Mon,67
7794,S001,87.94,4,Fri,54
7795,S001,76.87,11,Sun,30
7796,S001,48.29,3,Mon,57
7797,S004,36.67,5,Tue,52
7798,S002,72.38,6,Thu,67
7799,S004,92.85,8,Fri,39
7800,S004,37.42,8,Tue,23
7801,S001,61.12,5,Thu,62
7802,S002,57.4,3,Mon,46
7803,S004,26.64,5,Fri,52
7804,S004,67.98,4,Fri,54
7805,S002,95.5,3,Fri,25
7806,S001,34.49,5,Sun,54
7807,S001,70.66,3,Thu,19
7808,S003,61.11,5,Tue,32
7809,S002,84.23,8,Thu,68
7810,S004,69.12,4,Tue,25
7811,S002,96.99,7,Sun,53
7812,S001,65.65,4,Mon,42
7813,S001,53.98,9,Sun,67
7814,S004,109.57,5,Wed,21
7815,S004,61.63,4,Mon,19
7816,S001,72.4,5,Mon,67
7817,S001,117.65,2,Tue,28
7818,S003,94.33,8,Wed,33
7819,S001,91.89,5,Sat,66
7820,S003,62.97,3,Fri,47
7821,S001,89.55,6,Wed,57
7822,S004,95.61,6,Mon,52
7823,S001,49.55,3,Wed,67
7824,S002,94.5,6,Tue,32
7825,S001,72.66,6,Thu,19
7826,S004,69.85,5,Sun,52
7827,S002,75.71,5,Thu,41
7828,S004,64.4,5,Mon,35
7829,S002,56.91,9,Sat,46
7830,S001,72.8,3,Fri,32
7831,S004,91.15,7,Tue,30
7832,S004,68.93,2,Mon,68
7833,S003,89.73,5,Tue,31
7834,S002,71.93,10,Wed,49
7835,S001,43.97,3,Mon,63
7836,S004,101.9,5,Sat,56
7837,S003,93.14,7,Tue,54
7838,S004,51.93,5,Mon,50
7839,S004,51.33,9,Tue,18
7840,S002,76.06,4,Fri,45
7841,S002,55.42,6,Mon,49
7842,S002,58.05,8,Sun,59
7843,S002,105.79,7,Wed,55
7844,S003,77.73,5,Sun,55
7845,S003,97.79,3,Thu,25
7846,S001,121.95,6,Wed,46
7847,S002,73.34,3,Thu,40
7848,S002,86.18,3,Sat,45
7849,S002,71.6,4,Mon,42
7850,S002,80.13,6,Fri,67
7851,S002,84.15,4,Sun,49
7852,S002,63.13,8,Wed,63
7853,S003,73.67,7,Sat,53
7854,S002,50.01,2,Tue,19
7855,S004,39.48,9,Tue,34
7856,S004,53.99,9,Tue,53
7857,S003,103.5,10,Thu,23
7858,S004,82.83,5,Wed,49
7859,S001,76.52,3,Wed,40
7860,S003,80.68,4,Sun,24
7861,S001,87.08,6,Mon,59
7862,S004,100.86,4,Sat,60
7863,S001,69.62,6,Mon,27
7864,S004,88.68,6,Sun,27
7865,S003,73.27,9,Thu,52
7866,S003,78.04,8,Tue,55
7867,S002,31.82,6,Tue,25
7868,S004,81.9,3,Wed,28
7869,S002,66.71,6,Fri,46
7870,S001,81.31,8,Sun,20
7871,S004,78.09,6,Thu,24
7872,S004,101.05,10,Sun,58
7873,S001,73.73,3,Sat,26
7874,S004,88.0,4,Mon,55
7875,S003,85.8,4,Mon,38
7876,S001,69.96,4,Tue,50
7877,S002,55.06,2,Sun,46
7878,S003,79.86,4,Wed,57
7879,S004,41.59,3,Sun,42
7880,S002,83.51,3,Sat,32
7881,S003,83.4,5,Sat,46
7882,S004,108.29,5,Mon,38
7883,S004,71.73,3,Fri,45
7884,S004,54.81,0,Wed,61
7885,S001,60.0,3,Wed,24
7886,S001,82.78,9,Mon,36
7887,S004,68.44,2,Fri,45
7888,S004,76.37,7,Wed,28
7889,S002,70.41,2,Sun,21
7890,S004,75.12,4,Thu,34
7891,S001,49.33,3,Sun,33
7892,S004,45.56,5,Sat,68
7893,S004,95.7,5,Tue,29
7894,S003,72.02,6,Wed,46
7895,S002,80.07,5,Wed,35
7896,S004,51.5,6,Thu,38
7897,S002,85.06,4,Tue,47
7898,S001,69.67,8,Sat,41
7899,S001,90.36,5,Fri,21
7900,S003,85.78,4,Mon,43
7901,S004,77.29,6,Thu,47
7902,S001,75.74,4,Fri,44
7903,S004,32.8,3,Sun,35
7904,S002,72.93,6,Wed,37
7905,S003,78.47,4,Thu,22
7906,S004,64.59,9,Sun,60
7907,S002,44.22,5,Sat,46
7908,S002,80.89,6,Wed,57
7909,S002,63.91,5,Wed,48
7910,S004,82.92,4,Tue,31
7911,S001,63.68,6,Sun,60
7912,S004,63.44,8,Thu,33
7913,S004,65.67,9,Wed,30
7914,S004,76.61,9,Sun,55
7915,S003,83.78,5,Sun,56
7916,S003,73.77,11,Fri,60
7917,S001,89.01,8,Wed,62
7918,S001,87.96,3,Wed,20
7919,S001,70.75,6,Sun,21
7920,S001,93.68,8,Fri,65
7921,S002,55.43,4,Sun,37
7922,S002,83.36,4,Wed,28
7923,S001,61.17,4,Wed,25
7924,S002,90.84,6,Sun,33
7925,S004,51.91,4,Sat,23
7926,S002,74.94,9,Sun,68
7927,S004,91.33,3,Sun,44
7928,S001,32.1,9,Sun,45
7929,S002,60.72,7,Sat,34
7930,S001,72.45,5,Wed,35
7931,S003,93.13,5,Tue,34
7932,S004,89.59,6,Sun,41
7933,S003,46.11,2,Mon,18
7934,S004,64.58,3,Sun,59
7935,S001,89.18,1,Tue,46
7936,S002,111.26,4,Fri,37
7937,S004,50.92,4,Tue,66
7938,S001,104.88,3,Sun,38
7939,S004,48.82,7,Wed,37
7940,S003,109.34,4,Mon,53
7941,S004,39.83,7,Sun,63
7942,S003,81.22,3,Sat,53
7943,S001,43.58,2,Sun,25
7944,S001,61.2,4,Sun,25
7945,S001,54.68,3,Thu,26
7946,S002,83.8,2,Tue,49
7947,S001,108.98,8,Mon,22
7948,S001,109.37,2,Sun,66
7949,S004,86.37,5,Mon,66
7950,S002,89.46,8,Tue,41
7951,S004,76.48,5,Thu,37
7952,S002,68.16,4,Sat,62
7953,S004,65.07,7,Wed,54
7954,S003,89.11,6,Mon,33
7955,S003,101.42,5,Thu,33
7956,S001,80.45,3,Tue,68
7957,S003,87.82,9,Sat,68
7958,S003,55.76,2,Thu,47
7959,S002,68.69,3,Thu,18
7960,S004,47.5,4,Fri,62
7961,S002,88.58,7,Tue,43
7962,S002,59.12,3,Fri,37
7963,S003,54.81,7,Sat,34
7964,S002,47.15,7,Fri,22
7965,S004,70.95,6,Fri,34
7966,S003,76.36,6,Sat,47
7967,S002,71.98,7,Sun,30
7968,S003,85.83,7,Mon,29
7969,S002,89.29,4,Thu,62
7970,S003,61.59,6,Sun,49
7971,S003,48.4,2,Thu,25
7972,S004,48.17,9,Sun,18
7973,S004,63.73,4,Tue,20
7974,S002,69.17,8,Thu,63
7975,S002,90.46,4,Tue,22
7976,S002,105.28,3,Thu,69
7977,S001,74.44,4,Fri,49
7978,S001,64.96,5,Sat,43
7979,S004,87.35,7,Mon,51
7980,S004,75.85,3,Fri,44
7981,S002,80.53,5,Sun,39
7982,S002,87.81,0,Sun,27
7983,S001,64.95,4,Wed,60
7984,S004,86.85,6,Fri,36
7985,S002,87.96,3,Fri,25
7986,S002,44.11,9,Mon,33
7987,S004,49.84,2,Sat,27
7988,S004,100.62,5,Wed,53
7989,S001,87.71,6,Fri,27
7990,S003,83.26,9,Sat,59
7991,S001,81.32,8,Wed,39
7992,S004,98.6,5,Tue,58
7993,S004,65.87,4,Thu,30
7994,S002,83.18,8,Sat,41
7995,S002,45.4,6,Sat,67
7996,S004,100.46,0,Sat,19
7997,S003,58.99,3,Sun,25
7998,S002,66.14,4,Fri,27
7999,S002,82.37,6,Fri,25
8000,S001,90.01,2,Fri,22
8001,S001,93.85,4,Sun,37
8002,S002,107.99,3,Tue,50
8003,S002,44.09,6,Fri,47
8004,S002,50.32,6,Thu,26
8005,S002,56.98,5,Thu,37
8006,S004,49.53,3,Sun,18
8007,S003,73.77,4,Wed,65
8008,S001,112.28,1,Fri,19
8009,S001,68.01,6,Wed,20
8010,S002,79.35,8,Thu,28
8011,S002,26.25,7,Thu,42
8012,S004,74.23,3,Mon,27
8013,S002,69.98,3,Wed,32
8014,S001,60.72,5,Wed,31
8015,S002,92.82,3,Thu,43
8016,S004,101.73,5,Tue,33
8017,S002,73.34,10,Sun,61
8018,S003,125.26,1,Mon,57
8019,S004,76.96,6,Sun,18
8020,S001,58.03,8,Fri,36
8021,S003,85.0,7,Thu,49
8022,S004,66.81,2,Tue,64
8023,S002,85.92,3,Sat,56
8024,S003,65.28,9,Sat,69
8025,S003,34.09,2,Mon,44
8026,S001,95.79,3,Fri,61
8027,S003,77.34,10,Sun,23
8028,S002,40.67,3,Fri,55
8029,S004,52.86,5,Wed,23
8030,S002,80.04,9,Fri,46
8031,S004,50.1,4,Tue,29
8032,S002,86.18,2,Thu,19
8033,S002,110.54,5,Thu,64
8034,S001,43.08,8,Mon,65
8035,S002,105.81,4,Thu,45
8036,S001,63.21,7,Sun,26
8037,S004,38.72,8,Mon,25
8038,S004,78.4,5,Thu,37
8039,S001,72.41,4,Thu,52
8040,S001,85.56,4,Mon,42
8041,S002,79.89,4,Mon,58
8042,S004,68.53,6,Tue,60
8043,S001,100.12,8,Wed,50
8044,S004,90.1,9,Sun,39
8045,S003,78.03,5,Sat,66
8046,S003,66.57,3,Sat,53
8047,S004,91.3,6,Thu,53
8048,S002,103.6,5,Wed,54
8049,S003,77.6,4,Tue,48
8050,S003,84.21,6,Tue,22
8051,S003,57.6,7,Thu,63
8052,S003,74.53,4,Mon,23
8053,S001,52.52,5,Wed,69
8054,S003,77.75,10,Sun,42
8055,S004,79.88,8,Wed,21
8056,S002,40.42,3,Mon,69
8057,S002,65.06,5,Sat,46
8058,S003,101.01,3,Fri,56
8059,S003,63.64,3,Mon,21
8060,S003,86.89,6,Tue,29
8061,S004,89.89,3,Fri,27
8062,S003,69.86,3,Sun,65
8063,S003,55.3,3,Fri,25
8064,S001,79.73,6,Mon,18
8065,S002,81.71,5,Thu,45
8066,S002,34.66,7,Thu,47
8067,S001,88.08,2,Sat,58
8068,S004,77.02,7,Thu,44
8069,S004,76.59,5,Sat,30
8070,S001,107.44,8,Sat,45
8071,S004,97.56,7,Mon,56
8072,S001,106.29,3,Sun,49
8073,S002,109.65,4,Tue,32
8074,S004,76.94,1,Tue,38
8075,S004,73.63,6,Tue,46
8076,S002,85.91,6,Fri,44
8077,S003,36.89,7,Tue,60
8078,S004,110.27,5,Mon,30
8079,S001,43.97,5,Fri,68
8080,S002,50.59,6,Fri,64
8081,S002,71.4,6,Sun,18
8082,S003,21.13,7,Sat,69
8083,S004,78.43,3,Sun,25
8084,S003,87.06,7,Sat,38
8085,S002,76.15,7,Fri,34
8086,S001,122.15,2,Tue,43
8087,S004,70.83,5,Wed,47
8088,S004,65.97,3,Mon,66
8089,S003,70.17,9,Thu,64
8090,S002,84.33,4,Thu,23
8091,S003,62.35,7,Sun,18
8092,S001,77.42,4,Fri,58
8093,S002,79.3,5,Wed,28
8094,S004,101.88,4,Mon,43
8095,S001,100.5,6,Sun,41
8096,S003,65.99,4,Sun,28
8097,S001,63.49,7,Mon,44
8098,S001,103.13,5,Sat,36
8099,S003,45.24,4,Wed,59
8100,S001,64.92,7,Tue,36
8101,S002,94.68,5,Thu,53
8102,S004,53.31,2,Wed,26
8103,S003,69.43,2,Tue,35
8104,S001,83.83,2,Fri,33
8105,S001,72.67,5,Fri,37
8106,S003,78.52,7,Sat,61
8107,S001,89.82,3,Thu,41
8108,S002,67.66,3,Thu,39
8109,S004,60.59,6,Thu,35
8110,S003,64.95,3,Thu,25
8111,S004,79.12,8,Tue,18
8112,S002,89.48,5,Fri,45
8113,S002,106.81,4,Sun,39
8114,S004,76.87,0,Wed,19
8115,S002,61.22,4,Mon,33
8116,S003,35.02,4,Thu,26
8117,S003,66.48,5,Tue,46
8118,S002,51.52,7,Mon,46
8119,S003,97.6,4,Sun,68
8120,S002,83.36,2,Sat,59
8121,S002,28.74,1,Thu,29
8122,S001,86.85,3,Sat,37
8123,S004,69.0,3,Mon,63
8124,S004,109.2,4,Wed,55
8125,S002,51.81,3,Sat,38
8126,S003,32.41,4,Sun,51
8127,S002,68.39,8,Thu,69
8128,S002,100.2,6,Tue,19
8129,S001,60.78,5,Wed,55
8130,S004,110.22,5,Mon,35
8131,S002,61.94,3,Fri,20
8132,S002,107.93,6,Tue,62
8133,S001,56.03,6,Thu,54
8134,S001,58.31,4,Sat,23
8135,S004,61.92,6,Sat,55
8136,S003,68.77,7,Thu,34
8137,S004,42.72,6,Sun,38
8138,S002,53.54,11,Thu,31
8139,S002,75.85,5,Sun,32
8140,S001,53.0,5,Mon,28
8141,S003,95.98,7,Mon,34
8142,S002,103.16,4,Tue,47
8143,S004,67.26,5,Sat,23
8144,S004,80.71,6,Tue,62
8145,S002,102.08,4,Tue,55
8146,S001,85.0,9,Sat,46
8147,S001,74.61,4,Sun,34
8148,S001,98.26,5,Fri,67
8149,S002,110.41,2,Sat,54
8150,S002,59.45,6,Sat,66
8151,S003,91.32,4,Thu,59
8152,S001,62.85,3,Thu,27
8153,S001,113.7,4,Sat,44
8154,S004,60.36,1,Wed,65
8155,S001,94.29,7,Fri,28
8156,S002,84.82,4,Fri,29
8157,S003,85.01,2,Thu,32
8158,S003,71.23,6,Fri,28
8159,S001,87.94,5,Thu,27
8160,S002,62.77,7,Fri,60
8161,S001,46.96,6,Sat,22
8162,S001,69.95,8,Fri,24
8163,S003,75.02,7,Sat,62
8164,S003,67.3,10,Thu,61
8165,S002,80.18,6,Thu,46
8166,S004,69.63,7,Thu,41
8167,S004,43.55,3,Wed,54
8168,S001,81.64,7,Sun,59
8169,S001,139.01,6,Mon,47
8170,S002,87.31,4,Sun,64
8171,S001,91.05,1,Sat,30
8172,S002,77.38,2,Sun,50
8173,S004,77.36,5,Tue,29
8174,S002,74.73,2,Tue,38
8175,S002,72.07,4,Thu,43
8176,S003,76.12,4,Fri,35
8177,S001,75.12,5,Tue,19
8178,S004,90.06,4,Sun,42
8179,S003,79.65,6,Tue,57
8180,S004,86.83,5,Mon,45
8181,S003,54.58,7,Sun,57
8182,S002,77.94,5,Wed,34
8183,S002,94.9,7,Tue,64
8184,S001,72.69,4,Fri,27
8185,S004,30.92,6,Tue,60
8186,S002,67.67,5,Sat,32
8187,S004,91.6,6,Sun,28
8188,S001,90.08,4,Wed,19
8189,S001,50.79,7,Tue,24
8190,S001,80.32,6,Thu,32
8191,S001,102.01,6,Fri,49
8192,S001,113.79,6,Mon,60
8193,S004,71.15,9,Thu,61
8194,S002,63.4,7,Mon,60
8195,S003,97.18,3,Tue,68
8196,S001,63.55,9,Mon,65
8197,S003,87.04,4,Sun,67
8198,S001,109.92,2,Thu,49
8199,S003,59.92,4,Mon,55
8200,S003,81.79,6,Thu,54
8201,S001,38.67,6,Fri,48
8202,S002,84.41,1,Tue,34
8203,S004,42.28,5,Sun,39
8204,S002,85.36,2,Thu,36
8205,S002,81.14,2,Mon,27
8206,S004,67.56,4,Sun,26
8207,S002,110.68,5,Sun,42
8208,S004,110.56,4,Thu,31
8209,S003,89.51,10,Thu,63
8210,S001,64.06,7,Thu,48
8211,S001,52.7,7,Fri,34
8212,S004,50.98,4,Thu,32
8213,S002,73.13,6,Sun,63
8214,S004,65.08,7,Sun,69
8215,S001,70.68,6,Sun,34
8216,S001,22.3,5,Sun,45
8217,S001,60.17,3,Sat,42
8218,S003,64.92,3,Fri,38
8219,S001,36.58,6,Mon,18
8220,S004,65.41,11,Fri,40
8221,S001,48.72,4,Thu,62
8222,S002,62.39,4,Mon,41
8223,S003,57.7,6,Fri,45
8224,S004,44.46,4,Tue,23
8225,S003,99.15,6,Mon,20
8226,S001,102.08,5,Sat,18
8227,S004,54.4,8,Thu,40
8228,S004,80.03,6,Tue,57
8229,S001,51.28,6,Fri,19
8230,S003,49.48,4,Wed,52
8231,S001,72.35,4,Tue,67
8232,S001,75.16,7,Sun,49
8233,S002,51.81,4,Wed,68
8234,S003,78.47,4,Tue,62
8235,S002,58.16,7,Sun,25
8236,S002,72.75,3,Fri,53
8237,S002,65.79,7,Mon,39
8238,S003,51.61,7,Thu,66
8239,S004,120.33,8,Sun,26
8240,S001,83.79,9,Mon,46
8241,S002,92.34,8,Mon,18
8242,S001,62.27,7,Mon,43
8243,S002,95.26,6,Sat,32
8244,S001,85.71,2,Tue,43
8245,S002,100.96,9,Sun,63
8246,S001,68.27,5,Mon,26
8247,S004,89.89,5,Thu,57
8248,S001,76.41,5,Tue,47
8249,S004,85.66,5,Thu,46
8250,S002,106.56,6,Sun,58
8251,S004,59.17,6,Tue,26
8252,S001,26.45,8,Tue,43
8253,S004,73.0,3,Thu,35
8254,S002,83.8,5,Thu,48
8255,S002,70.75,4,Wed,43
8256,S003,58.76,6,Fri,60
8257,S002,52.03,5,Mon,50
8258,S001,66.65,6,Sat,63
8259,S001,71.2,1,Mon,58
8260,S003,43.62,6,Thu,27
8261,S003,89.25,8,Sun,58
8262,S002,66.93,3,Wed,22
8263,S001,78.99,7,Wed,64
8264,S003,54.78,11,Mon,43
8265,S001,60.03,4,Tue,56
8266,S003,68.05,2,Tue,69
8267,S001,85.98,8,Thu,33
8268,S001,48.77,5,Wed,57
8269,S003,84.06,6,Thu,18
8270,S001,100.3,4,Wed,46
8271,S002,48.43,5,Fri,30
8272,S002,120.39,4,Mon,47
8273,S001,35.55,5,Tue,26
8274,S002,72.17,11,Sat,43
8275,S004,115.98,2,Wed,19
8276,S001,88.7,8,Sat,19
8277,S004,51.27,5,Sat,56
8278,S004,75.19,6,Sun,64
8279,S002,86.03,4,Mon,27
8280,S004,84.93,9,Sat,37
8281,S003,64.96,4,Fri,59
8282,S001,90.27,7,Mon,42
8283,S001,89.99,6,Wed,46
8284,S004,94.77,4,Thu,40
8285,S002,96.07,5,Tue,44
8286,S004,64.58,6,Thu,50
8287,S004,106.86,1,Sun,21
8288,S003,98.89,3,Sat,48
8289,S004,51.12,6,Sun,22
8290,S004,61.12,7,Fri,58
8291,S001,69.49,4,Thu,56
8292,S003,81.84,2,Sat,56
8293,S001,67.01,10,Mon,32
8294,S002,75.29,3,Sat,41
8295,S002,71.81,1,Sat,45
8296,S004,65.87,8,Wed,58
8297,S003,103.06,3,Tue,62
8298,S004,79.82,5,Wed,58
8299,S004,75.14,3,Mon,69
8300,S002,57.47,2,Tue,42
8301,S003,84.12,3,Sat,62
8302,S002,73.04,1,Tue,51
8303,S004,54.83,8,Fri,46
8304,S003,47.93,8,Thu,57
8305,S004,57.84,6,Tue,41
8306,S004,91.12,5,Sun,38
8307,S002,53.72,3,Sat,21
8308,S003,72.88,8,Thu,62
8309,S002,83.55,4,Sun,25
8310,S003,58.52,7,Mon,47
8311,S004,111.18,7,Mon,69
8312,S004,43.4,5,Sun,36
8313,S001,74.4,4,Fri,65
8314,S003,68.61,7,Sat,65
8315,S004,85.56,5,Tue,38
8316,S002,45.68,2,Wed,68
8317,S002,86.88,5,Tue,56
8318,S001,57.61,6,Mon,22
8319,S002,82.37,5,Mon,46
8320,S001,84.02,5,Sun,69
8321,S003,86.94,6,Fri,20
8322,S002,52.09,4,Fri,42
8323,S001,73.74,6,Fri,37
8324,S004,73.55,3,Fri,43
8325,S001,61.96,4,Sat,31
8326,S002,113.81,3,Wed,19
8327,S001,35.01,9,Sun,26
8328,S001,65.53,4,Mon,30
8329,S003,61.36,4,Thu,40
8330,S003,34.86,6,Fri,37
8331,S003,71.06,2,Wed,45
8332,S001,75.24,4,Fri,46
8333,S002,92.27,6,Thu,53
8334,S003,85.98,7,Wed,41
8335,S002,85.07,5,Fri,31
8336,S003,92.55,4,Sun,30
8337,S001,64.98,4,Sat,21
8338,S003,70.05,4,Wed,28
8339,S002,90.38,7,Sun,41
8340,S001,66.22,6,Fri,46
8341,S004,90.25,3,Wed,26
8342,S004,55.11,5,Tue,61
8343,S002,57.0,8,Sat,20
8344,S001,70.28,6,Tue,54
8345,S002,86.12,7,Mon,33
8346,S003,63.33,8,Fri,29
8347,S001,75.85,6,Thu,38
8348,S002,85.95,8,Sat,38
8349,S001,84.0,9,Mon,24
8350,S002,115.12,2,Mon,29
8351,S002,86.26,6,Fri,30
8352,S001,66.4,5,Sun,47
8353,S004,67.14,8,Fri,20
8354,S003,87.26,4,Thu,63
8355,S004,67.9,8,Wed,30
8356,S001,74.07,3,Sat,24
8357,S003,90.94,5,Tue,25
8358,S002,74.42,6,Fri,18
8359,S004,71.25,6,Tue,37
8360,S001,69.67,5,Sun,44
8361,S004,63.18,4,Fri,68
8362,S001,83.98,5,Sun,65
8363,S003,84.31,8,Mon,24
8364,S004,102.54,7,Mon,59
8365,S003,82.49,2,Tue,18
8366,S001,116.28,2,Mon,23
8367,S001,64.93,12,Mon,59
8368,S002,120.28,2,Fri,46
8369,S001,91.4,4,Sun,61
8370,S004,82.52,0,Sun,44
8371,S001,77.7,2,Thu,35
8372,S001,60.03,4,Thu,18
8373,S002,61.16,4,Wed,63
8374,S003,44.84,3,Wed,67
8375,S001,57.9,2,Sun,41
8376,S001,68.31,3,Wed,59
8377,S002,69.59,5,Sat,21
8378,S004,89.9,2,Tue,34
8379,S001,87.74,3,Mon,66
8380,S003,98.82,8,Sat,43
8381,S002,67.7,6,Wed,41
8382,S004,75.53,5,Mon,35
8383,S002,78.71,3,Mon,65
8384,S001,32.42,4,Sun,69
8385,S001,73.78,6,Mon,42
8386,S003,71.71,8,Tue,27
8387,S002,106.97,2,Wed,63
8388,S002,82.57,6,Fri,40
8389,S002,57.24,12,Thu,31
8390,S004,78.19,6,Thu,45
8391,S002,94.4,2,Fri,65
8392,S002,66.35,9,Thu,42
8393,S004,90.25,2,Sun,43
8394,S003,55.17,3,Thu,47
8395,S003,74.59,5,Wed,36
8396,S003,37.65,5,Wed,65
8397,S002,101.59,6,Tue,61
8398,S004,69.29,4,Thu,55
8399,S004,83.11,4,Thu,27
8400,S003,61.38,4,Mon,24
8401,S002,64.73,3,Thu,23
8402,S003,37.14,5,Fri,64
8403,S001,73.44,0,Thu,58
8404,S001,65.82,3,Tue,63
8405,S002,103.77,5,Sat,48
8406,S003,94.07,5,Sat,54
8407,S001,56.8,4,Mon,52
8408,S004,63.79,2,Sat,54
8409,S002,52.42,2,Tue,31
8410,S001,95.51,6,Sun,28
8411,S001,47.95,4,Wed,67
8412,S004,81.79,3,Sun,47
8413,S002,89.19,5,Thu,23
8414,S001,65.65,4,Thu,67
8415,S001,42.1,4,Tue,56
8416,S002,91.22,6,Fri,58
8417,S002,109.35,6,Thu,61
8418,S002,73.89,7,Tue,54
8419,S004,82.78,10,Sat,32
8420,S001,50.83,4,Sat,48
8421,S003,74.65,3,Mon,65
8422,S002,100.46,6,Fri,34
8423,S003,27.76,4,Tue,47
8424,S004,73.18,3,Fri,37
8425,S003,62.8,6,Sun,37
8426,S001,103.7,8,Sun,24
8427,S004,69.17,9,Sun,24
8428,S004,80.09,6,Tue,60
8429,S002,104.4,4,Wed,60
8430,S001,74.3,5,Sat,60
8431,S002,102.09,9,Wed,26
8432,S002,76.17,7,Wed,23
8433,S003,89.24,1,Mon,54
8434,S001,101.08,4,Thu,40
8435,S003,69.64,4,Sat,37
8436,S001,67.26,8,Tue,24
8437,S003,99.67,7,Sun,20
8438,S002,51.48,2,Wed,53
8439,S002,43.51,7,Thu,61
8440,S002,79.02,3,Tue,44
8441,S001,108.12,3,Thu,23
8442,S002,102.91,1,Thu,25
8443,S001,79.86,7,Tue,57
8444,S003,88.75,6,Fri,25
8445,S003,44.2,2,Sun,34
8446,S003,32.98,11,Tue,29
8447,S002,57.25,6,Fri,28
8448,S001,96.74,6,Fri,18
8449,S002,57.13,5,Sun,34
8450,S002,27.36,10,Thu,46
8451,S002,70.36,7,Sat,62
8452,S001,86.49,6,Mon,21
8453,S001,98.73,8,Sat,43
8454,S002,116.96,5,Thu,27
8455,S002,54.71,3,Thu,30
8456,S001,69.55,2,Sat,55
8457,S002,97.81,7,Tue,65
8458,S001,68.62,3,Fri,21
8459,S004,41.21,4,Tue,29
8460,S004,56.8,8,Wed,43
8461,S003,55.02,6,Sat,47
8462,S003,80.94,6,Thu,33
8463,S002,84.48,3,Mon,26
8464,S001,67.11,3,Wed,40
8465,S001,94.31,5,Fri,22
8466,S002,78.43,4,Mon,32
8467,S002,65.55,1,Tue,48
8468,S001,76.59,5,Sat,47
8469,S003,50.78,9,Thu,35
8470,S002,55.57,7,Thu,21
8471,S001,45.19,5,Mon,18
8472,S003,85.96,6,Wed,34
8473,S002,48.45,6,Thu,24
8474,S004,77.07,4,Wed,33
8475,S003,81.48,7,Sat,63
8476,S003,73.14,2,Wed,22
8477,S002,59.28,1,Sun,20
8478,S004,66.8,8,Tue,45
8479,S001,77.7,7,Thu,54
8480,S001,62.75,2,Thu,55
8481,S001,65.36,9,Thu,54
8482,S003,74.77,2,Sun,51
8483,S004,62.39,7,Mon,36
8484,S003,62.1,3,Wed,59
8485,S003,94.18,1,Sun,36
8486,S002,116.71,6,Wed,63
8487,S002,107.72,5,Wed,62
8488,S004,73.38,5,Fri,46
8489,S004,83.35,8,Mon,36
8490,S002,86.15,3,Wed,28
8491,S003,98.1,9,Mon,63
8492,S002,56.82,5,Wed,58
8493,S002,48.36,9,Wed,60
8494,S003,61.01,5,Fri,69
8495,S003,91.77,3,Sat,48
8496,S004,74.89,5,Tue,40
8497,S003,76.93,2,Tue,59
8498,S001,34.19,7,Wed,19
8499,S004,63.6,3,Wed,33
8500,S002,79.22,5,Fri,42
8501,S004,78.52,5,Wed,35
8502,S002,72.73,6,Fri,36
8503,S003,72.22,8,Sun,61
8504,S004,63.65,7,Mon,58
8505,S003,53.14,4,Tue,52
8506,S001,84.33,2,Wed,44
8507,S002,101.91,12,Wed,23
8508,S003,94.29,3,Thu,27
8509,S004,78.47,6,Thu,45
8510,S001,62.87,6,Sat,68
8511,S002,38.25,4,Thu,45
8512,S003,76.98,6,Tue,23
8513,S004,53.81,6,Sun,20
8514,S002,40.03,5,Mon,46
8515,S001,102.69,8,Wed,39
8516,S002,75.17,5,Sun,21
8517,S004,81.62,6,Sat,65
8518,S001,70.34,3,Tue,24
8519,S003,66.32,3,Thu,33
8520,S001,67.06,7,Tue,23
8521,S003,59.42,3,Sun,56
8522,S001,98.17,7,Mon,20
8523,S002,59.26,3,Thu,26
8524,S003,48.57,4,Sun,46
8525,S004,85.6,3,Wed,20
8526,S004,64.91,4,Fri,35
8527,S001,42.97,4,Thu,33
8528,S002,87.87,4,Fri,44
8529,S004,52.79,6,Thu,41
8530,S002,95.65,5,Mon,64
8531,S004,75.51,8,Wed,62
8532,S004,64.35,6,Fri,50
8533,S001,60.82,3,Sat,43
8534,S002,97.29,5,Sun,55
8535,S004,81.49,4,Wed,22
8536,S003,83.66,4,Tue,30
8537,S002,77.12,4,Tue,33
8538,S002,94.94,6,Tue,63
8539,S004,43.6,7,Sun,61
8540,S001,93.22,5,Sun,47
8541,S003,71.24,4,Mon,26
8542,S001,76.44,2,Wed,66
8543,S004,71.55,10,Mon,54
8544,S004,49.09,7,Sat,43
8545,S003,78.25,4,Wed,51
8546,S003,94.07,3,Thu,60
8547,S002,91.91,4,Sat,46
8548,S002,95.49,6,Sun,32
8549,S002,91.63,5,Thu,26
8550,S004,79.34,7,Tue,37
8551,S002,51.79,7,Sun,63
8552,S004,87.41,5,Fri,30
8553,S001,90.85,5,Fri,59
8554,S001,52.11,9,Sun,34
8555,S004,71.89,4,Tue,22
8556,S003,79.11,3,Sat,55
8557,S002,73.61,1,Sun,21
8558,S003,106.34,3,Mon,35
8559,S001,62.21,5,Tue,25
8560,S004,87.01,2,Sat,58
8561,S004,80.62,8,Sat,32
8562,S004,94.4,4,Tue,36
8563,S004,102.99,7,Thu,19
8564,S002,56.26,2,Sat,47
8565,S002,53.8,11,Wed,58
8566,S004,88.83,6,Mon,42
8567,S002,75.51,2,Wed,65
8568,S001,86.35,6,Sun,48
8569,S003,35.76,5,Sun,27
8570,S002,59.65,3,Sun,19
8571,S002,82.25,5,Fri,21
8572,S003,90.99,7,Sun,49
8573,S003,73.96,4,Wed,42
8574,S004,76.38,8,Mon,63
8575,S003,89.78,7,Wed,62
8576,S002,80.22,6,Thu,47
8577,S002,43.07,14,Sat,63
8578,S004,81.92,5,Tue,56
8579,S002,59.96,7,Fri,23
8580,S003,48.58,10,Wed,57
8581,S002,85.27,2,Sat,45
8582,S004,88.54,7,Tue,64
8583,S001,91.83,4,Sat,29
8584,S002,110.74,2,Mon,37
8585,S003,85.03,4,Sat,68
8586,S004,87.56,4,Mon,42
8587,S004,74.48,5,Thu,64
8588,S001,76.72,6,Mon,19
8589,S003,72.7,6,Mon,56
8590,S002,55.16,5,Mon,22
8591,S001,102.93,8,Sun,31
8592,S002,85.64,5,Fri,53
8593,S003,76.75,5,Mon,27
8594,S002,99.48,3,Tue,42
8595,S002,62.09,4,Wed,64
8596,S004,87.3,5,Tue,57
8597,S003,69.11,3,Sun,46
8598,S003,59.65,5,Sun,38
8599,S004,35.08,6,Wed,32
8600,S002,75.01,8,Thu,48
8601,S004,66.43,3,Wed,60
8602,S004,67.66,5,Sat,29
8603,S003,70.33,5,Sat,30
8604,S004,71.37,7,Sat,64
8605,S004,122.69,3,Sat,53
8606,S002,75.55,6,Mon,41
8607,S002,69.4,6,Tue,21
8608,S001,75.3,4,Sun,20
8609,S004,69.7,5,Fri,67
8610,S004,79.04,7,Mon,43
8611,S004,67.31,6,Sun,21
8612,S002,51.85,4,Fri,55
8613,S004,107.96,5,Sun,31
8614,S002,86.64,4,Fri,57
8615,S003,70.84,11,Wed,33
8616,S001,72.19,4,Thu,64
8617,S001,94.5,7,Thu,24
8618,S004,61.69,1,Fri,38
8619,S001,53.97,4,Sun,67
8620,S004,64.64,4,Fri,33
8621,S002,73.55,7,Wed,51
8622,S001,93.49,7,Mon,31
8623,S001,96.12,8,Sun,69
8624,S004,69.76,10,Wed,27
8625,S003,75.2,7,Sat,60
8626,S003,103.77,7,Mon,35
8627,S002,44.59,2,Sat,56
8628,S002,90.39,4,Tue,24
8629,S002,59.34,9,Sat,36
8630,S003,61.68,3,Sun,20
8631,S001,92.17,8,Thu,64
8632,S001,75.6,5,Mon,23
8633,S004,89.65,3,Thu,34
8634,S004,88.53,2,Tue,18
8635,S001,55.66,5,Mon,24
8636,S003,85.87,9,Tue,35
8637,S003,73.14,3,Thu,68
8638,S003,80.46,4,Tue,20
8639,S004,89.95,11,Tue,69
8640,S003,91.37,8,Thu,67
8641,S001,75.8,5,Tue,58
8642,S004,76.41,9,Sat,55
8643,S004,89.2,8,Wed,42
8644,S001,51.38,6,Thu,49
8645,S003,78.05,4,Mon,31
8646,S004,46.28,4,Sun,42
8647,S003,56.27,3,Sat,28
8648,S001,88.03,6,Sun,19
8649,S002,126.12,4,Fri,34
8650,S002,65.2,2,Mon,63
8651,S003,63.86,4,Wed,36
8652,S003,81.16,5,Sat,64
8653,S002,72.46,5,Tue,64
8654,S003,71.62,7,Tue,57
8655,S002,97.16,5,Sun,23
8656,S004,86.16,1,Wed,60
8657,S001,99.16,6,Mon,39
8658,S004,81.12,4,Tue,24
8659,S001,104.41,1,Mon,51
8660,S003,44.4,6,Wed,39
8661,S002,66.26,8,Sat,61
8662,S003,71.32,5,Tue,41
8663,S003,83.21,3,Fri,53
8664,S004,74.84,3,Wed,33
8665,S001,46.3,6,Sun,38
8666,S002,135.1,7,Thu,57
8667,S002,113.88,3,Sun,21
8668,S003,64.38,3,Mon,21
8669,S004,90.34,9,Tue,27
8670,S001,71.61,3,Sat,62
8671,S002,65.13,4,Tue,64
8672,S002,54.87,4,Tue,24
8673,S003,68.33,9,Tue,30
8674,S001,79.33,8,Wed,68
8675,S002,116.14,6,Wed,40
8676,S001,95.77,4,Mon,37
8677,S003,56.65,3,Thu,47
8678,S003,77.72,4,Sun,43
8679,S004,45.48,6,Wed,65
8680,S004,79.22,3,Tue,46
8681,S002,62.43,3,Wed,45
8682,S001,84.24,6,Wed,36
8683,S002,99.79,5,Fri,19
8684,S002,49.2,5,Tue,56
8685,S004,65.42,7,Mon,50
8686,S001,74.04,2,Wed,48
8687,S003,47.53,4,Tue,20
8688,S001,82.18,4,Fri,65
8689,S001,71.06,0,Sun,52
8690,S004,51.23,3,Thu,32
8691,S002,67.3,5,Thu,63
8692,S003,66.88,6,Mon,50
8693,S004,58.17,6,Fri,64
8694,S004,70.31,4,Mon,61
8695,S003,64.5,4,Mon,67
8696,S002,57.4,4,Fri,45
8697,S002,30.13,4,Sun,52
8698,S003,72.59,7,Wed,61
8699,S002,56.91,8,Wed,40
8700,S004,78.25,5,Sat,31
8701,S004,72.5,5,Sat,22
8702,S001,65.79,2,Wed,49
8703,S004,71.39,5,Sat,61
8704,S001,43.36,5,Sun,40
8705,S002,90.13,5,Thu,35
8706,S001,67.95,7,Wed,29
8707,S002,64.98,8,Sat,40
8708,S003,65.22,6,Wed,56
8709,S002,79.66,3,Fri,43
8710,S003,58.62,3,Thu,67
8711,S002,57.51,5,Sat,38
8712,S002,41.65,4,Sat,37
8713,S001,102.31,7,Tue,42
8714,S001,102.66,0,Wed,40
8715,S001,72.34,5,Mon,42
8716,S004,87.79,10,Wed,18
8717,S001,41.95,3,Thu,37
8718,S002,92.27,7,Tue,53
8719,S004,61.61,9,Sat,27
8720,S004,92.3,12,Tue,41
8721,S001,55.33,8,Wed,19
8722,S004,94.77,6,Fri,27
8723,S002,49.77,4,Mon,48
8724,S002,79.27,5,Tue,60
8725,S003,45.1,4,Sun,69
8726,S002,63.85,11,Mon,54
8727,S001,32.6,6,Sat,31
8728,S003,22.9,7,Sun,21
8729,S004,91.04,3,Sat,41
8730,S003,79.18,4,Sat,58
8731,S003,92.3,3,Wed,35
8732,S002,53.73,4,Sat,40
8733,S001,39.57,3,Sat,44
8734,S003,78.5,5,Wed,59
8735,S002,48.9,6,Sat,68
8736,S002,92.17,3,Mon,60
8737,S003,73.69,3,Wed,48
8738,S001,91.23,6,Thu,55
8739,S004,58.95,1,Fri,36
8740,S004,70.3,3,Mon,48
8741,S002,71.06,6,Wed,23
8742,S004,71.54,14,Fri,22
8743,S003,55.47,4,Sat,31
8744,S002,66.15,4,Sun,49
8745,S001,78.75,5,Sun,30
8746,S001,79.78,2,Sun,34
8747,S001,85.99,5,Wed,20
8748,S001,66.14,4,Wed,43
8749,S002,85.38,4,Thu,27
8750,S001,81.63,6,Sun,62
8751,S003,69.53,4,Mon,22
8752,S001,72.39,7,Thu,27
8753,S001,67.9,4,Fri,61
8754,S004,50.15,2,Thu,22
8755,S003,66.69,7,Thu,58
8756,S001,64.62,7,Fri,68
8757,S001,54.71,8,Wed,64
8758,S003,76.75,8,Tue,56
8759,S001,95.27,5,Wed,32
8760,S002,89.71,1,Sat,28
8761,S002,57.75,6,Mon,18
8762,S001,56.93,11,Sun,42
8763,S002,71.68,9,Mon,42
8764,S003,66.39,3,Thu,67
8765,S002,92.42,6,Sat,56
8766,S001,79.19,6,Thu,53
8767,S001,110.16,4,Thu,49
8768,S001,46.01,3,Thu,44
8769,S001,81.78,4,Tue,18
8770,S003,81.56,3,Thu,67
8771,S001,47.33,6,Wed,67
8772,S003,54.38,5,Sun,25
8773,S003,86.88,8,Tue,21
8774,S001,81.76,4,Thu,46
8775,S002,59.99,8,Sat,22
8776,S004,86.73,3,Sun,37
8777,S002,88.64,9,Wed,23
8778,S002,93.38,8,Tue,33
8779,S001,55.11,3,Fri,25
8780,S002,90.12,2,Wed,64
8781,S003,69.35,11,Wed,43
8782,S002,84.24,4,Mon,32
8783,S004,53.86,6,Thu,28
8784,S003,41.21,3,Mon,60
8785,S002,120.94,1,Mon,48
8786,S004,78.73,6,Fri,68
8787,S003,65.66,7,Thu,62
8788,S002,40.67,4,Tue,56
8789,S002,73.72,4,Thu,41
8790,S004,55.57,9,Fri,66
8791,S004,93.06,5,Mon,28
8792,S003,54.36,4,Mon,33
8793,S004,89.05,4,Sun,54
8794,S002,23.13,7,Sat,63
8795,S002,93.7,5,Fri,27
8796,S004,74.19,4,Wed,65
8797,S004,73.31,4,Mon,56
8798,S004,118.71,4,Wed,49
8799,S002,91.25,1,Mon,55
8800,S004,71.8,5,Sun,47
8801,S004,49.41,6,Thu,39
8802,S001,24.36,9,Mon,55
8803,S001,55.33,4,Tue,35
8804,S002,67.64,5,Wed,62
8805,S004,104.34,1,Mon,61
8806,S002,22.87,4,Tue,29
8807,S001,77.83,7,Tue,52
8808,S004,97.55,4,Mon,50
8809,S003,68.71,3,Sun,55
8810,S002,80.94,7,Sat,46
8811,S002,55.01,8,Fri,38
8812,S004,82.68,6,Fri,39
8813,S003,57.92,5,Thu,49
8814,S003,77.53,3,Fri,62
8815,S003,92.75,2,Tue,29
8816,S004,141.43,7,Wed,18
8817,S004,74.13,1,Tue,32
8818,S004,70.2,5,Mon,18
8819,S004,40.33,4,Fri,39
8820,S002,51.15,3,Wed,42
8821,S003,75.79,6,Fri,20
8822,S003,81.25,1,Wed,66
8823,S001,105.31,7,Mon,64
8824,S003,78.42,7,Tue,28
8825,S002,83.17,2,Thu,42
8826,S002,70.95,4,Sat,62
8827,S001,106.05,4,Wed,59
8828,S004,65.4,9,Sun,46
8829,S002,108.94,3,Thu,65
8830,S002,103.91,14,Thu,36
8831,S001,79.44,5,Wed,64
8832,S003,47.73,4,Wed,51
8833,S003,84.05,4,Wed,44
8834,S002,72.03,5,Sat,34
8835,S004,47.37,10,Mon,48
8836,S001,80.85,7,Wed,65
8837,S003,45.37,4,Thu,40
8838,S002,75.92,4,Wed,66
8839,S003,76.37,2,Wed,21
8840,S002,92.32,4,Thu,28
8841,S003,65.15,5,Mon,57
8842,S003,82.23,6,Sat,47
8843,S002,79.77,1,Mon,40
8844,S003,64.87,4,Mon,56
8845,S002,94.59,5,Thu,51
8846,S001,68.79,3,Sun,47
8847,S003,103.22,4,Fri,37
8848,S004,104.24,3,Fri,64
8849,S001,79.98,5,Sat,29
8850,S004,102.36,6,Mon,60
8851,S002,61.04,2,Sat,53
8852,S004,95.08,7,Sun,36
8853,S003,94.96,5,Wed,20
8854,S004,83.03,1,Fri,37
8855,S004,64.41,6,Sun,63
8856,S003,55.79,7,Tue,39
8857,S003,90.23,5,Mon,36
8858,S001,96.74,3,Fri,39
8859,S003,123.9,5,Wed,23
8860,S003,85.02,2,Fri,25
8861,S002,86.88,7,Tue,52
8862,S003,118.14,5,Sun,45
8863,S003,69.27,4,Sun,22
8864,S001,60.59,3,Mon,34
8865,S004,79.4,8,Mon,43
8866,S004,75.42,5,Fri,32
8867,S001,80.0,5,Fri,61
8868,S004,63.17,5,Sat,57
8869,S003,83.42,6,Sat,53
8870,S004,85.3,5,Thu,62
8871,S004,29.65,4,Tue,65
8872,S001,48.66,5,Sat,67
8873,S004,76.61,5,Wed,62
8874,S004,107.88,10,Tue,35
8875,S004,41.38,4,Fri,49
8876,S003,59.1,8,Tue,31
8877,S003,63.17,5,Tue,25
8878,S003,65.52,9,Thu,37
8879,S004,102.89,7,Fri,29
8880,S004,51.09,8,Mon,36
8881,S004,46.5,3,Tue,54
8882,S004,87.87,5,Tue,51
8883,S003,44.1,6,Sat,62
8884,S003,74.8,6,Sat,47
8885,S004,119.17,3,Sat,45
8886,S001,55.4,5,Thu,67
8887,S002,45.45,3,Sat,55
8888,S003,90.57,4,Sat,23
8889,S003,59.42,2,Sun,44
8890,S003,74.8,7,Sun,32
8891,S003,73.24,3,Tue,59
8892,S004,65.32,6,Mon,47
8893,S001,90.03,6,Thu,46
8894,S003,76.1,6,Tue,47
8895,S002,26.14,4,Wed,28
8896,S004,118.83,4,Fri,43
8897,S004,53.76,7,Fri,67
8898,S002,103.08,6,Sat,23
8899,S003,69.22,6,Thu,66
8900,S003,37.49,6,Thu,30
8901,S003,65.18,7,Tue,55
8902,S002,73.74,4,Fri,48
8903,S001,59.84,4,Sat,49
8904,S001,52.39,4,Sun,44
8905,S001,59.33,6,Tue,65
8906,S002,64.68,4,Wed,38
8907,S002,76.4,2,Sat,54
8908,S001,88.24,8,Tue,65
8909,S003,98.85,4,Thu,28
8910,S003,103.83,12,Fri,38
8911,S001,87.13,4,Thu,54
8912,S001,66.73,3,Fri,23
8913,S002,72.23,8,Tue,29
8914,S002,54.45,8,Fri,66
8915,S004,84.73,7,Fri,21
8916,S002,78.06,4,Tue,65
8917,S004,68.95,10,Sat,44
8918,S001,80.69,6,Tue,38
8919,S001,75.85,6,Thu,32
8920,S003,85.8,6,Sat,61
8921,S004,60.77,2,Thu,49
8922,S002,106.66,6,Thu,53
8923,S003,69.65,7,Mon,24
8924,S003,74.57,6,Fri,58
8925,S004,74.91,0,Fri,41
8926,S003,43.71,3,Tue,55
8927,S004,94.36,7,Wed,41
8928,S004,48.18,2,Wed,59
8929,S002,77.98,4,Thu,48
8930,S001,80.97,5,Sun,52
8931,S002,63.45,4,Sun,48
8932,S004,59.1,6,Tue,64
8933,S004,66.99,8,Mon,53
8934,S002,64.67,7,Thu,33
8935,S002,84.47,3,Fri,26
8936,S003,80.99,2,Fri,35
8937,S003,91.51,6,Thu,63
8938,S003,99.54,4,Mon,69
8939,S001,73.68,3,Sat,66
8940,S001,84.57,5,Sat,24
8941,S001,52.46,6,Thu,65
8942,S001,63.01,3,Mon,27
8943,S002,43.27,7,Sat,38
8944,S004,78.76,4,Wed,24
8945,S003,49.05,3,Sat,39
8946,S003,117.79,6,Sun,67
8947,S004,64.53,7,Tue,29
8948,S002,83.12,6,Mon,62
8949,S004,77.64,10,Sun,40
8950,S002,78.64,4,Mon,46
8951,S004,81.33,6,Fri,40
8952,S004,78.66,7,Wed,54
8953,S003,98.13,5,Thu,19
8954,S004,56.28,4,Sat,32
8955,S003,71.66,4,Tue,41
8956,S001,64.6,4,Sat,53
8957,S001,90.03,3,Wed,52
8958,S002,76.38,3,Tue,52
8959,S003,68.67,6,Mon,64
8960,S004,79.57,6,Fri,28
8961,S003,65.56,7,Mon,42
8962,S001,81.77,3,Sat,37
8963,S001,84.46,5,Mon,45
8964,S003,84.64,4,Sat,26
8965,S002,59.23,4,Sun,55
8966,S004,82.46,3,Sat,65
8967,S001,59.48,6,Thu,65
8968,S003,90.0,3,Thu,24
8969,S002,95.36,8,Fri,69
8970,S003,70.73,3,Mon,40
8971,S004,62.49,5,Tue,67
8972,S004,88.13,7,Tue,29
8973,S004,34.3,4,Mon,29
8974,S003,41.27,5,Wed,22
8975,S003,90.36,7,Mon,66
8976,S004,53.92,6,Mon,25
8977,S002,76.93,7,Fri,26
8978,S002,48.13,10,Fri,66
8979,S004,69.97,5,Sun,52
8980,S003,103.91,3,Sat,40
8981,S003,78.07,2,Mon,29
8982,S002,90.71,6,Fri,34
8983,S004,78.97,6,Mon,20
8984,S003,70.41,8,Fri,45
8985,S003,81.75,4,Thu,42
8986,S002,94.96,4,Wed,48
8987,S001,89.07,8,Wed,53
8988,S004,91.36,5,Thu,28
8989,S002,132.71,8,Wed,46
8990,S001,77.9,5,Sat,52
8991,S001,106.31,5,Fri,61
8992,S002,57.34,3,Fri,38
8993,S001,79.9,7,Fri,50
8994,S004,41.69,4,Tue,20
8995,S003,54.16,3,Mon,45
8996,S002,73.17,2,Sun,38
8997,S004,29.82,2,Sat,46
8998,S001,80.21,5,Mon,32
8999,S001,61.19,0,Thu,40
9000,S002,69.47,8,Sun,32
9001,S002,83.4,5,Sun,34
9002,S003,88.3,7,Sun,60
9003,S001,99.72,8,Tue,69
9004,S002,79.64,1,Wed,48
9005,S001,39.67,7,Sun,37
9006,S001,79.41,4,Sat,57
9007,S001,62.12,3,Fri,43
9008,S002,102.89,6,Wed,38
9009,S004,70.58,4,Thu,49
9010,S003,85.79,3,Sat,40
9011,S004,56.35,3,Wed,60
9012,S001,52.03,7,Sun,62
9013,S002,63.88,3,Wed,22
9014,S001,31.79,3,Mon,61
9015,S003,44.52,10,Sun,33
9016,S001,57.98,5,Thu,63
9017,S003,104.1,5,Sat,65
9018,S002,104.42,4,Sun,69
9019,S002,74.49,10,Tue,40
9020,S004,74.21,4,Mon,23
9021,S002,91.13,7,Mon,47
9022,S001,80.21,3,Thu,59
9023,S003,73.57,4,Tue,63
9024,S001,65.16,6,Tue,59
9025,S003,60.82,5,Tue,67
9026,S002,101.21,3,Mon,49
9027,S004,60.15,8,Wed,51
9028,S001,86.9,5,Thu,59
9029,S002,83.21,3,Tue,36
9030,S004,60.1,2,Wed,32
9031,S004,99.9,3,Wed,25
9032,S002,92.64,4,Sat,35
9033,S003,100.86,5,Sat,39
9034,S003,90.09,5,Wed,23
9035,S003,105.02,8,Sun,28
9036,S001,85.02,5,Mon,63
9037,S002,107.05,7,Wed,34
9038,S001,72.51,4,Thu,60
9039,S003,60.13,4,Tue,19
9040,S003,90.25,5,Fri,68
9041,S003,106.37,3,Thu,51
9042,S002,57.57,5,Wed,40
9043,S002,106.31,2,Wed,40
9044,S004,66.98,8,Thu,22
9045,S004,81.11,5,Sun,28
9046,S004,95.51,4,Mon,59
9047,S003,61.58,8,Sat,36
9048,S004,81.67,3,Tue,64
9049,S002,59.38,4,Tue,24
9050,S002,79.07,4,Tue,63
9051,S004,84.26,7,Mon,68
9052,S001,91.61,9,Mon,45
9053,S001,102.58,5,Sat,27
9054,S004,96.33,8,Thu,67
9055,S003,64.23,5,Wed,68
9056,S003,111.77,4,Mon,39
9057,S004,107.98,5,Mon,39
9058,S002,64.18,5,Sun,29
9059,S001,97.98,4,Sat,50
9060,S001,82.74,3,Fri,57
9061,S003,89.76,5,Sat,27
9062,S004,85.58,1,Sat,23
9063,S004,78.13,7,Wed,68
9064,S001,57.72,3,Wed,44
9065,S002,65.91,2,Sat,26
9066,S001,52.66,4,Wed,47
9067,S004,72.25,6,Sat,23
9068,S004,75.99,3,Sat,19
9069,S001,62.52,7,Wed,40
9070,S003,73.51,5,Sun,60
9071,S001,74.16,3,Wed,52
9072,S003,77.57,5,Mon,56
9073,S003,69.54,5,Mon,21
9074,S001,49.44,3,Sat,42
9075,S003,76.27,6,Sun,28
9076,S002,65.72,5,Fri,49
9077,S004,70.91,4,Tue,32
9078,S004,39.59,7,Mon,48
9079,S003,62.42,3,Fri,47
9080,S003,43.09,8,Sun,62
9081,S001,62.75,6,Wed,25
9082,S004,102.11,2,Wed,45
9083,S004,62.57,6,Tue,26
9084,S001,81.49,3,Thu,63
9085,S003,72.22,4,Sun,26
9086,S003,39.21,10,Fri,34
9087,S003,42.32,5,Mon,69
9088,S004,100.01,3,Thu,43
9089,S002,67.36,4,Mon,19
9090,S001,95.41,2,Sun,47
9091,S004,39.58,4,Mon,50
9092,S002,106.59,6,Mon,60
9093,S001,93.72,3,Mon,54
9094,S004,87.48,5,Mon,65
9095,S001,63.51,5,Wed,47
9096,S002,82.04,2,Mon,42
9097,S002,107.29,6,Wed,22
9098,S001,83.96,6,Wed,69
9099,S001,68.71,8,Tue,69
9100,S004,84.56,4,Mon,32
9101,S004,88.21,4,Fri,40
9102,S002,74.33,9,Tue,37
9103,S004,64.15,4,Sat,36
9104,S002,24.34,6,Fri,55
9105,S001,117.83,9,Sun,50
9106,S002,37.1,6,Wed,39
9107,S003,69.05,4,Sun,40
9108,S001,97.1,7,Tue,42
9109,S004,100.59,4,Sun,68
9110,S002,45.59,6,Sun,48
9111,S003,65.01,6,Sat,52
9112,S001,52.32,4,Sat,66
9113,S004,85.38,3,Tue,18
9114,S001,105.92,9,Thu,44
9115,S002,88.66,5,Tue,56
9116,S003,54.64,5,Sun,42
9117,S002,38.44,9,Tue,43
9118,S002,76.14,8,Tue,30
9119,S003,80.37,5,Fri,37
9120,S002,50.31,7,Fri,67
9121,S004,87.13,3,Tue,30
9122,S001,92.06,7,Mon,47
9123,S004,82.14,2,Thu,36
9124,S003,67.91,2,Sun,26
9125,S004,81.72,4,Thu,39
9126,S002,52.56,5,Wed,56
9127,S002,78.23,6,Thu,19
9128,S002,49.5,6,Tue,29
9129,S004,78.03,3,Tue,56
9130,S001,87.1,6,Tue,28
9131,S004,73.71,5,Sat,40
9132,S001,82.01,3,Fri,45
9133,S003,67.51,4,Thu,22
9134,S003,19.48,7,Mon,60
9135,S001,52.43,3,Tue,37
9136,S003,74.77,3,Fri,38
9137,S004,102.96,7,Tue,45
9138,S004,74.65,5,Tue,54
9139,S001,71.42,5,Wed,64
9140,S001,65.1,2,Fri,38
9141,S004,66.3,7,Thu,48
9142,S004,94.21,6,Mon,69
9143,S002,55.4,2,Wed,44
9144,S003,61.76,4,Fri,36
9145,S002,74.47,3,Sun,34
9146,S001,108.87,6,Sat,54
9147,S003,73.22,9,Mon,43
9148,S002,72.87,6,Sun,33
9149,S004,62.09,9,Mon,35
9150,S001,62.58,1,Sun,54
9151,S004,25.74,4,Sun,18
9152,S001,85.6,5,Thu,57
9153,S004,52.45,2,Sat,63
9154,S004,77.41,3,Thu,44
9155,S004,90.08,5,Wed,23
9156,S002,41.61,5,Fri,29
9157,S004,91.86,7,Wed,43
9158,S002,62.31,5,Thu,32
9159,S002,86.02,4,Sun,64
9160,S003,41.31,8,Thu,24
9161,S004,67.2,2,Mon,56
9162,S003,71.4,3,Wed,63
9163,S002,67.99,6,Sun,41
9164,S002,90.95,6,Sat,41
9165,S001,89.37,8,Sun,28
9166,S003,85.38,4,Mon,20
9167,S002,72.68,6,Sun,35
9168,S003,93.31,5,Sat,61
9169,S003,32.74,1,Sun,29
9170,S003,85.02,5,Tue,32
9171,S001,66.86,1,Fri,66
9172,S004,49.47,4,Wed,28
9173,S002,114.75,3,Fri,63
9174,S002,101.89,0,Fri,66
9175,S004,79.7,3,Wed,26
9176,S002,88.24,9,Fri,29
9177,S001,101.79,7,Sat,62
9178,S001,50.94,4,Fri,27
9179,S004,52.96,7,Mon,58
9180,S004,69.44,6,Tue,59
9181,S004,63.7,3,Fri,20
9182,S001,84.11,2,Sat,60
9183,S002,83.59,1,Mon,64
9184,S003,82.06,9,Tue,58
9185,S001,89.53,7,Thu,48
9186,S003,103.01,2,Fri,55
9187,S001,54.98,4,Thu,32
9188,S001,76.93,7,Sun,56
9189,S004,93.44,3,Sat,28
9190,S001,81.82,3,Wed,68
9191,S002,60.15,3,Tue,20
9192,S001,54.82,7,Wed,22
9193,S002,103.36,4,Wed,48
9194,S001,106.24,5,Tue,19
9195,S001,84.71,3,Mon,40
9196,S003,84.14,2,Sun,28
9197,S001,44.59,8,Sun,44
9198,S001,92.21,8,Wed,43
9199,S003,74.68,8,Mon,66
9200,S001,71.1,6,Sun,56
9201,S004,39.07,6,Wed,51
9202,S002,99.39,3,Sat,42
9203,S004,69.86,4,Thu,32
9204,S001,77.99,10,Mon,49
9205,S002,77.94,2,Tue,35
9206,S001,72.33,7,Tue,55
9207,S002,73.1,2,Sat,35
9208,S001,91.06,7,Sun,32
9209,S003,111.92,2,Sun,43
9210,S001,86.05,5,Sat,59
9211,S002,102.98,6,Wed,48
9212,S001,66.44,7,Mon,30
9213,S001,99.28,5,Thu,24
9214,S001,76.78,7,Sun,55
9215,S004,98.45,4,Thu,60
9216,S002,91.84,4,Tue,40
9217,S002,33.94,5,Wed,40
9218,S001,67.37,4,Fri,19
9219,S001,50.09,7,Thu,68
9220,S001,69.74,4,Thu,61
9221,S003,82.0,5,Sun,42
9222,S003,141.03,4,Sun,28
9223,S004,68.21,9,Sun,63
9224,S001,94.69,3,Fri,46
9225,S001,90.59,5,Fri,33
9226,S004,67.4,3,Sun,67
9227,S004,84.48,4,Fri,31
9228,S001,63.97,4,Fri,28
9229,S001,81.69,7,Sat,39
9230,S003,84.21,4,Mon,42
9231,S002,91.65,6,Mon,51
9232,S002,74.08,12,Thu,64
9233,S002,71.13,3,Mon,24
9234,S004,53.33,3,Fri,40
9235,S001,64.81,6,Tue,62
9236,S004,103.63,4,Sat,43
9237,S004,97.03,2,Mon,52
9238,S003,70.72,8,Sun,42
9239,S002,84.37,9,Sat,65
9240,S004,102.26,6,Sun,45
9241,S003,64.8,9,Tue,45
9242,S001,71.89,7,Wed,54
9243,S001,81.86,3,Sun,23
9244,S004,68.52,11,Fri,68
9245,S002,54.15,8,Fri,45
9246,S004,77.89,3,Sun,25
9247,S001,77.1,5,Tue,36
9248,S002,70.56,3,Tue,31
9249,S003,83.85,6,Mon,28
9250,S001,72.49,6,Mon,54
9251,S002,85.72,2,Mon,20
9252,S002,106.02,4,Mon,61
9253,S004,88.53,1,Fri,23
9254,S001,87.82,3,Wed,60
9255,S004,78.73,5,Fri,26
9256,S004,49.75,1,Mon,42
9257,S003,65.16,5,Thu,58
9258,S003,96.68,9,Sun,67
9259,S003,92.35,5,Sun,24
9260,S004,79.32,6,Sat,50
9261,S001,104.28,8,Wed,18
9262,S004,97.79,3,Fri,49
9263,S001,60.78,4,Sun,67
9264,S003,75.62,8,Sat,25
9265,S001,83.9,4,Mon,60
9266,S004,100.29,4,Sun,45
9267,S003,88.92,3,Fri,32
9268,S002,82.91,4,Wed,65
9269,S004,92.4,4,Sat,57
9270,S002,57.86,2,Sat,22
9271,S003,79.89,5,Mon,60
9272,S004,68.24,3,Mon,67
9273,S001,68.87,5,Wed,36
9274,S003,61.99,5,Thu,67
9275,S004,95.25,3,Wed,55
9276,S001,50.03,5,Sat,40
9277,S002,65.94,4,Thu,27
9278,S002,102.73,8,Mon,64
9279,S001,91.8,7,Tue,28
9280,S003,92.77,7,Mon,31
9281,S001,77.66,6,Fri,28
9282,S003,65.1,4,Sun,44
9283,S003,80.82,2,Tue,24
9284,S002,102.42,4,Tue,20
9285,S004,-13.93,0,Wed,51
9286,S003,68.08,4,Wed,68
9287,S002,66.57,6,Thu,26
9288,S002,68.62,3,Fri,24
9289,S001,103.64,8,Thu,57
9290,S004,85.17,5,Fri,67
9291,S004,65.22,4,Tue,43
9292,S004,69.31,7,Thu,19
9293,S004,66.67,3,Mon,44
9294,S004,64.69,6,Sun,47
9295,S002,77.43,7,Sat,46
9296,S004,55.18,7,Sat,28
9297,S002,80.83,6,Tue,63
9298,S004,74.38,6,Tue,19
9299,S004,76.37,6,Fri,46
9300,S002,81.23,6,Thu,43
9301,S004,56.11,8,Wed,68
9302,S003,46.36,6,Thu,28
9303,S001,28.86,2,Fri,28
9304,S003,78.87,3,Sun,35
9305,S002,76.29,6,Tue,58
9306,S004,107.35,3,Sat,23
9307,S003,47.0,3,Mon,45
9308,S004,94.86,2,Wed,30
9309,S002,84.97,5,Sat,18
9310,S001,31.62,5,Sun,53
9311,S002,81.55,7,Sun,20
9312,S004,64.42,4,Thu,28
9313,S002,81.06,6,Wed,37
9314,S002,89.21,3,Sat,19
9315,S004,63.74,3,Wed,49
9316,S003,82.06,6,Mon,44
9317,S002,50.66,6,Thu,50
9318,S002,95.45,4,Sun,23
9319,S004,76.31,5,Mon,52
9320,S002,104.88,4,Tue,53
9321,S002,55.43,6,Sun,30
9322,S002,94.21,4,Mon,28
9323,S002,69.67,7,Sun,26
9324,S003,84.36,10,Sat,69
9325,S004,62.16,3,Wed,33
9326,S001,59.21,6,Fri,29
9327,S001,69.58,3,Sun,56
9328,S001,92.6,3,Sun,43
9329,S001,70.12,4,Wed,64
9330,S003,77.18,3,Sun,57
9331,S002,69.0,5,Fri,21
9332,S002,64.45,1,Fri,38
9333,S003,83.28,6,Wed,66
9334,S004,69.07,1,Wed,52
9335,S001,104.09,3,Thu,39
9336,S003,83.26,5,Tue,43
9337,S003,57.06,4,Wed,46
9338,S004,96.35,2,Wed,66
9339,S004,77.69,4,Sat,19
9340,S001,55.0,6,Sun,36
9341,S003,44.25,11,Wed,28
9342,S002,6.36,4,Tue,38
9343,S003,32.84,4,Sun,52
9344,S001,108.56,5,Fri,31
9345,S001,75.86,3,Fri,41
9346,S001,70.36,7,Mon,46
9347,S004,83.25,6,Fri,61
9348,S003,103.53,2,Thu,39
9349,S004,64.03,5,Sat,52
9350,S001,98.65,7,Mon,68
9351,S002,75.26,3,Mon,55
9352,S001,81.74,6,Sun,50
9353,S002,46.71,6,Fri,24
9354,S003,77.04,2,Sun,52
9355,S001,39.31,3,Mon,68
9356,S001,80.92,3,Mon,23
9357,S002,88.45,6,Fri,53
9358,S003,66.47,4,Mon,31
9359,S002,77.13,8,Sat,48
9360,S003,80.48,3,Fri,69
9361,S002,43.93,4,Sat,63
9362,S002,57.31,6,Sat,26
9363,S004,83.76,6,Sat,59
9364,S001,91.32,5,Sat,21
9365,S002,73.69,5,Sun,47
9366,S003,48.59,3,Mon,67
9367,S002,88.27,4,Wed,33
9368,S003,127.76,5,Mon,67
9369,S002,62.62,1,Mon,63
9370,S004,54.73,4,Wed,60
9371,S004,112.17,10,Fri,34
9372,S004,88.07,6,Thu,67
9373,S001,66.48,4,Thu,65
9374,S002,71.45,7,Fri,24
9375,S003,103.8,1,Thu,49
9376,S004,71.2,1,Sat,37
9377,S003,52.59,8,Tue,46
9378,S001,64.03,7,Sat,67
9379,S003,78.4,7,Wed,54
9380,S004,76.37,6,Sun,47
9381,S004,75.62,3,Thu,52
9382,S001,81.18,5,Fri,24
9383,S002,82.57,3,Thu,40
9384,S003,82.62,5,Mon,47
9385,S001,76.83,3,Sat,19
9386,S002,45.86,9,Tue,25
9387,S002,93.9,7,Sun,19
9388,S001,60.11,9,Fri,51
9389,S001,59.9,5,Tue,53
9390,S002,93.5,0,Thu,32
9391,S002,69.1,4,Mon,27
9392,S001,94.61,7,Sun,20
9393,S001,88.53,6,Sun,55
9394,S002,65.08,6,Wed,56
9395,S004,91.95,3,Sun,47
9396,S002,89.35,2,Tue,39
9397,S003,90.67,6,Wed,56
9398,S003,83.64,9,Wed,40
9399,S001,95.21,4,Tue,57
9400,S004,117.06,9,Mon,48
9401,S001,78.15,8,Tue,26
9402,S004,75.35,2,Fri,45
9403,S002,89.16,4,Wed,56
9404,S004,87.12,6,Tue,35
9405,S002,62.9,2,Mon,25
9406,S001,71.28,10,Thu,56
9407,S001,55.7,6,Fri,69
9408,S001,82.21,3,Sun,51
9409,S001,105.65,6,Sun,23
9410,S002,76.3,8,Wed,53
9411,S004,96.3,6,Fri,51
9412,S003,125.92,9,Tue,64
9413,S003,61.54,10,Fri,51
9414,S001,79.31,7,Mon,55
9415,S001,94.94,7,Sat,49
9416,S003,66.63,7,Sat,54
9417,S002,82.83,4,Wed,41
9418,S002,80.6,6,Wed,45
9419,S004,71.22,2,Thu,40
9420,S004,107.34,4,Sun,67
9421,S001,82.65,6,Wed,63
9422,S001,35.17,8,Fri,42
9423,S003,84.88,8,Fri,69
9424,S004,72.77,3,Tue,64
9425,S001,76.65,4,Sat,36
9426,S003,79.8,5,Wed,60
9427,S002,89.88,5,Tue,33
9428,S004,79.47,3,Wed,27
9429,S001,60.91,2,Wed,34
9430,S004,131.82,6,Sat,35
9431,S004,81.34,6,Mon,37
9432,S003,73.44,9,Mon,46
9433,S001,95.23,5,Sat,62
9434,S004,47.06,6,Fri,56
9435,S004,80.41,5,Mon,45
9436,S001,97.11,8,Tue,60
9437,S004,57.9,4,Tue,56
9438,S003,78.99,3,Thu,30
9439,S004,59.06,3,Sun,24
9440,S001,40.07,1,Mon,65
9441,S003,45.82,7,Sat,28
9442,S004,55.61,3,Thu,36
9443,S001,83.7,13,Mon,65
9444,S001,89.25,8,Mon,56
9445,S001,126.11,4,Mon,66
9446,S004,79.33,1,Tue,62
9447,S003,84.9,3,Thu,41
9448,S004,92.1,4,Tue,36
9449,S001,85.68,6,Sun,42
9450,S002,112.55,5,Thu,64
9451,S003,112.68,7,Mon,64
9452,S002,62.89,4,Wed,22
9453,S002,69.16,1,Mon,18
9454,S003,82.53,3,Tue,28
9455,S003,57.75,6,Sun,47
9456,S004,87.63,6,Wed,18
9457,S002,78.94,5,Tue,21
9458,S004,92.9,5,Tue,44
9459,S004,117.87,6,Fri,55
9460,S004,64.98,6,Sat,57
9461,S003,73.26,5,Fri,63
9462,S002,80.98,6,Tue,30
9463,S001,77.55,6,Tue,35
9464,S003,63.73,4,Sat,19
9465,S003,92.76,4,Thu,65
9466,S002,30.74,6,Wed,54
9467,S002,83.56,4,Sun,28
9468,S002,69.99,5,Sat,29
9469,S002,73.81,5,Sun,21
9470,S002,73.02,10,Tue,43
9471,S001,47.93,6,Tue,25
9472,S004,53.6,4,Fri,28
9473,S004,94.2,5,Fri,20
9474,S003,82.01,3,Sat,29
9475,S004,73.06,9,Tue,55
9476,S004,87.58,6,Sun,33
9477,S004,47.98,3,Sun,56
9478,S001,77.22,6,Mon,53
9479,S001,80.53,5,Mon,19
9480,S004,91.22,7,Sat,53
9481,S002,71.5,1,Thu,62
9482,S004,87.36,4,Fri,43
9483,S002,76.08,7,Tue,41
9484,S003,83.17,8,Thu,68
9485,S002,90.88,1,Thu,29
9486,S001,102.47,4,Wed,54
9487,S003,77.26,4,Wed,36
9488,S001,89.18,5,Wed,67
9489,S001,80.09,3,Tue,43
9490,S001,60.19,4,Sat,20
9491,S004,98.23,4,Thu,41
9492,S001,66.48,3,Mon,50
9493,S001,85.11,8,Fri,20
9494,S001,66.84,7,Thu,44
9495,S004,57.05,5,Fri,30
9496,S004,106.55,5,Thu,21
9497,S001,76.93,0,Thu,50
9498,S001,125.82,3,Fri,41
9499,S003,98.12,4,Mon,50
9500,S001,67.21,6,Tue,33
9501,S002,35.87,4,Sun,41
9502,S004,67.56,4,Sun,39
9503,S003,66.03,8,Tue,66
9504,S002,103.82,6,Sat,39
9505,S001,120.94,4,Sat,22
9506,S003,72.85,8,Wed,38
9507,S003,71.59,3,Sun,62
9508,S004,79.79,5,Thu,41
9509,S002,49.21,5,Wed,51
9510,S003,69.32,5,Wed,46
9511,S004,103.73,4,Fri,34
9512,S002,85.04,5,Sat,67
9513,S004,48.76,7,Tue,45
9514,S004,101.73,5,Tue,61
9515,S003,56.3,6,Tue,34
9516,S004,71.41,2,Fri,48
9517,S003,80.59,9,Thu,64
9518,S001,81.55,3,Wed,46
9519,S001,43.63,1,Tue,20
9520,S001,71.84,6,Mon,31
9521,S001,66.37,7,Fri,47
9522,S002,85.51,9,Tue,31
9523,S003,85.72,11,Sat,18
9524,S003,94.27,4,Sat,25
9525,S001,75.77,4,Thu,24
9526,S004,70.5,4,Mon,32
9527,S003,75.79,5,Tue,34
9528,S001,62.7,2,Wed,31
9529,S004,66.2,5,Sun,50
9530,S001,39.44,7,Mon,66
9531,S003,53.03,5,Sun,22
9532,S001,52.76,6,Fri,52
9533,S004,45.83,5,Sun,30
9534,S002,63.8,7,Mon,53
9535,S001,57.09,7,Sun,59
9536,S001,85.04,2,Mon,27
9537,S002,68.44,7,Tue,69
9538,S004,77.78,3,Thu,63
9539,S001,81.63,6,Wed,47
9540,S001,93.06,10,Thu,18
9541,S004,52.0,10,Tue,49
9542,S001,36.72,5,Wed,34
9543,S004,65.92,2,Sat,29
9544,S002,98.55,7,Wed,47
9545,S004,82.09,3,Wed,46
9546,S001,98.03,5,Thu,61
9547,S004,53.53,3,Sun,37
9548,S001,69.16,4,Sun,33
9549,S003,46.94,8,Sat,56
9550,S002,105.11,8,Thu,51
9551,S002,82.3,8,Wed,34
9552,S004,58.6,3,Tue,42
9553,S002,61.0,4,Wed,62
9554,S001,82.61,4,Sun,63
9555,S002,84.43,4,Sun,38
9556,S002,85.01,10,Wed,56
9557,S001,79.07,6,Fri,34
9558,S003,94.43,6,Sun,19
9559,S004,85.86,8,Mon,41
9560,S002,102.15,3,Sun,54
9561,S002,54.81,2,Wed,53
9562,S002,107.42,4,Tue,60
9563,S002,64.45,1,Fri,47
9564,S001,91.74,4,Thu,25
9565,S002,112.98,5,Thu,31
9566,S001,76.11,5,Sat,33
9567,S004,60.17,6,Wed,28
9568,S001,54.76,5,Tue,68
9569,S004,71.27,3,Mon,60
9570,S003,91.44,6,Wed,22
9571,S002,80.25,5,Sun,51
9572,S002,73.97,4,Fri,45
9573,S002,96.94,5,Sun,20
9574,S003,84.26,4,Mon,42
9575,S002,29.47,2,Fri,59
9576,S004,56.99,5,Thu,21
9577,S001,84.01,3,Sun,35
9578,S002,100.35,5,Fri,39
9579,S003,103.06,1,Sat,40
9580,S002,75.82,0,Mon,24
9581,S003,84.23,7,Sat,35
9582,S002,92.65,5,Thu,43
9583,S003,38.63,5,Fri,41
9584,S002,60.64,4,Sun,45
9585,S002,72.58,5,Fri,55
9586,S004,104.54,0,Tue,45
9587,S003,73.49,4,Sat,69
9588,S004,90.38,3,Tue,20
9589,S002,84.62,6,Mon,66
9590,S003,88.89,6,Tue,37
9591,S004,43.19,5,Mon,44
9592,S002,59.62,8,Fri,67
9593,S004,45.34,1,Sun,26
9594,S001,23.37,6,Mon,49
9595,S003,55.86,8,Fri,34
9596,S003,45.36,4,Thu,26
9597,S002,62.05,5,Mon,19
9598,S004,65.16,7,Mon,47
9599,S004,88.33,3,Wed,69
9600,S004,74.13,6,Sun,23
9601,S001,65.02,3,Wed,45
9602,S003,96.99,4,Mon,40
9603,S001,90.05,3,Sun,41
9604,S004,42.94,7,Thu,26
9605,S003,86.16,4,Thu,64
9606,S002,101.15,7,Fri,27
9607,S001,42.46,2,Mon,44
9608,S004,55.23,6,Mon,50
9609,S001,67.4,6,Fri,43
9610,S004,47.05,3,Wed,28
9611,S004,67.77,6,Mon,25
9612,S004,36.89,3,Wed,23
9613,S003,49.1,5,Sun,25
9614,S001,69.87,7,Mon,67
9615,S004,65.67,2,Tue,41
9616,S004,49.08,12,Thu,61
9617,S002,63.94,10,Tue,22
9618,S001,76.02,3,Tue,23
9619,S001,64.42,7,Sat,47
9620,S002,60.89,1,Sat,48
9621,S004,99.23,5,Wed,57
9622,S001,82.89,6,Mon,44
9623,S001,79.77,9,Mon,55
9624,S002,50.25,9,Tue,38
9625,S002,80.4,3,Mon,29
9626,S001,67.04,5,Tue,29
9627,S002,51.86,3,Sat,53
9628,S001,136.76,7,Mon,30
9629,S004,91.03,5,Mon,68
9630,S004,111.92,5,Mon,54
9631,S003,73.62,6,Sun,32
9632,S003,93.39,1,Tue,64
9633,S004,120.23,5,Thu,63
9634,S001,88.0,6,Fri,52
9635,S001,59.97,8,Tue,66
9636,S001,54.59,7,Sat,44
9637,S002,67.92,4,Thu,61
9638,S001,82.67,8,Wed,59
9639,S004,142.21,4,Fri,26
9640,S002,95.14,4,Tue,67
9641,S004,51.13,3,Mon,52
9642,S002,80.35,7,Tue,52
9643,S001,81.19,2,Wed,54
9644,S003,99.17,5,Mon,56
9645,S004,49.27,5,Fri,44
9646,S001,89.34,9,Thu,35
9647,S003,79.72,6,Fri,60
9648,S002,63.47,3,Mon,41
9649,S003,90.08,2,Wed,37
9650,S001,99.33,3,Sat,25
9651,S003,80.94,5,Mon,43
9652,S003,49.82,3,Sat,69
9653,S001,52.39,4,Sun,32
9654,S003,87.18,8,Sun,29
9655,S001,83.57,5,Thu,64
9656,S004,92.58,3,Mon,66
9657,S001,95.6,8,Sat,61
9658,S003,74.7,3,Sun,59
9659,S003,86.35,2,Fri,65
9660,S003,114.89,3,Tue,20
9661,S003,69.19,6,Sat,50
9662,S003,120.76,4,Thu,47
9663,S004,61.63,8,Tue,35
9664,S001,56.97,8,Tue,68
9665,S004,97.4,3,Wed,51
9666,S003,67.18,5,Wed,43
9667,S001,60.76,7,Sat,36
9668,S004,71.66,7,Sat,56
9669,S003,37.46,4,Fri,19
9670,S003,104.67,8,Wed,26
9671,S003,106.13,8,Tue,38
9672,S003,64.09,3,Fri,23
9673,S002,67.01,8,Tue,68
9674,S002,37.85,4,Fri,45
9675,S003,73.82,6,Tue,51
9676,S002,98.81,2,Thu,27
9677,S002,59.93,3,Wed,26
9678,S001,102.29,5,Sat,47
9679,S002,104.82,2,Wed,68
9680,S001,57.59,4,Sat,40
9681,S003,50.94,2,Mon,51
9682,S004,78.89,2,Fri,49
9683,S003,103.78,4,Fri,47
9684,S003,59.01,2,Mon,52
9685,S002,72.56,6,Fri,50
9686,S003,101.31,4,Thu,51
9687,S001,83.93,6,Tue,43
9688,S002,18.92,1,Wed,69
9689,S002,42.34,2,Mon,56
9690,S001,84.86,3,Fri,42
9691,S002,98.78,4,Mon,24
9692,S004,94.1,8,Wed,45
9693,S002,58.88,6,Sat,24
9694,S001,50.46,6,Wed,50
9695,S003,106.63,5,Mon,25
9696,S004,96.44,9,Mon,41
9697,S002,76.69,9,Wed,42
9698,S001,95.64,3,Fri,46
9699,S002,81.86,2,Wed,25
9700,S001,84.1,8,Mon,44
9701,S002,80.83,6,Wed,69
9702,S003,50.88,5,Thu,58
9703,S004,52.19,5,Tue,65
9704,S001,77.65,12,Tue,55
9705,S003,51.94,4,Sun,39
9706,S001,103.87,1,Wed,29
9707,S002,101.06,3,Wed,37
9708,S002,84.55,3,Thu,30
9709,S004,30.49,4,Sun,49
9710,S002,66.49,5,Sun,61
9711,S002,67.2,6,Sun,29
9712,S001,81.75,6,Fri,42
9713,S001,91.73,5,Thu,28
9714,S002,44.63,7,Mon,28
9715,S003,67.12,3,Mon,69
9716,S002,81.84,6,Wed,55
9717,S004,55.2,9,Fri,60
9718,S003,109.68,8,Fri,35
9719,S001,62.29,3,Tue,63
9720,S001,45.85,4,Sun,51
9721,S002,97.14,7,Sat,49
9722,S002,67.39,7,Mon,43
9723,S004,99.35,4,Sun,20
9724,S002,77.64,7,Sun,69
9725,S004,81.46,2,Wed,65
9726,S001,68.61,5,Wed,30
9727,S002,97.41,5,Fri,52
9728,S004,55.44,5,Thu,67
9729,S002,125.94,9,Mon,38
9730,S003,74.45,7,Sat,62
9731,S001,101.85,8,Mon,26
9732,S002,102.31,4,Sun,58
9733,S003,78.86,7,Mon,31
9734,S003,84.27,5,Tue,62
9735,S004,42.64,4,Wed,48
9736,S002,85.73,9,Mon,57
9737,S004,64.64,5,Sun,38
9738,S001,91.58,6,Wed,24
9739,S003,29.34,7,Thu,43
9740,S001,60.58,8,Fri,49
9741,S003,85.14,3,Fri,52
9742,S003,75.37,6,Sat,58
9743,S001,75.62,5,Thu,29
9744,S004,63.05,8,Sat,65
9745,S004,67.97,3,Thu,41
9746,S003,69.44,7,Wed,22
9747,S004,139.74,4,Sat,40
9748,S002,75.21,6,Fri,40
9749,S004,53.49,3,Fri,60
9750,S002,94.7,2,Sun,21
9751,S003,74.2,8,Fri,43
9752,S004,69.92,1,Tue,29
9753,S002,79.89,10,Thu,50
9754,S004,72.78,4,Mon,25
9755,S001,102.59,8,Fri,51
9756,S001,70.4,7,Sat,38
9757,S004,95.01,4,Sat,31
9758,S004,85.54,7,Wed,39
9759,S004,92.81,4,Wed,26
9760,S002,116.75,5,Tue,66
9761,S002,88.07,3,Sun,35
9762,S002,67.47,2,Fri,41
9763,S001,88.56,6,Fri,52
9764,S004,82.31,7,Sun,44
9765,S003,93.61,7,Sat,35
9766,S002,79.83,5,Sun,53
9767,S004,67.69,9,Tue,54
9768,S002,112.15,2,Tue,19
9769,S004,77.66,2,Thu,28
9770,S001,103.28,6,Wed,20
9771,S004,60.25,8,Thu,26
9772,S003,62.57,3,Wed,67
9773,S001,52.93,9,Mon,25
9774,S002,39.28,2,Fri,25
9775,S001,68.53,5,Fri,45
9776,S003,80.6,5,Tue,50
9777,S001,40.75,7,Mon,18
9778,S001,82.5,3,Sun,51
9779,S004,67.72,2,Wed,36
9780,S003,70.34,8,Thu,27
9781,S004,84.8,5,Sun,31
9782,S002,71.76,3,Fri,36
9783,S001,45.99,7,Mon,34
9784,S001,83.13,5,Mon,57
9785,S003,72.92,2,Tue,18
9786,S002,90.93,9,Sat,46
9787,S003,68.38,6,Thu,44
9788,S004,116.08,4,Wed,59
9789,S004,58.63,5,Sat,27
9790,S002,76.9,3,Fri,50
9791,S002,81.32,5,Fri,55
9792,S001,81.47,3,Mon,55
9793,S004,69.06,9,Mon,26
9794,S002,76.67,7,Mon,37
9795,S002,105.33,4,Thu,61
9796,S001,85.66,6,Wed,55
9797,S001,81.06,4,Sat,66
9798,S002,46.59,5,Wed,25
9799,S004,66.34,8,Fri,31
9800,S002,102.3,4,Sun,51
9801,S004,74.6,6,Wed,25
9802,S002,97.41,10,Thu,19
9803,S004,26.3,6,Thu,54
9804,S003,87.73,5,Fri,31
9805,S001,67.87,5,Sat,52
9806,S002,87.28,7,Thu,29
9807,S002,76.81,8,Tue,62
9808,S001,74.02,8,Fri,48
9809,S004,60.93,6,Mon,60
9810,S002,81.98,2,Sun,57
9811,S002,41.3,8,Sun,57
9812,S002,79.71,9,Sun,35
9813,S004,98.43,3,Sun,44
9814,S002,58.04,7,Wed,59
9815,S003,70.61,2,Mon,34
9816,S002,81.37,8,Sat,47
9817,S002,80.48,2,Fri,36
9818,S001,82.46,8,Sun,64
9819,S004,80.43,3,Wed,50
9820,S003,66.08,12,Thu,27
9821,S001,67.45,3,Wed,66
9822,S004,88.22,6,Tue,58
9823,S004,54.13,1,Thu,58
9824,S002,51.63,6,Sun,53
9825,S001,79.46,5,Tue,25
9826,S004,72.95,3,Fri,32
9827,S003,85.67,4,Tue,48
9828,S002,66.57,5,Wed,20
9829,S002,57.61,2,Mon,40
9830,S002,63.97,4,Sun,69
9831,S002,73.54,5,Sat,35
9832,S003,67.82,6,Tue,56
9833,S002,59.19,3,Mon,41
9834,S004,80.81,5,Fri,54
9835,S001,106.68,6,Tue,55
9836,S004,53.47,3,Thu,61
9837,S002,75.75,5,Mon,22
9838,S001,44.76,4,Sun,66
9839,S002,75.14,1,Thu,34
9840,S002,67.87,5,Wed,69
9841,S003,87.07,6,Tue,27
9842,S003,76.93,7,Mon,20
9843,S004,105.72,3,Sat,62
9844,S003,80.99,2,Sat,31
9845,S001,99.43,5,Thu,39
9846,S001,90.77,7,Thu,69
9847,S001,73.24,8,Sun,42
9848,S002,87.23,5,Mon,19
9849,S002,68.96,2,Mon,63
9850,S002,38.51,4,Wed,60
9851,S002,69.55,8,Sat,29
9852,S003,72.67,6,Fri,43
9853,S002,64.47,2,Mon,55
9854,S001,79.11,2,Sun,63
9855,S004,42.3,4,Wed,18
9856,S004,71.56,1,Fri,49
9857,S004,84.88,4,Fri,27
9858,S001,62.04,6,Sun,29
9859,S004,59.36,4,Mon,28
9860,S002,100.07,8,Sat,26
9861,S003,56.06,8,Wed,66
9862,S004,116.41,4,Tue,34
9863,S003,88.07,4,Fri,48
9864,S004,86.55,4,Tue,22
9865,S003,36.32,13,Fri,32
9866,S003,90.21,6,Sat,62
9867,S002,110.89,1,Mon,30
9868,S003,53.33,3,Tue,57
9869,S003,89.16,4,Tue,34
9870,S004,44.18,2,Sun,22
9871,S002,44.15,7,Sat,47
9872,S001,61.62,5,Tue,50
9873,S002,95.46,7,Sat,39
9874,S001,103.39,4,Fri,64
9875,S004,56.73,3,Sat,36
9876,S004,84.68,3,Sat,19
9877,S002,55.49,4,Sat,66
9878,S003,79.37,5,Sat,27
9879,S004,78.07,6,Tue,59
9880,S003,48.42,9,Wed,22
9881,S003,81.33,2,Wed,50
9882,S001,58.91,4,Mon,40
9883,S001,59.52,6,Sun,38
9884,S002,74.55,5,Mon,21
9885,S004,32.39,7,Thu,39
9886,S001,74.98,4,Mon,45
9887,S002,72.07,2,Mon,46
9888,S002,82.52,4,Mon,58
9889,S004,64.03,5,Sat,40
9890,S004,69.19,7,Wed,42
9891,S001,70.59,6,Sun,50
9892,S004,72.28,3,Wed,26
9893,S004,93.62,7,Thu,66
9894,S002,86.44,4,Tue,40
9895,S003,58.38,1,Fri,53
9896,S001,108.56,4,Tue,51
9897,S003,51.21,8,Wed,62
9898,S002,52.27,2,Fri,31
9899,S001,85.89,5,Wed,24
9900,S003,87.23,4,Thu,63
9901,S004,94.49,4,Thu,56
9902,S004,67.37,8,Thu,30
9903,S002,112.8,10,Sun,40
9904,S004,60.13,4,Wed,23
9905,S001,125.0,4,Fri,69
9906,S001,80.14,2,Mon,49
9907,S004,71.58,4,Wed,51
9908,S003,105.3,7,Fri,18
9909,S003,83.52,8,Thu,64
9910,S002,90.87,4,Fri,33
9911,S002,87.46,9,Mon,69
9912,S001,65.32,7,Mon,38
9913,S001,56.6,5,Mon,38
9914,S004,65.33,6,Sat,29
9915,S002,97.72,5,Thu,61
9916,S004,60.92,7,Sun,42
9917,S003,91.22,11,Fri,42
9918,S003,87.4,2,Thu,39
9919,S001,50.65,6,Mon,21
9920,S004,89.87,3,Sat,29
9921,S004,50.38,6,Sun,35
9922,S001,91.33,2,Fri,53
9923,S003,100.8,10,Wed,30
9924,S002,56.12,2,Mon,61
9925,S001,89.26,5,Thu,42
9926,S001,82.67,2,Thu,67
9927,S001,70.1,3,Sat,26
9928,S001,66.58,4,Mon,49
9929,S001,96.55,6,Sat,30
9930,S001,56.65,6,Sat,59
9931,S003,47.38,6,Sun,35
9932,S003,73.9,5,Wed,37
9933,S004,83.65,3,Thu,67
9934,S002,92.8,5,Mon,24
9935,S003,72.93,5,Thu,23
9936,S004,88.25,3,Wed,29
9937,S003,51.96,3,Wed,61
9938,S004,80.67,3,Tue,20
9939,S002,100.64,5,Thu,61
9940,S004,69.52,2,Sat,62
9941,S001,83.02,6,Wed,29
9942,S003,68.59,1,Sun,28
9943,S003,109.52,5,Sat,54
9944,S004,85.8,9,Thu,49
9945,S002,78.42,3,Sat,63
9946,S002,88.68,4,Mon,43
9947,S003,86.68,4,Mon,31
9948,S001,52.05,8,Tue,46
9949,S001,94.23,4,Mon,27
9950,S002,64.46,5,Thu,64
9951,S004,68.88,8,Tue,57
9952,S004,69.4,5,Sat,30
9953,S002,49.61,4,Thu,57
9954,S001,42.16,5,Thu,23
9955,S004,81.12,8,Sun,31
9956,S004,74.74,3,Thu,24
9957,S003,22.41,8,Thu,55
9958,S003,67.84,4,Tue,39
9959,S002,66.99,8,Mon,59
9960,S004,93.15,6,Sat,52
9961,S004,93.69,7,Fri,49
9962,S003,94.36,3,Fri,54
9963,S001,81.04,5,Sun,37
9964,S004,75.72,11,Mon,62
9965,S003,76.95,4,Sat,67
9966,S004,42.85,8,Thu,61
9967,S002,46.92,3,Thu,39
9968,S002,60.76,5,Fri,20
9969,S002,86.12,8,Tue,38
9970,S003,74.27,1,Fri,22
9971,S001,44.65,3,Sun,49
9972,S003,123.02,3,Thu,41
9973,S004,71.64,7,Sun,60
9974,S003,56.72,4,Thu,19
9975,S002,46.29,2,Fri,50
9976,S004,90.05,4,Mon,25
9977,S004,118.75,8,Wed,43
9978,S003,85.1,4,Mon,49
9979,S003,66.84,5,Sun,58
9980,S004,69.26,3,Thu,66
9981,S004,59.37,5,Tue,56
9982,S004,56.63,7,Thu,23
9983,S002,122.58,6,Tue,18
9984,S002,51.35,1,Tue,34
9985,S004,75.72,9,Tue,44
9986,S001,54.89,13,Fri,21
9987,S003,80.64,3,Mon,26
9988,S001,69.66,5,Sat,69
9989,S002,71.72,7,Mon,63
9990,S004,103.23,3,Wed,60
9991,S003,70.08,5,Tue,49
9992,S004,59.18,4,Sat,35
9993,S001,94.42,4,Wed,44
9994,S003,99.25,5,Wed,51
9995,S004,82.47,6,Sun,18
9996,S003,94.09,6,Sun,31
9997,S002,64.62,2,Wed,42
9998,S003,91.69,5,Sat,63
9999,S004,78.73,3,Wed,47
10000,S001,93.54,8,Sun,23
10001,S004,59.13,6,Thu,44
10002,S002,71.14,3,Sat,29
10003,S004,50.64,10,Sat,41
10004,S003,51.9,3,Thu,65
10005,S001,68.78,9,Wed,28
10006,S003,82.66,6,Mon,68
10007,S003,32.08,10,Sat,19
10008,S001,87.98,2,Wed,31
10009,S001,118.34,3,Thu,38
10010,S002,85.4,7,Sat,46
10011,S002,53.31,4,Tue,61
10012,S003,63.9,5,Mon,51
10013,S004,86.88,3,Wed,50
10014,S002,91.71,4,Sun,26
10015,S004,75.48,5,Thu,36
10016,S003,72.09,4,Fri,46
10017,S004,39.93,6,Sun,30
10018,S002,95.43,2,Sat,24
10019,S003,34.11,4,Sun,34
10020,S004,57.41,8,Sun,48
10021,S002,57.46,10,Wed,26
10022,S002,70.48,5,Thu,34
10023,S003,120.03,5,Sat,56
10024,S004,100.79,5,Thu,19
10025,S001,52.0,2,Fri,44
10026,S002,36.53,0,Mon,58
10027,S003,84.59,5,Tue,47
10028,S003,54.05,5,Sat,65
10029,S003,71.79,8,Wed,37
10030,S001,47.26,2,Fri,58
10031,S001,66.07,4,Sat,42
10032,S002,71.66,3,Wed,43
10033,S003,49.83,2,Sun,48
10034,S004,61.66,2,Sat,57
10035,S001,71.12,4,Wed,47
10036,S001,102.71,5,Sun,34
10037,S001,81.53,6,Tue,35
10038,S001,81.22,4,Sat,22
10039,S004,115.19,6,Sun,20
10040,S003,91.62,2,Sun,39
10041,S002,67.73,3,Wed,22
10042,S004,93.41,4,Mon,34
10043,S001,108.96,5,Sat,29
10044,S002,96.57,6,Thu,22
10045,S001,51.0,4,Thu,50
10046,S004,95.87,5,Fri,31
10047,S001,93.26,7,Mon,19
10048,S002,72.93,3,Mon,62
10049,S002,93.17,1,Fri,26
10050,S003,72.8,5,Sun,53
10051,S003,52.99,7,Tue,60
10052,S004,54.92,0,Tue,44
10053,S003,63.75,5,Wed,67
10054,S003,60.96,2,Sun,65
10055,S002,96.6,6,Sun,23
10056,S002,79.5,6,Wed,61
10057,S004,88.04,9,Fri,18
10058,S001,70.17,3,Sun,41
10059,S004,48.81,5,Thu,67
10060,S002,70.85,7,Thu,45
10061,S001,77.52,4,Fri,59
10062,S003,63.4,3,Wed,18
10063,S001,77.38,6,Fri,53
10064,S003,51.54,3,Thu,27
10065,S001,93.21,8,Sun,62
10066,S004,52.81,5,Mon,41
10067,S003,102.45,3,Thu,52
10068,S002,86.85,7,Mon,31
10069,S003,64.28,4,Mon,69
10070,S003,90.76,2,Fri,58
10071,S001,64.64,5,Wed,68
10072,S004,72.28,2,Wed,50
10073,S004,92.45,3,Sun,69
10074,S002,99.53,4,Sun,63
10075,S001,69.55,8,Fri,62
10076,S002,49.53,2,Sat,61
10077,S002,81.31,6,Wed,30
10078,S003,67.63,5,Sun,44
10079,S003,68.0,4,Thu,55
10080,S004,69.61,7,Mon,24
10081,S003,67.33,6,Wed,43
10082,S001,60.03,2,Fri,48
10083,S001,37.07,5,Fri,43
10084,S002,84.44,6,Thu,54
10085,S001,91.74,8,Wed,25
10086,S004,38.79,8,Wed,61
10087,S004,24.8,3,Wed,18
10088,S003,95.46,5,Sat,32
10089,S001,69.86,5,Sun,45
10090,S001,84.12,5,Tue,28
10091,S004,77.03,7,Wed,40
10092,S002,35.12,9,Sun,35
10093,S003,105.54,5,Sun,44
10094,S001,129.67,4,Sat,60
10095,S001,85.48,5,Sun,49
10096,S002,76.41,2,Mon,36
10097,S002,105.73,7,Tue,32
10098,S002,84.13,3,Sun,40
10099,S003,70.05,5,Thu,50
10100,S002,93.97,5,Wed,67
10101,S001,83.37,5,Sat,66
10102,S001,84.31,4,Mon,69
10103,S003,66.63,5,Wed,46
10104,S002,39.15,7,Sat,41
10105,S003,73.37,9,Sun,30
10106,S003,77.46,3,Sun,41
10107,S004,32.97,5,Mon,33
10108,S003,81.15,2,Fri,52
10109,S003,94.41,2,Wed,45
10110,S002,52.16,9,Mon,48
10111,S003,70.22,7,Sat,58
10112,S004,78.62,6,Wed,33
10113,S003,102.05,5,Tue,37
10114,S003,32.22,8,Tue,43
10115,S001,38.6,2,Sun,57
10116,S004,103.44,3,Tue,48
10117,S002,57.95,5,Tue,34
10118,S004,71.4,2,Sat,64
10119,S003,58.14,2,Sat,52
10120,S001,55.2,3,Tue,64
10121,S002,110.04,3,Fri,53
10122,S003,62.94,3,Mon,46
10123,S004,100.75,5,Fri,50
10124,S002,70.62,3,Fri,44
10125,S002,94.93,3,Thu,58
10126,S002,53.29,3,Mon,31
10127,S003,86.63,3,Sat,20
10128,S003,70.17,4,Tue,64
10129,S002,69.1,6,Mon,56
10130,S001,72.23,11,Fri,49
10131,S002,93.19,6,Thu,25
10132,S003,70.4,2,Fri,51
10133,S003,64.76,6,Fri,58
10134,S003,87.51,10,Fri,32
10135,S003,63.15,4,Sun,66
10136,S002,60.26,2,Sat,30
10137,S001,73.78,7,Sun,37
10138,S004,65.06,4,Sun,45
10139,S002,83.64,6,Wed,24
10140,S004,94.56,4,Sun,23
10141,S003,77.42,3,Fri,35
10142,S004,79.99,5,Fri,45
10143,S004,76.35,4,Wed,61
10144,S002,71.47,6,Mon,36
10145,S001,94.74,6,Fri,63
10146,S001,80.62,4,Sat,52
10147,S002,113.06,9,Thu,59
10148,S001,70.15,9,Tue,31
10149,S002,56.77,6,Wed,52
10150,S002,48.44,4,Wed,54
10151,S001,75.47,4,Wed,30
10152,S003,41.73,7,Tue,59
10153,S002,86.39,4,Mon,29
10154,S001,59.22,6,Mon,54
10155,S004,79.11,4,Sun,39
10156,S004,81.86,7,Fri,40
10157,S002,59.88,5,Wed,21
10158,S001,93.38,4,Mon,63
10159,S001,105.68,5,Thu,46
10160,S002,96.26,7,Sat,68
10161,S004,60.82,7,Sat,66
10162,S002,112.08,1,Sat,50
10163,S002,88.65,7,Fri,39
10164,S004,57.45,9,Wed,20
10165,S004,55.39,6,Sat,34
10166,S003,122.88,4,Sat,68
10167,S003,108.06,6,Wed,33
10168,S004,115.36,7,Fri,58
10169,S004,76.34,2,Sat,65
10170,S002,129.73,2,Wed,30
10171,S004,54.74,5,Sun,49
10172,S001,80.43,5,Wed,53
10173,S002,72.82,2,Fri,28
10174,S001,73.85,5,Tue,69
10175,S004,53.82,5,Sun,54
10176,S001,68.47,8,Wed,58
10177,S004,81.6,4,Sun,45
10178,S002,74.99,3,Mon,22
10179,S002,91.36,5,Sun,49
10180,S004,83.56,5,Tue,65
10181,S002,24.92,6,Mon,26
10182,S002,77.41,4,Sun,44
10183,S003,91.16,8,Sun,52
10184,S004,87.04,7,Fri,38
10185,S002,57.7,4,Tue,51
10186,S002,71.93,4,Tue,41
10187,S001,70.19,6,Tue,51
10188,S004,73.78,6,Sat,32
10189,S003,85.66,7,Mon,31
10190,S004,90.29,9,Tue,29
10191,S001,57.88,4,Sun,18
10192,S001,41.35,7,Mon,21
10193,S001,88.06,9,Mon,58
10194,S002,93.61,5,Wed,62
10195,S003,83.1,4,Sun,41
10196,S001,79.08,3,Tue,44
10197,S001,58.54,5,Wed,48
10198,S003,49.46,3,Sat,41
10199,S001,70.47,2,Wed,39
10200,S002,54.68,5,Tue,26
10201,S001,61.85,8,Wed,28
10202,S002,80.88,5,Sun,30
10203,S004,87.4,5,Thu,39
10204,S004,90.59,1,Sun,46
10205,S004,84.1,4,Wed,23
10206,S003,48.93,4,Tue,29
10207,S002,63.71,7,Fri,21
10208,S004,61.06,2,Sun,45
10209,S003,95.76,9,Thu,58
10210,S003,106.2,2,Tue,43
10211,S002,45.8,8,Sun,68
10212,S001,36.21,3,Thu,22
10213,S004,85.53,4,Wed,53
10214,S004,108.21,5,Sun,18
10215,S001,67.72,4,Fri,34
10216,S001,74.38,3,Wed,66
10217,S001,67.73,9,Thu,25
10218,S001,99.84,2,Wed,59
10219,S004,41.63,12,Sun,25
10220,S002,87.26,6,Thu,39
10221,S003,75.87,5,Sun,37
10222,S001,77.33,6,Sat,48
10223,S004,63.43,4,Thu,41
10224,S004,49.71,3,Sat,42
10225,S004,72.65,5,Sun,63
10226,S003,65.3,8,Tue,20
10227,S001,95.46,3,Sat,50
10228,S001,77.97,5,Wed,53
10229,S001,74.41,6,Sun,60
10230,S002,92.52,8,Wed,34
10231,S003,77.7,5,Sun,39
10232,S004,76.68,3,Sun,49
10233,S002,92.86,10,Wed,57
10234,S003,72.23,8,Fri,20
10235,S001,69.97,6,Wed,67
10236,S001,85.98,4,Sat,51
10237,S004,108.11,4,Fri,20
10238,S001,48.45,6,Wed,24
10239,S004,72.35,5,Wed,43
10240,S002,33.49,6,Sun,42
10241,S003,87.06,7,Sat,42
10242,S003,84.72,7,Mon,60
10243,S003,115.9,7,Tue,39
10244,S002,61.21,4,Mon,59
10245,S003,82.58,4,Wed,62
10246,S004,82.79,1,Sat,37
10247,S003,99.24,5,Sat,69
10248,S004,77.27,3,Sat,56
10249,S002,54.24,1,Wed,56
10250,S002,105.14,6,Tue,65
10251,S003,65.46,6,Tue,29
10252,S003,100.83,8,Fri,68
10253,S002,100.92,4,Mon,19
10254,S002,97.29,6,Fri,43
10255,S002,78.55,5,Sun,34
10256,S002,69.25,5,Wed,62
10257,S002,104.14,6,Wed,52
10258,S004,92.0,3,Sat,29
10259,S002,67.34,7,Sun,31
10260,S004,62.57,1,Wed,25
10261,S004,119.18,4,Thu,51
10262,S001,96.58,7,Thu,41
10263,S003,97.54,3,Sat,59
10264,S003,77.93,6,Wed,57
10265,S003,54.12,3,Tue,68
10266,S002,81.23,5,Tue,54
10267,S001,94.05,4,Mon,56
10268,S003,72.26,6,Wed,57
10269,S001,78.16,3,Sun,49
10270,S001,93.94,4,Tue,27
10271,S002,98.24,5,Sun,67
10272,S003,77.23,4,Fri,42
10273,S004,49.9,9,Wed,41
10274,S004,75.08,6,Fri,60
10275,S001,37.26,4,Tue,52
10276,S002,111.22,4,Tue,21
10277,S004,99.94,9,Mon,19
10278,S004,51.59,8,Sun,42
10279,S003,58.6,4,Mon,37
10280,S002,54.22,6,Sun,30
10281,S001,67.41,4,Wed,27
10282,S004,79.94,8,Thu,26
10283,S003,76.96,5,Wed,37
10284,S003,67.62,2,Sun,46
10285,S003,103.56,3,Thu,21
10286,S003,49.66,6,Wed,25
10287,S003,60.37,5,Tue,37
10288,S002,70.28,5,Mon,60
10289,S003,73.72,4,Sun,39
10290,S002,106.7,2,Tue,34
10291,S003,86.37,2,Fri,55
10292,S001,54.77,3,Fri,61
10293,S002,51.78,3,Wed,54
10294,S001,107.77,6,Sat,35
10295,S004,75.02,6,Sun,60
10296,S002,88.2,2,Tue,26
10297,S003,64.92,10,Mon,54
10298,S003,110.22,1,Thu,55
10299,S002,69.03,6,Tue,46
10300,S004,73.6,6,Thu,57
10301,S003,70.22,9,Wed,58
10302,S002,75.96,5,Mon,48
10303,S002,73.88,4,Tue,32
10304,S003,46.98,9,Wed,57
10305,S003,66.85,2,Tue,58
10306,S004,95.91,7,Wed,47
10307,S003,30.77,10,Thu,26
10308,S002,77.01,5,Sat,62
10309,S001,51.56,1,Sat,63
10310,S002,114.89,0,Thu,53
10311,S002,60.19,6,Sat,24
10312,S004,38.06,5,Sun,22
10313,S003,67.67,7,Mon,38
10314,S003,108.56,7,Sat,24
10315,S004,67.71,3,Sat,33
10316,S003,79.63,8,Wed,63
10317,S001,62.3,3,Wed,66
10318,S001,53.82,9,Mon,36
10319,S002,67.67,5,Sun,66
10320,S002,48.26,5,Mon,21
10321,S002,101.11,5,Fri,46
10322,S004,76.1,6,Wed,56
10323,S001,51.87,4,Tue,60
10324,S001,71.24,4,Fri,22
10325,S002,40.69,5,Mon,62
10326,S004,69.38,4,Tue,18
10327,S002,82.2,1,Wed,48
10328,S003,60.57,6,Sun,66
10329,S001,85.41,7,Wed,56
10330,S002,87.39,2,Fri,62
10331,S004,76.19,3,Thu,20
10332,S002,101.84,1,Sat,32
10333,S001,110.22,3,Wed,58
10334,S003,66.41,8,Wed,50
10335,S003,89.21,4,Sat,31
10336,S001,70.4,7,Sat,40
10337,S002,51.09,6,Sun,40
10338,S001,105.87,5,Mon,26
10339,S004,79.76,5,Sat,46
10340,S004,90.34,6,Tue,28
10341,S002,32.8,4,Fri,40
10342,S001,87.83,5,Mon,25
10343,S004,46.39,5,Wed,25
10344,S003,64.93,5,Tue,24
10345,S002,71.38,7,Sun,60
10346,S004,55.6,5,Sat,36
10347,S002,93.57,5,Mon,49
10348,S003,99.49,7,Mon,26
10349,S003,57.94,4,Wed,66
10350,S003,82.76,4,Sun,24
10351,S002,49.05,4,Mon,18
10352,S003,60.29,5,Sun,44
10353,S004,78.94,6,Wed,31
10354,S003,100.67,5,Thu,28
10355,S004,70.79,2,Tue,36
10356,S002,71.94,7,Tue,52
10357,S003,71.02,4,Tue,25
10358,S001,88.12,5,Sun,67
10359,S004,78.35,12,Wed,37
10360,S004,83.3,5,Tue,64
10361,S001,69.12,7,Thu,67
10362,S004,66.81,6,Thu,66
10363,S001,58.57,6,Sat,36
10364,S004,65.46,6,Sat,52
10365,S003,93.08,5,Mon,29
10366,S002,99.28,6,Fri,46
10367,S003,92.3,5,Thu,69
10368,S004,52.42,7,Thu,41
10369,S001,96.4,2,Mon,34
10370,S003,72.15,6,Thu,26
10371,S003,57.55,3,Wed,18
10372,S002,42.74,2,Fri,28
10373,S001,76.5,4,Mon,18
10374,S001,83.56,4,Wed,34
10375,S001,77.66,6,Fri,55
10376,S004,32.18,7,Sun,18
10377,S003,56.87,8,Sat,27
10378,S001,67.71,5,Thu,58
10379,S003,46.18,3,Thu,36
10380,S001,57.03,5,Sat,31
10381,S002,83.38,4,Sat,42
10382,S001,62.51,7,Thu,31
10383,S001,95.27,4,Fri,61
10384,S002,74.08,1,Mon,35
10385,S003,50.69,12,Tue,53
10386,S001,57.38,4,Wed,67
10387,S001,93.15,4,Sun,35
10388,S002,23.88,5,Sun,39
10389,S004,118.15,2,Sat,61
10390,S004,65.82,2,Tue,41
10391,S002,55.14,9,Wed,35
10392,S003,112.34,5,Sun,59
10393,S002,66.65,5,Wed,63
10394,S001,94.47,3,Sat,39
10395,S001,64.61,7,Sat,57
10396,S003,111.62,3,Thu,34
10397,S002,70.71,3,Wed,68
10398,S003,68.47,6,Tue,34
10399,S002,60.72,6,Sun,37
10400,S001,34.24,3,Sun,50
10401,S001,64.87,1,Fri,64
10402,S003,88.44,7,Sat,42
10403,S002,99.51,2,Sun,48
10404,S001,54.49,4,Thu,58
10405,S001,80.83,4,Wed,54
10406,S002,63.16,4,Mon,32
10407,S003,89.98,9,Sun,44
10408,S003,108.45,6,Sat,34
10409,S003,91.79,4,Mon,20
10410,S004,109.36,3,Sun,61
10411,S003,42.08,1,Mon,58
10412,S003,40.53,3,Sun,18
10413,S001,108.56,8,Sun,25
10414,S002,87.56,7,Tue,26
10415,S003,50.4,4,Fri,39
10416,S004,79.13,2,Mon,55
10417,S001,109.87,3,Thu,23
10418,S003,79.69,10,Sat,63
10419,S003,90.21,8,Sat,58
10420,S004,68.23,8,Wed,53
10421,S004,70.79,5,Tue,59
10422,S001,75.12,8,Mon,49
10423,S004,103.52,6,Wed,28
10424,S003,75.28,5,Tue,59
10425,S002,66.19,5,Wed,52
10426,S004,80.41,2,Mon,65
10427,S003,53.51,4,Sun,48
10428,S001,48.15,6,Sat,62
10429,S002,71.57,8,Tue,24
10430,S001,50.11,4,Fri,36
10431,S003,57.05,4,Thu,28
10432,S002,74.45,7,Thu,43
10433,S001,101.97,3,Wed,30
10434,S003,69.42,4,Sat,67
10435,S001,95.5,3,Wed,52
10436,S004,77.36,2,Mon,37
10437,S003,67.44,2,Sun,52
10438,S002,70.72,2,Sat,36
10439,S003,83.16,4,Thu,69
10440,S002,81.35,7,Sat,19
10441,S004,82.39,5,Thu,64
10442,S001,3.96,8,Sat,27
10443,S002,74.5,3,Tue,35
10444,S001,95.43,4,Wed,45
10445,S003,87.23,3,Sun,26
10446,S003,57.53,4,Wed,49
10447,S002,113.32,6,Sat,46
10448,S004,96.52,5,Sun,68
10449,S003,95.82,6,Sat,37
10450,S001,72.47,6,Fri,26
10451,S003,71.77,6,Sun,52
10452,S003,52.95,10,Sun,60
10453,S004,89.34,6,Sun,42
10454,S001,113.23,5,Tue,58
10455,S002,60.65,4,Tue,37
10456,S003,69.32,6,Wed,62
10457,S003,78.63,2,Wed,68
10458,S003,76.02,1,Wed,60
10459,S004,78.2,3,Thu,30
10460,S003,101.41,8,Tue,53
10461,S003,34.85,3,Mon,69
10462,S002,97.81,3,Sun,46
10463,S002,96.55,5,Thu,54
10464,S001,68.98,5,Tue,30
10465,S002,74.68,2,Wed,41
10466,S001,80.9,6,Thu,38
10467,S002,56.69,6,Fri,60
10468,S001,76.02,4,Thu,23
10469,S001,56.63,7,Thu,18
10470,S003,83.12,8,Tue,61
10471,S004,55.3,4,Wed,21
10472,S001,68.87,8,Mon,45
10473,S004,80.54,1,Sun,59
10474,S003,88.6,4,Fri,60
10475,S001,77.75,6,Wed,56
10476,S001,39.46,5,Sun,53
10477,S004,95.92,4,Mon,46
10478,S003,44.99,6,Mon,20
10479,S004,80.72,1,Mon,67
10480,S004,83.91,4,Thu,38
10481,S002,129.23,5,Fri,51
10482,S002,75.63,11,Wed,26
10483,S002,75.48,6,Sun,19
10484,S003,102.72,4,Sun,32
10485,S003,70.8,4,Tue,69
10486,S002,85.51,5,Thu,37
10487,S003,73.15,1,Fri,68
10488,S003,45.87,5,Mon,42
10489,S002,107.15,5,Fri,65
10490,S002,66.76,9,Tue,64
10491,S002,59.0,6,Mon,20
10492,S004,65.34,4,Sat,67
10493,S002,89.25,5,Tue,67
10494,S002,117.6,4,Thu,68
10495,S004,74.48,5,Wed,59
10496,S002,69.65,5,Sun,46
10497,S003,64.48,6,Sun,47
10498,S003,71.91,5,Thu,26
10499,S001,92.24,6,Wed,20
10500,S004,77.87,2,Sat,52
10501,S003,98.91,2,Thu,20
10502,S001,66.86,3,Wed,66
10503,S002,52.33,2,Sun,24
10504,S001,71.34,3,Sun,56
10505,S004,72.65,5,Tue,33
10506,S002,77.86,5,Fri,23
10507,S004,62.49,8,Tue,32
10508,S001,51.93,6,Thu,26
10509,S003,60.93,3,Mon,33
10510,S002,86.36,4,Wed,48
10511,S002,80.78,5,Sat,54
10512,S003,78.51,6,Sun,41
10513,S001,86.61,6,Fri,50
10514,S004,64.74,5,Sun,50
10515,S003,75.3,4,Mon,69
10516,S003,93.23,3,Thu,68
10517,S002,72.85,9,Thu,69
10518,S002,121.47,5,Mon,55
10519,S001,51.36,3,Sat,34
10520,S003,101.72,4,Thu,39
10521,S002,86.56,3,Fri,44
10522,S002,80.75,3,Tue,42
10523,S001,84.18,11,Sat,45
10524,S001,72.37,8,Sat,50
10525,S001,75.1,2,Mon,34
10526,S004,85.62,6,Sat,26
10527,S003,60.23,2,Fri,68
10528,S004,108.01,5,Tue,63
10529,S001,92.73,3,Sun,57
10530,S004,100.38,5,Mon,44
10531,S003,104.9,8,Thu,30
10532,S003,76.41,5,Sat,68
10533,S004,93.22,4,Sun,21
10534,S004,76.89,3,Tue,33
10535,S003,54.0,4,Mon,26
10536,S002,90.73,5,Mon,43
10537,S004,79.38,2,Mon,19
10538,S001,91.3,5,Sun,56
10539,S003,76.26,10,Wed,27
10540,S002,77.01,2,Sun,57
10541,S003,104.92,8,Sat,50
10542,S001,82.64,0,Thu,58
10543,S001,68.57,3,Wed,43
10544,S003,107.46,7,Wed,28
10545,S001,84.27,5,Fri,21
10546,S002,81.96,2,Fri,55
10547,S002,80.71,4,Sat,23
10548,S001,76.81,8,Mon,41
10549,S003,75.16,4,Mon,66
10550,S003,97.84,8,Mon,18
10551,S003,70.87,3,Sat,69
10552,S002,77.93,5,Tue,29
10553,S004,71.76,3,Sun,61
10554,S004,52.63,10,Tue,68
10555,S001,76.1,2,Wed,33
10556,S002,76.91,4,Tue,19
10557,S001,78.83,6,Sat,29
10558,S001,70.11,4,Thu,20
10559,S002,96.55,3,Sat,19
10560,S002,90.54,2,Wed,56
10561,S001,34.95,6,Tue,64
10562,S004,47.24,4,Fri,60
10563,S004,111.34,2,Fri,68
10564,S003,48.12,4,Wed,34
10565,S004,71.18,5,Wed,27
10566,S001,69.92,5,Wed,49
10567,S002,66.33,4,Sat,61
10568,S001,64.91,4,Fri,22
10569,S001,51.13,7,Thu,22
10570,S001,92.77,2,Tue,56
10571,S002,102.59,4,Sun,58
10572,S003,58.88,5,Thu,68
10573,S004,87.61,8,Fri,53
10574,S003,45.87,7,Sat,54
10575,S004,70.17,2,Sun,67
10576,S003,52.52,7,Sat,19
10577,S002,58.13,4,Wed,58
10578,S002,62.78,11,Thu,61
10579,S003,68.57,1,Mon,68
10580,S001,110.81,7,Wed,60
10581,S004,69.09,10,Mon,39
10582,S001,53.01,4,Wed,66
10583,S002,74.44,7,Tue,57
10584,S002,105.39,8,Mon,34
10585,S001,83.77,2,Sat,30
10586,S002,73.57,7,Fri,23
10587,S002,50.57,5,Sat,41
10588,S004,51.9,6,Wed,57
10589,S001,64.75,5,Wed,53
10590,S003,85.16,5,Mon,38
10591,S001,43.02,5,Wed,62
10592,S003,87.81,9,Thu,27
10593,S003,99.53,10,Wed,19
10594,S003,63.96,7,Thu,22
10595,S001,85.77,1,Wed,40
10596,S004,94.13,7,Thu,26
10597,S004,52.0,1,Wed,65
10598,S002,84.19,5,Sun,65
10599,S001,81.52,0,Mon,18
10600,S001,23.89,8,Mon,25
10601,S002,76.08,6,Thu,25
10602,S001,94.92,3,Tue,55
10603,S002,27.21,3,Fri,66
10604,S002,68.92,5,Fri,51
10605,S003,69.63,3,Fri,51
10606,S002,57.19,3,Wed,38
10607,S003,73.11,6,Thu,40
10608,S003,86.21,10,Tue,35
10609,S002,89.86,4,Sat,59
10610,S002,62.66,5,Fri,23
10611,S002,104.24,4,Tue,53
10612,S002,65.21,4,Fri,28
10613,S002,41.45,4,Thu,20
10614,S004,93.55,2,Wed,24
10615,S001,68.3,3,Wed,25
10616,S002,69.24,1,Mon,64
10617,S004,80.0,3,Thu,46
10618,S003,58.33,6,Thu,67
10619,S004,96.39,3,Fri,48
10620,S004,57.48,2,Fri,68
10621,S001,92.61,4,Sat,26
10622,S002,66.17,4,Thu,50
10623,S004,46.05,3,Thu,26
10624,S004,81.41,5,Fri,25
10625,S002,61.68,10,Wed,46
10626,S003,74.92,7,Mon,28
10627,S003,80.19,6,Sun,34
10628,S001,47.02,7,Mon,29
10629,S001,75.43,4,Mon,19
10630,S002,68.67,6,Sat,58
10631,S001,103.21,7,Sun,31
10632,S001,57.82,3,Thu,55
10633,S004,82.65,5,Fri,64
10634,S004,85.23,5,Fri,23
10635,S002,86.6,2,Thu,25
10636,S001,59.07,8,Thu,55
10637,S003,53.41,7,Sat,62
10638,S002,64.08,2,Wed,35
10639,S004,46.2,4,Tue,25
10640,S002,93.75,5,Sun,29
10641,S004,62.5,2,Sat,37
10642,S004,60.35,9,Wed,59
10643,S002,109.71,4,Tue,30
10644,S001,60.92,6,Thu,23
10645,S002,57.76,6,Sun,69
10646,S003,80.55,5,Sat,40
10647,S001,111.6,10,Sun,64
10648,S004,47.99,4,Mon,40
10649,S003,78.36,4,Sat,19
10650,S001,108.18,6,Fri,36
10651,S004,45.55,1,Mon,21
10652,S003,79.83,5,Mon,23
10653,S002,73.23,5,Fri,19
10654,S002,92.11,2,Fri,51
10655,S001,51.8,5,Sat,53
10656,S002,73.66,3,Sat,43
10657,S001,79.33,10,Sun,33
10658,S002,35.14,4,Tue,34
10659,S001,75.11,4,Thu,56
10660,S001,70.12,4,Thu,58
10661,S003,109.84,6,Sat,19
10662,S002,80.23,3,Thu,69
10663,S003,87.25,9,Mon,35
10664,S002,61.32,7,Sat,60
10665,S002,67.15,8,Thu,36
10666,S002,84.92,5,Tue,18
10667,S003,66.68,2,Mon,66
10668,S004,38.96,3,Tue,41
10669,S003,85.7,6,Fri,19
10670,S003,66.08,5,Thu,58
10671,S002,54.74,6,Mon,53
10672,S001,107.37,2,Mon,23
10673,S002,112.82,6,Sun,62
10674,S002,103.73,4,Mon,43
10675,S001,84.9,5,Fri,57
10676,S002,81.06,6,Sat,29
10677,S004,87.08,3,Fri,54
10678,S003,87.95,6,Wed,57
10679,S003,70.93,2,Mon,47
10680,S003,84.56,3,Mon,49
10681,S004,91.84,4,Sat,51
10682,S003,108.44,3,Wed,43
10683,S001,57.87,3,Tue,41
10684,S003,65.01,0,Tue,63
10685,S002,73.42,3,Sun,40
10686,S002,127.38,4,Thu,65
10687,S003,75.35,4,Thu,63
10688,S004,91.06,5,Sat,45
10689,S001,113.42,3,Wed,35
10690,S002,87.09,11,Tue,42
10691,S004,42.54,3,Fri,44
10692,S001,44.2,4,Sat,48
10693,S001,99.32,5,Sun,45
10694,S003,74.02,4,Mon,63
10695,S003,88.4,7,Mon,44
10696,S002,33.43,4,Sun,26
10697,S001,79.79,3,Fri,51
10698,S004,71.67,5,Tue,25
10699,S001,84.75,5,Sun,51
10700,S004,108.27,4,Mon,26
10701,S004,60.62,4,Tue,27
10702,S004,27.08,4,Tue,27
10703,S004,109.65,4,Wed,63
10704,S004,64.3,10,Sun,58
10705,S003,73.54,5,Fri,28
10706,S001,69.1,5,Sat,59
10707,S004,45.45,1,Fri,21
10708,S004,84.67,4,Tue,60
10709,S002,82.36,5,Wed,36
10710,S003,94.65,6,Fri,41
10711,S001,86.28,6,Sun,53
10712,S001,73.99,6,Mon,60
10713,S004,81.07,5,Mon,57
10714,S003,94.52,5,Tue,27
10715,S004,70.89,4,Sun,26
10716,S003,76.21,4,Thu,27
10717,S003,74.54,8,Sat,63
10718,S001,84.12,2,Fri,20
10719,S004,60.04,2,Mon,62
10720,S003,83.77,8,Sat,63
10721,S002,106.54,5,Wed,36
10722,S001,100.25,8,Wed,65
10723,S001,86.3,5,Fri,46
10724,S003,105.55,7,Mon,63
10725,S001,75.29,3,Wed,36
10726,S002,58.39,8,Thu,38
10727,S002,74.01,5,Sun,57
10728,S004,66.49,8,Tue,53
10729,S001,99.73,2,Thu,36
10730,S003,76.75,7,Sun,56
10731,S004,83.45,5,Fri,22
10732,S004,76.45,2,Mon,55
10733,S004,73.15,6,Mon,42
10734,S003,63.96,3,Mon,55
10735,S004,64.27,3,Mon,48
10736,S002,64.86,4,Sat,20
10737,S001,77.24,7,Sun,50
10738,S001,52.4,1,Wed,58
10739,S002,60.26,5,Sat,40
10740,S004,92.87,2,Wed,53
10741,S002,61.72,5,Sat,32
10742,S002,84.12,15,Fri,69
10743,S001,62.21,3,Thu,44
10744,S002,68.91,11,Tue,53
10745,S002,51.03,7,Wed,47
10746,S003,64.86,8,Mon,51
10747,S002,86.64,5,Sat,29
10748,S001,94.43,4,Tue,30
10749,S001,63.04,1,Sun,20
10750,S004,75.29,2,Tue,51
10751,S001,25.17,8,Sat,50
10752,S002,33.11,8,Mon,23
10753,S001,99.95,6,Mon,23
10754,S004,35.57,5,Sat,39
10755,S001,47.45,7,Wed,46
10756,S002,78.61,2,Tue,47
10757,S002,100.51,3,Fri,63
10758,S003,62.03,4,Wed,25
10759,S003,125.93,8,Sun,38
10760,S004,48.18,2,Sat,46
10761,S004,78.92,3,Sat,22
10762,S001,109.73,6,Tue,66
10763,S001,77.77,6,Sat,42
10764,S004,70.67,10,Wed,53
10765,S004,103.68,6,Thu,28
10766,S004,51.65,7,Sun,64
10767,S004,120.61,5,Wed,23
10768,S002,89.54,1,Sat,45
10769,S001,42.19,5,Mon,58
10770,S003,39.77,7,Mon,23
10771,S004,99.96,2,Wed,27
10772,S002,60.87,5,Thu,64
10773,S003,84.12,8,Wed,56
10774,S004,95.21,3,Sun,52
10775,S004,87.58,2,Fri,60
10776,S001,69.91,1,Fri,23
10777,S004,91.15,5,Sun,53
10778,S003,94.87,7,Mon,50
10779,S001,60.82,6,Fri,55
10780,S001,124.59,4,Wed,68
10781,S003,72.88,5,Wed,27
10782,S002,104.25,2,Tue,32
10783,S002,51.97,2,Tue,39
10784,S004,120.64,2,Tue,25
10785,S004,78.96,7,Sun,18
10786,S002,34.22,7,Thu,28
10787,S002,84.25,5,Wed,26
10788,S002,65.94,8,Sat,31
10789,S003,68.93,4,Wed,69
10790,S004,87.51,3,Thu,67
10791,S002,55.08,3,Mon,42
10792,S002,78.7,5,Wed,58
10793,S004,78.98,4,Sun,20
10794,S003,102.94,4,Thu,40
10795,S003,31.24,4,Thu,35
10796,S002,4.48,5,Fri,57
10797,S001,68.0,2,Tue,67
10798,S002,78.22,4,Mon,57
10799,S002,86.82,3,Sat,67
10800,S004,88.96,6,Tue,40
10801,S003,66.81,5,Fri,22
10802,S004,77.13,6,Thu,34
10803,S003,105.74,1,Mon,40
10804,S001,50.62,2,Thu,51
10805,S004,72.18,4,Wed,44
10806,S001,67.55,3,Sat,67
10807,S004,54.16,2,Tue,45
10808,S003,72.88,4,Wed,61
10809,S001,38.55,6,Tue,41
10810,S001,88.85,3,Sun,19
10811,S002,75.93,3,Sun,48
10812,S003,115.49,5,Mon,33
10813,S004,111.81,2,Sun,59
10814,S004,64.37,10,Mon,34
10815,S001,111.08,5,Tue,66
10816,S004,55.22,5,Wed,38
10817,S002,59.26,4,Sat,27
10818,S004,55.8,4,Sun,47
10819,S002,106.14,6,Sat,19
10820,S003,74.9,6,Mon,65
10821,S003,107.02,3,Sat,52
10822,S003,72.07,3,Mon,27
10823,S001,99.32,6,Sat,49
10824,S001,83.73,7,Sun,51
10825,S003,75.64,5,Tue,69
10826,S004,89.58,7,Mon,30
10827,S004,63.6,5,Sun,33
10828,S002,71.31,10,Tue,61
10829,S004,73.21,4,Fri,32
10830,S004,84.05,7,Sat,45
10831,S004,104.34,7,Wed,37
10832,S002,69.96,2,Sun,43
10833,S003,84.32,5,Wed,32
10834,S001,103.87,2,Sat,21
10835,S003,20.13,3,Thu,68
10836,S003,82.74,4,Thu,68
10837,S004,34.74,7,Thu,61
10838,S001,108.73,4,Fri,58
10839,S002,90.01,3,Sat,22
10840,S004,95.35,4,Wed,24
10841,S004,70.02,2,Fri,55
10842,S002,90.17,4,Sat,26
10843,S002,86.51,6,Sun,68
10844,S003,99.7,11,Fri,60
10845,S003,92.96,4,Thu,21
10846,S004,100.93,3,Wed,38
10847,S002,61.86,4,Sun,20
10848,S003,104.34,7,Sun,35
10849,S004,90.71,7,Tue,52
10850,S002,82.51,11,Wed,46
10851,S004,87.39,4,Thu,45
10852,S002,81.55,10,Sat,21
10853,S004,67.65,6,Sat,49
10854,S003,74.46,4,Thu,34
10855,S002,70.18,7,Mon,42
10856,S001,60.06,5,Tue,61
10857,S002,87.48,5,Mon,47
10858,S001,118.7,3,Mon,19
10859,S001,97.43,5,Sat,47
10860,S004,115.0,2,Thu,19
10861,S004,43.53,7,Sat,66
10862,S004,74.63,5,Thu,57
10863,S002,58.83,2,Sun,33
10864,S004,94.0,7,Tue,49
10865,S002,53.51,7,Wed,62
10866,S003,94.81,9,Sun,52
10867,S004,104.47,6,Sat,20
10868,S001,77.27,4,Mon,64
10869,S004,82.46,10,Wed,68
10870,S004,64.96,2,Fri,23
10871,S003,88.67,4,Sat,50
10872,S002,81.4,8,Mon,43
10873,S001,79.86,3,Fri,46
10874,S004,58.93,7,Sat,43
10875,S002,79.57,3,Wed,36
10876,S003,61.85,7,Tue,27
10877,S003,112.57,4,Sat,66
10878,S003,60.44,7,Wed,27
10879,S002,85.47,7,Thu,62
10880,S002,82.44,3,Thu,58
10881,S003,90.36,5,Mon,65
10882,S001,89.58,7,Fri,31
10883,S001,42.1,8,Wed,49
10884,S002,47.89,5,Tue,58
10885,S003,55.96,5,Sun,22
10886,S001,89.52,8,Wed,35
10887,S002,70.01,6,Fri,61
10888,S001,68.31,6,Fri,47
10889,S001,72.93,8,Sun,56
10890,S002,43.79,5,Tue,56
10891,S001,73.93,3,Sun,47
10892,S002,99.53,6,Sun,58
10893,S001,35.44,6,Thu,66
10894,S004,49.33,6,Sun,30
10895,S001,96.95,8,Sat,65
10896,S002,73.38,2,Sat,54
10897,S003,72.49,6,Thu,33
10898,S004,99.48,4,Wed,33
10899,S003,91.33,4,Sun,56
10900,S004,98.46,8,Fri,38
10901,S003,65.29,2,Sun,58
10902,S002,116.3,5,Tue,39
10903,S002,53.76,4,Fri,38
10904,S001,84.98,2,Tue,61
10905,S001,78.75,2,Sun,30
10906,S003,71.79,1,Sun,64
10907,S002,80.95,8,Mon,47
10908,S001,40.49,4,Thu,57
10909,S003,49.36,6,Wed,57
10910,S002,64.09,4,Thu,68
10911,S002,61.58,4,Fri,54
10912,S003,84.74,4,Thu,45
10913,S004,101.02,7,Mon,56
10914,S001,73.85,5,Wed,37
10915,S003,96.7,2,Thu,66
10916,S004,79.33,2,Wed,68
10917,S004,57.72,7,Thu,23
10918,S004,75.06,7,Sat,21
10919,S001,67.01,5,Sat,29
10920,S001,92.42,3,Sat,39
10921,S002,95.99,3,Sat,38
10922,S004,99.24,7,Sat,48
10923,S002,96.62,2,Wed,39
10924,S004,76.78,10,Sun,30
10925,S002,82.32,4,Tue,42
10926,S002,87.53,4,Tue,46
10927,S003,60.58,3,Mon,27
10928,S004,73.1,9,Sat,21
10929,S002,126.88,3,Sun,24
10930,S002,62.05,5,Mon,18
10931,S001,73.21,5,Sun,65
10932,S002,51.62,4,Wed,21
10933,S002,59.49,6,Wed,52
10934,S003,71.22,5,Fri,20
10935,S004,84.23,3,Sun,64
10936,S002,72.73,12,Fri,48
10937,S002,53.84,1,Sun,52
10938,S003,67.68,4,Mon,58
10939,S004,56.31,2,Mon,27
10940,S002,103.21,3,Thu,42
10941,S002,82.32,3,Sun,61
10942,S003,71.4,5,Sat,60
10943,S003,58.43,7,Thu,21
10944,S004,65.82,2,Sun,63
10945,S004,64.3,4,Sat,65
10946,S002,78.86,5,Tue,18
10947,S002,71.62,3,Thu,34
10948,S003,53.03,5,Fri,45
10949,S004,109.42,7,Mon,49
10950,S003,55.1,5,Sun,55
10951,S004,75.14,2,Mon,37
10952,S004,79.36,4,Wed,59
10953,S004,64.41,5,Wed,38
10954,S004,50.05,7,Thu,52
10955,S003,66.55,4,Fri,63
10956,S004,58.79,6,Thu,61
10957,S001,106.45,5,Sat,23
10958,S004,90.74,7,Tue,67
10959,S002,40.53,3,Sun,53
10960,S003,86.61,6,Fri,43
10961,S001,77.13,6,Fri,69
10962,S002,64.32,2,Thu,62
10963,S002,31.69,10,Tue,45
10964,S003,84.15,4,Sun,29
10965,S001,63.85,5,Sat,49
10966,S003,58.65,7,Fri,66
10967,S001,68.19,9,Mon,18
10968,S004,76.21,5,Tue,65
10969,S001,44.76,8,Wed,48
10970,S003,98.54,4,Thu,47
10971,S002,70.14,8,Sun,41
10972,S002,57.28,4,Sun,55
10973,S002,79.01,6,Wed,67
10974,S001,76.25,3,Fri,37
10975,S002,29.42,4,Wed,61
10976,S001,40.51,2,Thu,39
10977,S002,67.68,6,Mon,52
10978,S003,43.42,6,Sat,24
10979,S003,56.44,2,Mon,26
10980,S004,38.47,13,Sat,26
10981,S001,57.05,6,Sat,18
10982,S001,80.68,8,Sun,51
10983,S002,113.42,4,Sun,23
10984,S002,71.85,6,Sat,24
10985,S004,64.36,5,Sat,32
10986,S001,42.48,7,Thu,42
10987,S002,75.31,3,Fri,36
10988,S001,56.78,5,Tue,27
10989,S002,71.69,3,Tue,44
10990,S002,66.39,7,Thu,60
10991,S001,62.89,4,Sat,56
10992,S003,58.95,6,Sun,19
10993,S003,101.18,1,Thu,31
10994,S004,50.69,1,Sun,23
10995,S004,73.96,8,Mon,29
10996,S002,61.57,8,Mon,69
10997,S001,60.29,5,Thu,32
10998,S002,103.26,8,Fri,61
10999,S002,97.34,11,Mon,31
11000,S003,51.24,7,Fri,27
11001,S004,79.7,3,Sat,49
11002,S003,70.52,3,Mon,69
11003,S004,79.92,3,Tue,31
11004,S002,77.24,4,Mon,28
11005,S003,79.67,4,Mon,21
11006,S002,64.51,9,Sat,30
11007,S004,32.13,9,Fri,50
11008,S003,70.14,4,Wed,42
11009,S002,50.07,7,Tue,63
11010,S003,84.35,4,Thu,62
11011,S001,59.94,5,Tue,24
11012,S002,86.25,3,Fri,55
11013,S002,101.73,5,Tue,64
11014,S003,89.58,4,Tue,46
11015,S004,110.92,5,Sat,43
11016,S002,80.86,1,Mon,20
11017,S001,89.43,6,Wed,27
11018,S004,93.79,6,Tue,59
11019,S004,62.81,0,Fri,61
11020,S003,85.25,5,Sun,55
11021,S001,108.41,2,Thu,60
11022,S003,110.07,9,Mon,51
11023,S003,99.25,4,Thu,33
11024,S003,92.89,9,Fri,18
11025,S004,57.24,1,Mon,20
11026,S003,47.75,2,Wed,46
11027,S001,70.76,3,Fri,64
11028,S002,62.81,7,Sat,44
11029,S001,71.61,7,Thu,23
11030,S002,78.27,4,Sun,69
11031,S004,72.17,11,Sat,58
11032,S001,82.05,1,Sun,21
11033,S004,54.49,2,Sun,64
11034,S004,76.96,2,Sun,45
11035,S003,71.07,5,Sat,27
11036,S003,90.05,11,Tue,58
11037,S001,76.75,5,Thu,35
11038,S002,65.69,5,Sun,36
11039,S003,65.31,6,Sun,25
11040,S004,95.96,8,Wed,38
11041,S003,31.97,8,Thu,20
11042,S003,83.26,1,Tue,49
11043,S003,79.7,4,Sun,42
11044,S001,92.33,5,Fri,45
11045,S004,73.27,5,Sun,65
11046,S003,47.77,1,Fri,25
11047,S001,82.05,7,Thu,29
11048,S002,88.71,5,Fri,33
11049,S004,68.73,4,Wed,49
11050,S002,78.76,9,Tue,37
11051,S004,83.2,8,Sat,21
11052,S001,86.36,4,Fri,30
11053,S001,86.38,8,Mon,28
11054,S004,107.41,9,Mon,35
11055,S001,71.81,2,Tue,49
11056,S002,72.87,5,Sun,32
11057,S001,51.92,6,Wed,29
11058,S004,87.22,5,Sun,61
11059,S004,60.71,5,Fri,58
11060,S003,40.48,7,Sat,34
11061,S003,90.97,3,Thu,60
11062,S003,60.47,4,Thu,36
11063,S004,78.35,9,Tue,62
11064,S001,58.31,7,Sun,39
11065,S001,99.96,2,Sun,19
11066,S002,56.77,6,Wed,42
11067,S004,44.68,5,Sat,42
11068,S001,71.88,5,Tue,60
11069,S001,68.22,8,Fri,25
11070,S003,71.81,5,Fri,63
11071,S003,71.34,7,Tue,54
11072,S001,64.12,6,Wed,31
11073,S003,102.95,4,Thu,41
11074,S004,95.85,5,Wed,47
11075,S003,70.14,4,Mon,27
11076,S004,133.93,2,Mon,38
11077,S004,53.58,4,Fri,58
11078,S001,49.17,4,Mon,49
11079,S002,84.27,6,Thu,39
11080,S003,95.64,5,Sun,53
11081,S002,71.11,5,Wed,42
11082,S004,83.11,5,Tue,25
11083,S003,91.35,5,Thu,68
11084,S003,62.0,4,Fri,41
11085,S003,99.9,6,Mon,30
11086,S003,81.01,9,Mon,30
11087,S002,98.35,2,Sat,68
11088,S001,62.33,10,Sat,29
11089,S004,55.07,6,Sun,39
11090,S003,96.93,3,Sun,24
11091,S003,102.82,3,Mon,54
11092,S003,70.73,3,Tue,60
11093,S003,75.06,2,Fri,56
11094,S004,76.06,10,Wed,19
11095,S001,81.07,4,Fri,40
11096,S002,85.35,7,Sat,47
11097,S002,74.79,4,Wed,22
11098,S002,73.11,3,Tue,57
11099,S001,80.88,3,Thu,22
11100,S002,101.27,7,Mon,63
11101,S002,84.73,6,Sat,30
11102,S004,57.02,2,Mon,33
11103,S001,60.61,7,Fri,50
11104,S001,71.82,3,Tue,48
11105,S001,84.69,7,Sun,28
11106,S003,52.95,5,Sun,32
11107,S002,76.7,1,Mon,29
11108,S004,86.38,2,Sun,21
11109,S002,80.36,3,Wed,29
11110,S001,84.62,8,Tue,25
11111,S003,60.73,4,Sat,69
11112,S001,79.02,3,Mon,18
11113,S003,58.33,8,Sun,46
11114,S001,60.6,13,Wed,66
11115,S004,85.49,4,Mon,65
11116,S003,75.22,6,Sun,52
11117,S001,83.85,3,Wed,32
11118,S004,84.47,8,Wed,24
11119,S002,64.24,6,Thu,28
11120,S001,108.05,3,Tue,46
11121,S003,69.12,6,Mon,59
11122,S004,65.19,4,Sun,19
11123,S003,100.48,3,Wed,30
11124,S001,98.61,7,Thu,32
11125,S004,71.05,3,Thu,48
11126,S002,84.67,9,Thu,25
11127,S002,27.51,11,Sun,62
11128,S002,80.79,8,Tue,36
11129,S002,87.17,5,Wed,54
11130,S004,42.59,7,Sat,56
11131,S003,101.29,6,Sun,65
11132,S003,87.69,2,Fri,29
11133,S002,66.62,8,Fri,32
11134,S002,65.22,2,Mon,69
11135,S001,87.14,8,Mon,62
11136,S002,94.02,7,Mon,62
11137,S001,62.2,5,Tue,18
11138,S004,104.96,8,Fri,63
11139,S002,31.26,2,Wed,37
11140,S004,56.49,3,Wed,66
11141,S003,41.08,10,Tue,68
11142,S002,106.08,9,Thu,42
11143,S001,97.15,3,Thu,30
11144,S003,83.21,1,Sun,30
11145,S004,82.14,4,Fri,64
11146,S003,75.49,5,Tue,31
11147,S004,97.87,5,Thu,50
11148,S002,107.76,8,Thu,57
11149,S001,77.08,4,Wed,62
11150,S004,98.81,4,Wed,39
11151,S004,60.98,4,Thu,38
11152,S001,66.87,4,Wed,47
11153,S001,97.8,2,Sat,63
11154,S003,91.96,2,Thu,40
11155,S003,58.44,5,Sat,25
11156,S002,99.33,5,Fri,36
11157,S004,71.32,4,Fri,57
11158,S001,85.77,2,Tue,34
11159,S001,75.27,5,Sun,48
11160,S003,42.53,7,Mon,47
11161,S004,67.42,5,Sat,36
11162,S003,57.98,8,Thu,44
11163,S001,49.27,9,Sun,20
11164,S004,38.88,7,Sun,44
11165,S002,97.01,3,Sun,39
11166,S002,61.14,8,Sat,59
11167,S002,70.82,6,Fri,36
11168,S003,75.14,3,Thu,38
11169,S002,54.54,5,Sun,54
11170,S003,45.6,5,Wed,63
11171,S001,105.86,6,Mon,45
11172,S001,85.61,6,Tue,62
11173,S001,89.6,5,Sat,39
11174,S001,84.07,1,Sat,24
11175,S003,78.36,7,Thu,19
11176,S001,107.05,2,Mon,42
11177,S001,55.29,5,Sat,45
11178,S004,41.54,4,Sat,25
11179,S002,98.61,6,Thu,46
11180,S003,110.63,5,Thu,50
11181,S001,75.63,5,Thu,67
11182,S003,77.49,3,Wed,63
11183,S003,105.68,5,Thu,65
11184,S003,77.98,8,Fri,57
11185,S004,48.65,8,Tue,68
11186,S003,86.45,9,Sun,26
11187,S002,57.88,3,Tue,57
11188,S004,95.89,5,Tue,38
11189,S004,55.45,3,Wed,58
11190,S001,103.03,4,Wed,22
11191,S001,49.25,0,Tue,25
11192,S003,114.31,8,Sun,30
11193,S002,69.85,3,Fri,58
11194,S002,92.48,8,Wed,21
11195,S002,78.85,3,Fri,31
11196,S003,84.54,4,Sat,20
11197,S004,85.44,8,Mon,55
11198,S003,96.14,2,Sun,65
11199,S001,77.55,5,Thu,48
11200,S004,82.07,4,Wed,67
11201,S002,65.42,9,Mon,60
11202,S001,76.05,6,Mon,46
11203,S001,91.65,11,Tue,33
11204,S002,89.78,4,Sun,55
11205,S004,101.4,5,Sun,28
11206,S004,81.41,4,Fri,32
11207,S003,57.98,6,Sat,48
11208,S003,77.16,5,Sat,38
11209,S002,76.02,5,Sat,63
11210,S001,91.47,9,Sun,21
11211,S002,69.45,6,Fri,60
11212,S001,53.07,2,Mon,69
11213,S002,53.76,4,Thu,50
11214,S002,75.32,6,Sat,41
11215,S002,56.27,5,Mon,32
11216,S002,60.35,3,Wed,58
11217,S003,77.16,7,Wed,40
11218,S002,70.85,1,Sun,67
11219,S001,28.66,5,Sat,35
11220,S001,102.12,4,Fri,19
11221,S001,105.21,2,Sun,36
11222,S002,71.08,2,Tue,39
11223,S003,96.02,2,Wed,59
11224,S004,74.21,5,Fri,64
11225,S004,82.72,3,Fri,56
11226,S001,74.94,9,Mon,45
11227,S003,93.29,6,Thu,61
11228,S004,93.84,4,Sun,21
11229,S001,107.13,4,Thu,47
11230,S003,84.31,6,Wed,43
11231,S001,69.92,1,Sat,62
11232,S003,104.96,2,Sat,55
11233,S002,88.82,2,Mon,60
11234,S003,83.82,9,Wed,39
11235,S001,54.74,5,Thu,57
11236,S001,71.53,4,Sat,33
11237,S002,40.83,4,Fri,40
11238,S001,68.48,8,Fri,68
11239,S004,34.95,7,Sat,37
11240,S004,61.59,4,Sun,40
11241,S004,88.34,6,Sat,35
11242,S003,36.69,5,Mon,52
11243,S002,68.71,5,Thu,58
11244,S004,50.09,4,Thu,18
11245,S004,49.41,3,Sun,66
11246,S001,30.82,6,Tue,53
11247,S001,89.79,4,Thu,68
11248,S004,75.59,1,Mon,63
11249,S003,93.87,7,Tue,57
11250,S003,117.46,7,Tue,19
11251,S003,53.27,5,Wed,49
11252,S003,62.94,6,Wed,45
11253,S004,81.88,7,Tue,29
11254,S001,61.78,5,Wed,55
11255,S004,53.27,6,Sat,28
11256,S003,102.77,4,Mon,20
11257,S002,59.02,4,Thu,44
11258,S002,101.15,7,Mon,44
11259,S004,94.1,4,Sat,59
11260,S004,81.86,7,Tue,28
11261,S001,69.03,3,Thu,43
11262,S003,72.42,2,Sat,38
11263,S004,89.8,4,Wed,34
11264,S001,75.46,2,Sat,40
11265,S001,87.9,6,Tue,50
11266,S004,48.97,5,Tue,39
11267,S002,48.95,8,Sun,67
11268,S003,53.01,7,Sat,50
11269,S004,70.07,4,Wed,60
11270,S001,67.45,4,Thu,40
11271,S004,84.85,8,Sun,67
11272,S002,78.39,9,Sat,41
11273,S002,93.21,10,Mon,56
11274,S001,88.33,7,Wed,29
11275,S003,64.66,2,Mon,52
11276,S004,67.48,9,Tue,47
11277,S004,56.74,8,Thu,61
11278,S003,69.42,4,Thu,19
11279,S001,65.8,8,Sun,19
11280,S002,57.35,9,Fri,63
11281,S003,85.72,1,Thu,32
11282,S001,87.23,5,Sat,50
11283,S003,101.91,4,Sun,33
11284,S001,58.45,2,Sat,35
11285,S003,84.76,6,Fri,65
11286,S004,91.41,4,Sun,66
11287,S002,92.6,8,Thu,65
11288,S001,62.04,8,Thu,39
11289,S001,123.15,3,Sat,62
11290,S001,86.58,10,Wed,26
11291,S004,74.13,3,Wed,59
11292,S001,59.84,7,Fri,52
11293,S004,94.36,3,Wed,58
11294,S004,85.08,5,Fri,18
11295,S004,98.27,5,Sun,64
11296,S003,112.54,7,Wed,47
11297,S001,87.4,9,Sun,67
11298,S002,106.84,3,Sat,60
11299,S004,38.01,1,Sun,18
11300,S003,58.13,2,Sat,24
11301,S003,81.3,6,Tue,27
11302,S004,65.81,6,Sun,36
11303,S001,91.95,3,Mon,56
11304,S004,75.96,5,Thu,36
11305,S002,83.81,4,Fri,41
11306,S002,81.76,7,Thu,56
11307,S003,52.4,1,Mon,50
11308,S004,72.53,3,Thu,24
11309,S001,56.87,2,Thu,49
11310,S004,83.6,12,Sun,54
11311,S003,68.07,10,Thu,25
11312,S004,53.87,5,Mon,25
11313,S001,80.99,5,Tue,56
11314,S004,30.55,6,Mon,43
11315,S002,52.73,8,Tue,44
11316,S004,64.36,8,Fri,42
11317,S001,35.83,6,Sat,39
11318,S001,100.75,3,Sat,69
11319,S001,86.07,6,Thu,34
11320,S004,92.64,2,Tue,47
11321,S004,98.68,3,Sun,67
11322,S003,71.01,1,Wed,62
11323,S003,40.43,8,Sat,67
11324,S003,38.02,8,Wed,23
11325,S004,85.36,2,Mon,60
11326,S003,110.98,4,Sun,49
11327,S003,69.95,6,Fri,49
11328,S002,65.06,6,Sat,36
11329,S004,46.44,3,Tue,23
11330,S002,81.8,5,Sat,34
11331,S001,89.05,2,Thu,55
11332,S002,59.0,7,Thu,19
11333,S004,89.6,4,Tue,41
11334,S004,85.72,4,Wed,59
11335,S003,92.16,7,Mon,52
11336,S001,55.37,4,Wed,62
11337,S002,55.49,10,Sun,28
11338,S004,81.6,2,Thu,19
11339,S004,104.96,9,Thu,64
11340,S001,90.91,3,Fri,49
11341,S003,91.37,4,Tue,56
11342,S003,76.14,4,Sun,20
11343,S002,72.1,4,Sun,34
11344,S003,65.8,7,Thu,24
11345,S001,65.39,7,Tue,24
11346,S001,61.36,2,Wed,58
11347,S004,84.27,4,Sun,21
11348,S001,74.15,4,Sat,58
11349,S002,111.28,3,Sat,58
11350,S004,102.8,3,Sat,69
11351,S001,53.6,7,Thu,31
11352,S004,74.42,6,Wed,54
11353,S001,62.19,10,Mon,43
11354,S003,76.51,5,Thu,67
11355,S002,64.46,2,Tue,19
11356,S002,78.72,4,Mon,62
11357,S002,71.67,10,Mon,64
11358,S002,85.1,6,Sat,18
11359,S003,40.36,2,Thu,68
11360,S004,107.83,5,Tue,37
11361,S002,60.76,3,Sat,21
11362,S002,65.17,5,Fri,42
11363,S001,91.21,7,Tue,34
11364,S004,94.85,6,Mon,38
11365,S002,72.89,3,Tue,62
11366,S002,73.24,7,Tue,21
11367,S004,88.37,4,Fri,36
11368,S004,45.4,5,Mon,61
11369,S003,60.72,6,Fri,25
11370,S002,67.41,5,Sun,50
11371,S004,71.79,3,Wed,65
11372,S004,89.14,6,Sat,53
11373,S002,99.34,8,Tue,18
11374,S004,66.8,6,Sun,51
11375,S003,84.57,7,Wed,18
11376,S003,82.0,4,Fri,23
11377,S002,83.65,6,Mon,66
11378,S004,61.37,1,Wed,49
11379,S003,80.18,4,Fri,63
11380,S002,27.39,7,Mon,26
11381,S004,76.55,5,Sun,32
11382,S004,64.55,9,Fri,55
11383,S001,68.03,2,Tue,66
11384,S003,77.62,4,Sat,28
11385,S004,66.38,4,Wed,54
11386,S004,95.65,6,Fri,52
11387,S003,89.62,3,Sat,56
11388,S003,53.98,6,Tue,63
11389,S002,67.59,2,Tue,32
11390,S001,45.95,8,Tue,25
11391,S001,90.17,5,Thu,36
11392,S002,72.78,3,Fri,59
11393,S004,79.25,5,Mon,36
11394,S004,71.59,4,Wed,66
11395,S003,86.37,5,Sun,45
11396,S001,100.76,9,Tue,68
11397,S004,84.91,5,Mon,58
11398,S001,94.52,6,Mon,18
11399,S004,86.94,3,Sun,37
11400,S002,95.59,7,Mon,19
11401,S003,66.97,7,Sun,67
11402,S003,103.71,8,Sat,30
11403,S001,65.95,5,Sun,45
11404,S004,93.49,7,Mon,18
11405,S003,38.77,2,Thu,58
11406,S004,37.91,5,Sat,63
11407,S004,88.43,5,Sat,66
11408,S002,71.72,5,Thu,21
11409,S004,53.17,5,Wed,36
11410,S002,95.77,2,Fri,44
11411,S004,34.35,5,Wed,28
11412,S001,88.5,6,Tue,25
11413,S002,78.72,6,Fri,31
11414,S001,103.71,1,Thu,19
11415,S004,93.55,5,Tue,64
11416,S003,81.96,4,Sat,53
11417,S001,39.47,7,Thu,35
11418,S002,87.92,7,Sat,61
11419,S004,81.69,3,Sat,63
11420,S001,51.14,7,Fri,31
11421,S003,60.77,6,Fri,44
11422,S002,52.79,6,Wed,27
11423,S003,79.63,1,Tue,26
11424,S004,68.53,5,Mon,61
11425,S001,70.84,6,Tue,46
11426,S001,46.03,6,Sat,32
11427,S002,84.45,5,Wed,33
11428,S003,100.41,3,Sun,66
11429,S004,75.92,6,Wed,21
11430,S003,58.61,0,Sun,23
11431,S001,66.2,5,Sun,54
11432,S002,63.37,8,Sun,19
11433,S003,75.22,7,Tue,27
11434,S001,67.84,4,Thu,48
11435,S001,67.0,6,Wed,39
11436,S001,102.1,4,Tue,27
11437,S003,36.41,5,Fri,53
11438,S003,62.36,4,Mon,49
11439,S001,59.44,3,Sat,23
11440,S001,33.86,4,Sun,30
11441,S004,60.0,3,Thu,54
11442,S003,94.13,3,Thu,63
11443,S002,90.05,7,Thu,31
11444,S002,82.32,4,Sat,28
11445,S003,30.56,4,Fri,64
11446,S003,64.99,6,Wed,30
11447,S001,75.59,4,Mon,58
11448,S002,75.9,4,Thu,46
11449,S004,80.76,4,Mon,53
11450,S004,97.16,5,Fri,25
11451,S001,24.36,9,Wed,32
11452,S003,22.9,5,Fri,21
11453,S001,85.86,7,Wed,23
11454,S002,68.35,5,Wed,64
11455,S001,69.05,7,Mon,29
11456,S001,67.23,4,Tue,66
11457,S001,82.67,4,Sat,29
11458,S003,13.31,3,Mon,43
11459,S002,74.35,7,Wed,65
11460,S004,114.68,7,Wed,18
11461,S002,73.02,1,Thu,28
11462,S001,33.37,3,Tue,34
11463,S002,93.73,7,Mon,60
11464,S003,44.96,7,Sun,50
11465,S004,60.75,5,Mon,23
11466,S004,66.63,4,Fri,47
11467,S004,42.83,7,Wed,41
11468,S001,63.57,5,Mon,65
11469,S003,81.34,3,Fri,29
11470,S001,102.4,5,Thu,59
11471,S001,79.95,6,Mon,56
11472,S003,108.47,5,Sat,24
11473,S001,81.04,2,Sun,46
11474,S004,64.79,7,Wed,30
11475,S004,42.41,5,Sun,21
11476,S003,76.65,4,Thu,27
11477,S004,70.17,6,Tue,19
11478,S001,75.23,5,Thu,50
11479,S004,67.05,8,Fri,28
11480,S003,57.9,4,Fri,29
11481,S002,86.98,3,Wed,52
11482,S002,83.32,7,Thu,52
11483,S001,106.66,7,Thu,30
11484,S002,72.31,7,Thu,45
11485,S004,58.84,8,Fri,27
11486,S003,91.54,5,Wed,60
11487,S004,70.64,3,Sun,36
11488,S003,89.43,10,Sun,41
11489,S003,130.09,5,Wed,51
11490,S003,36.92,5,Mon,50
11491,S004,51.47,6,Tue,26
11492,S001,94.15,4,Sun,59
11493,S003,30.26,7,Sun,63
11494,S001,71.72,12,Tue,41
11495,S002,44.86,2,Mon,52
11496,S002,64.96,9,Thu,63
11497,S002,79.95,2,Mon,27
11498,S002,47.96,2,Thu,63
11499,S003,106.96,6,Fri,32
11500,S003,74.97,3,Sat,55
11501,S001,76.45,7,Thu,33
11502,S003,45.43,7,Fri,49
11503,S004,57.94,9,Fri,36
11504,S004,102.9,3,Wed,32
11505,S004,53.67,6,Fri,56
11506,S002,83.88,9,Mon,42
11507,S001,66.87,4,Fri,34
11508,S004,80.31,10,Fri,35
11509,S002,96.15,5,Wed,51
11510,S003,70.81,4,Sun,18
11511,S001,76.93,1,Sun,42
11512,S001,77.38,4,Sat,61
11513,S004,72.53,7,Thu,68
11514,S003,77.43,1,Sun,44
11515,S001,62.87,4,Fri,46
11516,S001,39.05,5,Mon,20
11517,S004,69.11,4,Mon,28
11518,S001,85.83,2,Mon,51
11519,S004,86.51,2,Fri,27
11520,S003,65.63,4,Sun,39
11521,S003,60.07,9,Mon,44
11522,S002,68.07,5,Fri,69
11523,S001,79.46,11,Thu,31
11524,S001,94.71,8,Thu,56
11525,S001,76.54,4,Mon,65
11526,S002,65.25,3,Tue,27
11527,S002,72.56,3,Wed,40
11528,S002,91.65,4,Sun,69
11529,S002,71.57,3,Mon,57
11530,S002,67.11,9,Thu,19
11531,S004,51.42,3,Tue,44
11532,S001,66.09,4,Sat,37
11533,S002,102.26,8,Fri,19
11534,S004,52.87,2,Thu,26
11535,S001,82.15,4,Thu,18
11536,S002,87.65,8,Thu,59
11537,S002,68.86,5,Sat,31
11538,S003,107.82,1,Sun,49
11539,S003,92.29,6,Sat,36
11540,S001,70.51,6,Fri,40
11541,S004,103.59,2,Sun,54
11542,S001,102.34,7,Sat,45
11543,S004,79.58,4,Thu,39
11544,S003,33.1,7,Mon,32
11545,S001,93.24,5,Sun,39
11546,S001,77.32,7,Sat,66
11547,S004,74.49,5,Sat,67
11548,S002,80.02,5,Sat,58
11549,S003,71.8,2,Sun,62
11550,S002,62.93,4,Sat,41
11551,S002,72.23,3,Fri,30
11552,S003,73.32,6,Thu,23
11553,S003,61.11,4,Mon,19
11554,S004,113.85,7,Wed,47
11555,S002,75.91,7,Mon,63
11556,S001,81.53,6,Wed,33
11557,S001,100.15,4,Tue,46
11558,S003,97.19,8,Tue,44
11559,S002,92.15,4,Fri,63
11560,S003,50.22,3,Wed,41
11561,S003,33.23,8,Wed,27
11562,S001,117.45,8,Tue,26
11563,S002,98.03,2,Mon,37
11564,S002,80.35,6,Sat,40
11565,S004,68.26,4,Mon,20
11566,S004,65.49,5,Fri,44
11567,S002,51.21,5,Wed,54
11568,S001,69.25,2,Sat,49
11569,S004,72.04,6,Wed,67
11570,S002,71.27,4,Fri,33
11571,S003,94.23,8,Sun,46
11572,S001,77.24,3,Sun,31
11573,S004,71.99,3,Thu,59
11574,S003,60.01,2,Wed,42
11575,S004,57.67,5,Wed,26
11576,S003,111.21,5,Sat,35
11577,S002,78.54,5,Tue,23
11578,S001,60.02,5,Sat,20
11579,S003,75.73,1,Sun,31
11580,S002,116.97,6,Thu,58
11581,S003,54.42,4,Thu,34
11582,S003,63.35,4,Sat,42
11583,S004,98.32,4,Sat,38
11584,S002,100.01,9,Fri,28
11585,S003,71.35,3,Sun,35
11586,S004,75.53,4,Tue,43
11587,S004,48.41,4,Fri,69
11588,S004,78.72,3,Sat,55
11589,S001,78.72,7,Mon,27
11590,S002,88.63,4,Mon,38
11591,S001,73.47,5,Tue,42
11592,S001,63.9,6,Tue,36
11593,S001,79.37,6,Thu,68
11594,S003,95.77,5,Tue,38
11595,S004,59.95,4,Wed,65
11596,S002,50.47,4,Tue,29
11597,S003,64.69,5,Sat,25
11598,S004,55.08,1,Wed,69
11599,S001,58.39,10,Fri,33
11600,S002,97.55,5,Thu,68
11601,S003,59.14,6,Mon,55
11602,S003,75.58,3,Thu,35
11603,S003,37.49,5,Mon,60
11604,S004,88.22,3,Wed,46
11605,S003,90.08,3,Mon,18
11606,S004,104.01,6,Thu,43
11607,S002,83.66,6,Fri,22
11608,S002,72.17,4,Sat,37
11609,S002,67.54,7,Sat,34
11610,S002,87.59,3,Thu,24
11611,S003,69.35,5,Wed,29
11612,S001,77.03,3,Mon,26
11613,S003,77.01,4,Fri,22
11614,S004,59.8,5,Thu,24
11615,S003,98.17,6,Sat,40
11616,S002,66.75,5,Mon,25
11617,S003,55.72,4,Sat,24
11618,S004,94.94,10,Tue,69
11619,S004,87.92,4,Sat,30
11620,S003,65.34,4,Thu,48
11621,S003,61.32,8,Sat,64
11622,S004,74.39,5,Fri,62
11623,S004,86.13,4,Fri,63
11624,S002,100.12,5,Wed,31
11625,S004,100.44,4,Sun,63
11626,S002,74.47,6,Thu,54
11627,S003,75.14,4,Mon,18
11628,S004,58.95,5,Wed,58
11629,S001,77.18,3,Sat,23
11630,S004,37.22,5,Tue,41
11631,S002,109.15,5,Wed,29
11632,S002,84.53,7,Mon,61
11633,S001,92.85,4,Wed,66
11634,S004,71.84,9,Fri,37
11635,S004,81.59,2,Sat,23
11636,S004,62.99,9,Thu,22
11637,S001,59.46,0,Mon,19
11638,S003,66.11,6,Wed,53
11639,S004,115.54,2,Fri,69
11640,S003,102.13,3,Sat,36
11641,S002,76.79,12,Fri,65
11642,S001,24.32,4,Fri,64
11643,S004,122.58,5,Sat,24
11644,S003,69.99,1,Thu,53
11645,S004,47.67,3,Wed,62
11646,S001,63.71,0,Sun,23
11647,S001,31.14,2,Thu,27
11648,S004,98.54,6,Tue,47
11649,S002,95.72,8,Sun,45
11650,S004,111.13,5,Fri,49
11651,S004,102.71,5,Sat,64
11652,S004,91.62,7,Mon,52
11653,S003,61.56,1,Mon,21
11654,S002,76.68,9,Thu,39
11655,S001,86.87,2,Mon,67
11656,S002,68.44,4,Mon,21
11657,S004,83.45,3,Sat,32
11658,S004,55.05,3,Sun,59
11659,S004,77.5,4,Sat,66
11660,S004,67.0,4,Wed,47
11661,S002,80.73,7,Wed,65
11662,S001,40.49,3,Tue,18
11663,S004,84.57,3,Fri,49
11664,S003,90.61,4,Tue,63
11665,S001,63.58,8,Tue,59
11666,S002,84.88,6,Mon,32
11667,S002,117.73,5,Fri,41
11668,S003,62.23,2,Fri,61
11669,S001,31.1,4,Thu,58
11670,S002,99.53,2,Wed,34
11671,S004,73.98,3,Mon,32
11672,S004,53.51,8,Sat,28
11673,S004,85.9,3,Sat,58
11674,S001,35.44,5,Tue,36
11675,S003,93.49,3,Wed,28
11676,S001,70.27,3,Sat,69
11677,S001,58.07,5,Sat,58
11678,S002,66.32,2,Mon,50
11679,S004,105.44,6,Fri,33
11680,S001,70.01,7,Tue,64
11681,S004,50.97,3,Thu,18
11682,S003,83.7,3,Tue,63
11683,S002,59.6,7,Wed,37
11684,S003,67.77,6,Mon,49
11685,S004,55.66,6,Wed,27
11686,S001,59.45,6,Mon,43
11687,S004,108.17,3,Fri,47
11688,S004,99.32,10,Thu,59
11689,S004,73.84,6,Wed,40
11690,S001,84.75,7,Sun,46
11691,S002,66.3,4,Sun,50
11692,S001,49.04,7,Tue,58
11693,S001,83.39,4,Thu,67
11694,S003,51.99,8,Sun,22
11695,S001,47.57,5,Mon,39
11696,S004,51.93,5,Wed,29
11697,S004,79.23,6,Fri,60
11698,S004,94.9,4,Mon,69
11699,S004,73.82,6,Thu,68
11700,S002,70.79,5,Mon,32
11701,S002,72.47,6,Thu,45
11702,S003,54.55,8,Fri,51
11703,S003,72.81,7,Sat,41
11704,S001,81.07,5,Tue,21
11705,S001,70.39,6,Mon,63
11706,S003,67.87,4,Sat,23
11707,S002,69.16,4,Sun,61
11708,S004,81.49,3,Sun,22
11709,S003,103.67,2,Mon,22
11710,S002,112.06,6,Fri,65
11711,S002,79.28,7,Sun,38
11712,S003,113.96,7,Mon,62
11713,S002,88.22,1,Sat,69
11714,S004,79.22,5,Sat,26
11715,S002,73.22,6,Fri,27
11716,S001,53.72,5,Tue,49
11717,S001,106.2,5,Sat,36
11718,S002,52.92,1,Thu,66
11719,S001,49.9,6,Thu,56
11720,S003,77.17,2,Sun,65
11721,S001,85.81,1,Thu,24
11722,S002,69.96,3,Mon,60
11723,S001,84.95,7,Sun,65
11724,S003,44.67,3,Sun,52
11725,S002,90.25,4,Sat,43
11726,S001,79.34,7,Sun,31
11727,S002,88.33,7,Fri,31
11728,S001,83.4,3,Tue,63
11729,S002,64.13,4,Sun,46
11730,S001,81.15,1,Thu,42
11731,S004,90.04,6,Sun,41
11732,S004,64.19,3,Sun,67
11733,S003,85.06,4,Wed,61
11734,S003,60.31,4,Wed,36
11735,S003,56.11,5,Thu,62
11736,S003,65.03,6,Fri,24
11737,S003,101.46,9,Sat,60
11738,S001,72.08,3,Thu,34
11739,S001,85.13,5,Sun,54
11740,S004,85.35,3,Sun,46
11741,S001,105.18,5,Thu,46
11742,S001,112.61,6,Thu,18
11743,S003,52.3,7,Sun,33
11744,S003,77.97,4,Sat,49
11745,S002,68.68,5,Fri,54
11746,S002,55.88,4,Sun,20
11747,S004,72.03,9,Tue,55
11748,S002,63.0,4,Sat,51
11749,S003,91.37,4,Wed,34
11750,S001,93.49,3,Thu,33
11751,S004,69.58,3,Sun,36
11752,S004,72.31,6,Tue,46
11753,S001,67.05,10,Mon,58
11754,S004,80.18,8,Tue,50
11755,S002,57.14,7,Sun,39
11756,S004,41.63,4,Thu,69
11757,S003,63.16,7,Thu,30
11758,S003,74.48,6,Thu,61
11759,S002,54.92,8,Sun,34
11760,S002,85.65,7,Sun,26
11761,S002,59.68,7,Wed,20
11762,S001,44.46,4,Sun,27
11763,S004,74.1,5,Tue,37
11764,S004,63.84,4,Thu,41
11765,S004,83.82,6,Wed,39
11766,S002,131.72,4,Wed,31
11767,S001,53.31,5,Fri,68
11768,S003,86.9,5,Tue,69
11769,S001,88.03,6,Wed,18
11770,S002,85.98,1,Mon,54
11771,S004,79.78,5,Fri,43
11772,S001,61.51,1,Tue,39
11773,S003,80.61,9,Sat,53
11774,S002,63.43,4,Sun,34
11775,S004,65.91,10,Thu,32
11776,S002,62.12,6,Tue,43
11777,S003,56.64,5,Mon,61
11778,S002,81.87,8,Mon,58
11779,S004,73.44,1,Tue,44
11780,S001,74.78,5,Mon,29
11781,S001,95.6,6,Fri,61
11782,S003,80.85,5,Wed,24
11783,S004,93.9,5,Wed,22
11784,S002,60.31,2,Thu,51
11785,S001,65.29,6,Sun,44
11786,S004,74.7,6,Mon,39
11787,S002,81.59,7,Fri,67
11788,S003,55.82,7,Sat,61
11789,S002,88.07,6,Sun,47
11790,S002,88.35,3,Sun,18
11791,S004,85.95,6,Fri,67
11792,S003,73.62,9,Thu,40
11793,S001,109.53,7,Wed,33
11794,S004,61.33,6,Thu,62
11795,S001,73.46,8,Fri,20
11796,S002,101.65,6,Wed,57
11797,S001,88.46,7,Fri,28
11798,S004,92.16,6,Thu,34
11799,S004,59.01,9,Fri,32
11800,S004,110.86,7,Sat,29
11801,S001,70.02,5,Sat,26
11802,S003,56.13,4,Sun,33
11803,S003,47.9,3,Sat,20
11804,S003,71.68,5,Wed,45
11805,S002,111.21,4,Mon,19
11806,S004,107.84,9,Sat,25
11807,S004,64.38,5,Mon,52
11808,S003,81.36,6,Fri,37
11809,S001,58.45,8,Fri,55
11810,S004,44.45,11,Sat,31
11811,S003,95.4,5,Sun,49
11812,S001,57.12,2,Sun,61
11813,S003,52.66,3,Fri,42
11814,S002,102.08,3,Thu,45
11815,S001,80.22,9,Mon,47
11816,S002,44.95,2,Fri,42
11817,S004,74.3,9,Sun,49
11818,S001,107.74,1,Sun,55
11819,S003,70.95,7,Sun,33
11820,S004,55.23,5,Tue,33
11821,S002,59.25,6,Thu,60
11822,S001,81.06,3,Sat,65
11823,S002,57.91,7,Mon,23
11824,S001,33.48,5,Sun,27
11825,S001,91.15,4,Sat,29
11826,S002,75.18,2,Tue,62
11827,S001,60.03,9,Sun,44
11828,S002,93.61,6,Tue,30
11829,S002,105.46,6,Fri,55
11830,S002,96.25,5,Fri,35
11831,S002,53.72,4,Tue,58
11832,S003,93.0,3,Wed,63
11833,S002,94.55,1,Tue,42
11834,S002,104.83,2,Fri,24
11835,S004,55.92,6,Fri,40
11836,S001,72.62,6,Fri,46
11837,S004,76.04,6,Tue,68
11838,S002,60.54,2,Mon,59
11839,S004,84.04,3,Tue,39
11840,S001,62.62,9,Tue,59
11841,S002,55.91,4,Thu,50
11842,S003,78.77,4,Wed,41
11843,S001,81.12,6,Mon,24
11844,S004,83.95,5,Sat,19
11845,S001,75.84,4,Thu,64
11846,S004,72.38,4,Wed,46
11847,S004,83.36,4,Sun,55
11848,S003,100.23,10,Fri,30
11849,S002,59.78,5,Wed,34
11850,S003,82.37,4,Tue,60
11851,S003,70.97,4,Sun,49
11852,S003,65.13,11,Sat,62
11853,S001,98.2,3,Mon,54
11854,S003,82.47,2,Wed,58
11855,S004,72.16,4,Fri,46
11856,S001,79.99,11,Sat,52
11857,S004,57.88,5,Tue,64
11858,S004,61.07,5,Mon,38
11859,S004,70.25,6,Sat,47
11860,S002,56.49,2,Mon,65
11861,S002,40.47,1,Tue,46
11862,S002,80.39,9,Tue,69
11863,S004,46.85,7,Tue,41
11864,S001,91.14,11,Thu,22
11865,S004,87.94,2,Fri,31
11866,S004,63.15,2,Wed,40
11867,S003,77.23,4,Tue,46
11868,S001,79.73,3,Wed,28
11869,S002,46.14,4,Wed,66
11870,S004,92.42,9,Tue,43
11871,S003,105.35,5,Mon,63
11872,S001,69.47,6,Sun,65
11873,S003,49.06,0,Wed,66
11874,S004,50.4,7,Fri,61
11875,S003,94.58,3,Thu,22
11876,S003,62.6,10,Sat,32
11877,S001,79.11,9,Fri,60
11878,S003,98.77,6,Tue,39
11879,S002,88.39,0,Sun,23
11880,S001,77.17,3,Fri,26
11881,S001,100.33,6,Thu,35
11882,S002,78.82,8,Sun,54
11883,S002,68.99,3,Thu,40
11884,S004,87.1,6,Sat,28
11885,S001,77.68,4,Tue,30
11886,S003,120.97,6,Wed,37
11887,S002,69.02,6,Sat,28
11888,S004,76.07,6,Sat,19
11889,S004,103.67,2,Mon,38
11890,S002,82.21,8,Tue,65
11891,S004,45.2,4,Tue,69
11892,S002,114.34,4,Mon,52
11893,S003,109.95,3,Tue,43
11894,S004,89.2,3,Thu,29
11895,S003,80.9,4,Sat,32
11896,S001,73.97,3,Fri,19
11897,S003,67.84,6,Fri,43
11898,S004,82.16,4,Wed,27
11899,S001,48.05,7,Sun,62
11900,S001,75.51,4,Wed,48
11901,S004,59.68,5,Tue,59
11902,S002,87.66,4,Tue,48
11903,S001,103.66,6,Fri,31
11904,S004,93.34,9,Thu,28
11905,S004,92.68,7,Tue,36
11906,S001,90.04,5,Tue,60
11907,S002,72.52,6,Sat,52
11908,S004,67.62,2,Sun,69
11909,S001,58.44,5,Wed,44
11910,S001,81.87,4,Sun,41
11911,S003,104.66,8,Fri,41
11912,S004,91.73,8,Fri,43
11913,S004,96.48,4,Fri,59
11914,S004,95.14,4,Tue,18
11915,S001,62.65,5,Sun,58
11916,S004,48.38,2,Sat,36
11917,S003,97.24,6,Thu,59
11918,S004,58.67,2,Sat,68
11919,S001,92.67,5,Wed,42
11920,S002,55.12,6,Mon,55
11921,S001,95.0,3,Wed,37
11922,S002,84.23,7,Mon,66
11923,S003,52.26,3,Fri,69
11924,S003,93.13,6,Sun,61
11925,S003,97.51,5,Mon,24
11926,S002,36.61,4,Wed,34
11927,S002,80.53,6,Mon,18
11928,S002,86.48,3,Thu,40
11929,S001,104.34,4,Tue,62
11930,S004,103.53,5,Thu,18
11931,S004,95.16,3,Fri,64
11932,S001,90.04,6,Wed,34
11933,S003,93.75,3,Thu,64
11934,S003,87.04,1,Wed,59
11935,S004,94.27,4,Fri,48
11936,S004,87.21,5,Sat,34
11937,S001,99.09,7,Fri,33
11938,S001,94.36,9,Mon,62
11939,S004,63.71,6,Mon,60
11940,S001,95.21,4,Wed,18
11941,S004,68.76,5,Wed,60
11942,S003,81.67,6,Sat,42
11943,S001,36.93,2,Sat,55
11944,S001,55.74,6,Thu,55
11945,S003,80.3,5,Sat,62
11946,S004,85.4,3,Fri,34
11947,S001,51.92,6,Mon,52
11948,S001,89.72,8,Thu,69
11949,S002,100.48,2,Mon,32
11950,S004,78.76,5,Mon,55
11951,S001,29.05,12,Sat,35
11952,S001,85.58,3,Tue,26
11953,S003,75.02,5,Fri,25
11954,S004,62.95,5,Sun,48
11955,S004,70.53,5,Sat,40
11956,S004,105.66,4,Tue,55
11957,S001,55.23,7,Fri,41
11958,S004,105.16,3,Thu,54
11959,S003,89.8,6,Mon,39
11960,S002,122.78,6,Sat,23
11961,S002,68.76,7,Mon,38
11962,S001,85.87,1,Sun,30
11963,S004,75.58,4,Thu,69
11964,S003,70.98,6,Sat,23
11965,S004,96.13,5,Fri,50
11966,S002,75.91,4,Fri,50
11967,S003,72.85,4,Mon,38
11968,S004,56.13,5,Mon,63
11969,S002,91.95,2,Thu,44
11970,S003,117.3,6,Wed,23
11971,S003,64.57,7,Sat,45
11972,S004,87.45,2,Mon,50
11973,S003,65.33,6,Fri,58
11974,S002,75.65,3,Sat,31
11975,S003,77.66,3,Mon,59
11976,S002,62.77,4,Wed,60
11977,S004,100.64,8,Sun,56
11978,S004,88.66,2,Mon,57
11979,S002,110.91,4,Sat,60
11980,S003,104.47,8,Fri,54
11981,S004,74.44,4,Sat,34
11982,S002,81.69,6,Fri,63
11983,S003,76.0,5,Sun,27
11984,S002,60.49,3,Tue,37
11985,S004,71.23,6,Fri,52
11986,S002,90.0,4,Sun,19
11987,S003,81.17,8,Mon,57
11988,S003,49.81,2,Sat,62
11989,S003,85.0,2,Wed,22
11990,S004,69.03,4,Fri,40
11991,S001,90.69,2,Fri,46
11992,S004,64.57,8,Fri,35
11993,S002,83.25,0,Mon,23
11994,S004,46.53,8,Fri,58
11995,S003,82.18,9,Sat,22
11996,S001,91.2,5,Fri,33
11997,S003,88.35,5,Wed,61
11998,S004,45.48,5,Fri,26
11999,S003,29.01,8,Fri,34
12000,S001,64.29,6,Wed,41
12001,S001,62.48,5,Sun,51
12002,S004,76.22,2,Sat,55
12003,S001,56.59,8,Wed,23
12004,S002,67.41,5,Sat,33
12005,S004,74.51,8,Sat,34
12006,S002,84.29,4,Fri,56
12007,S004,70.69,3,Mon,34
12008,S003,91.91,3,Wed,60
12009,S001,119.2,3,Sun,31
12010,S003,66.94,6,Tue,36
12011,S003,100.13,7,Wed,68
12012,S003,81.02,6,Tue,45
12013,S001,65.97,3,Tue,18
12014,S004,29.96,2,Sat,42
12015,S001,80.95,5,Mon,49
12016,S001,61.78,6,Sun,37
12017,S002,99.65,6,Sat,32
12018,S002,69.8,1,Tue,46
12019,S001,88.99,7,Mon,65
12020,S004,56.04,7,Sun,34
12021,S001,74.12,8,Sat,59
12022,S001,71.63,5,Mon,28
12023,S004,110.56,6,Fri,63
12024,S002,105.26,6,Mon,39
12025,S002,97.33,5,Wed,39
12026,S003,55.84,4,Mon,36
12027,S001,86.72,5,Mon,63
12028,S001,84.75,4,Sun,66
12029,S002,74.48,7,Sat,67
12030,S002,91.45,9,Fri,25
12031,S003,95.46,7,Mon,29
12032,S001,105.79,5,Mon,45
12033,S002,86.17,3,Tue,68
12034,S004,64.54,5,Fri,59
12035,S001,92.66,7,Fri,61
12036,S002,84.67,3,Fri,59
12037,S004,84.15,5,Tue,35
12038,S003,85.25,4,Sun,24
12039,S001,60.17,4,Sat,43
12040,S004,38.72,4,Fri,24
12041,S003,47.91,3,Mon,22
12042,S004,92.42,6,Thu,44
12043,S002,95.34,7,Sat,42
12044,S001,95.02,5,Sat,49
12045,S002,61.34,5,Tue,39
12046,S002,73.03,6,Wed,31
12047,S002,79.66,10,Mon,52
12048,S004,63.4,1,Sat,69
12049,S004,56.04,6,Thu,19
12050,S004,102.81,5,Tue,41
12051,S004,87.83,12,Sun,29
12052,S004,82.65,8,Fri,47
12053,S003,94.74,7,Wed,46
12054,S001,65.55,4,Tue,53
12055,S002,43.43,4,Mon,21
12056,S002,62.06,15,Thu,48
12057,S003,56.92,4,Wed,49
12058,S004,77.0,5,Thu,37
12059,S004,62.67,0,Sun,38
12060,S001,63.87,8,Sun,66
12061,S002,87.96,5,Thu,32
12062,S002,86.27,5,Sat,30
12063,S004,84.12,5,Thu,68
12064,S001,60.96,5,Fri,53
12065,S001,85.02,3,Sat,41
12066,S003,59.35,7,Thu,29
12067,S002,82.03,6,Wed,68
12068,S003,63.91,5,Wed,55
12069,S004,94.36,4,Thu,57
12070,S003,61.94,2,Wed,59
12071,S001,74.01,5,Sun,26
12072,S004,67.02,7,Tue,63
12073,S003,73.46,3,Fri,27
12074,S004,99.06,8,Sat,41
12075,S002,93.11,1,Tue,55
12076,S002,44.21,6,Sat,69
12077,S002,44.58,3,Fri,31
12078,S001,75.19,5,Wed,30
12079,S001,83.03,9,Sun,64
12080,S002,84.91,4,Thu,47
12081,S002,35.61,6,Sun,18
12082,S001,55.19,5,Mon,68
12083,S004,75.09,5,Fri,62
12084,S004,67.33,3,Tue,59
12085,S002,106.85,5,Thu,69
12086,S002,78.24,4,Sat,19
12087,S003,97.48,3,Wed,46
12088,S001,68.09,5,Sun,60
12089,S004,90.18,4,Fri,44
12090,S001,69.88,5,Thu,65
12091,S002,72.79,4,Mon,66
12092,S003,81.7,5,Tue,52
12093,S001,70.67,12,Fri,19
12094,S004,40.68,3,Mon,25
12095,S001,30.26,5,Tue,54
12096,S001,89.45,2,Wed,62
12097,S003,77.89,5,Mon,34
12098,S003,67.9,4,Wed,27
12099,S004,90.83,4,Tue,61
12100,S003,54.2,4,Thu,47
12101,S004,82.4,8,Sat,40
12102,S001,105.66,2,Sun,63
12103,S004,78.42,4,Mon,39
12104,S001,76.8,6,Wed,44
12105,S004,71.93,5,Fri,30
12106,S003,89.54,3,Sun,62
12107,S003,78.43,7,Mon,63
12108,S003,99.86,6,Mon,65
12109,S004,80.52,9,Sun,55
12110,S004,45.5,2,Wed,45
12111,S004,78.53,5,Sun,64
12112,S002,147.72,9,Sun,61
12113,S004,44.51,4,Wed,63
12114,S004,74.44,3,Tue,36
12115,S003,55.79,7,Thu,45
12116,S001,98.6,8,Thu,37
12117,S004,80.45,7,Mon,41
12118,S003,70.34,4,Sun,43
12119,S003,61.35,7,Thu,53
12120,S002,95.94,4,Tue,40
12121,S004,98.98,3,Wed,22
12122,S004,66.91,3,Sat,41
12123,S001,60.07,2,Fri,28
12124,S003,91.71,7,Thu,62
12125,S002,53.71,6,Mon,69
12126,S003,68.15,4,Sat,60
12127,S002,102.11,1,Fri,48
12128,S002,76.08,4,Thu,19
12129,S002,43.93,6,Wed,29
12130,S002,63.09,4,Sat,42
12131,S001,97.87,2,Sat,26
12132,S002,79.53,3,Thu,29
12133,S004,70.89,6,Sun,52
12134,S001,103.98,6,Thu,25
12135,S001,56.14,4,Fri,41
12136,S003,79.99,8,Sat,31
12137,S001,64.33,7,Mon,63
12138,S003,93.39,7,Mon,19
12139,S001,75.33,4,Tue,68
12140,S004,64.38,5,Tue,19
12141,S001,67.04,2,Thu,44
12142,S001,78.94,4,Mon,57
12143,S001,100.13,10,Sun,57
12144,S003,72.0,7,Sat,53
12145,S004,110.04,2,Wed,58
12146,S001,63.58,5,Wed,28
12147,S003,59.78,7,Sat,24
12148,S001,63.72,8,Tue,45
12149,S002,32.97,8,Thu,54
12150,S003,79.68,4,Sat,19
12151,S004,82.12,6,Sat,32
12152,S002,70.73,5,Mon,65
12153,S003,107.93,6,Sat,41
12154,S001,92.57,5,Mon,24
12155,S004,88.9,8,Sun,69
12156,S003,57.14,6,Sun,38
12157,S001,64.65,7,Fri,47
12158,S003,53.6,3,Sat,34
12159,S001,62.71,4,Mon,59
12160,S003,23.93,5,Sun,39
12161,S004,84.19,4,Mon,65
12162,S004,16.5,3,Wed,63
12163,S002,61.31,4,Thu,19
12164,S003,72.98,7,Thu,38
12165,S003,55.75,6,Wed,31
12166,S004,54.72,4,Fri,27
12167,S003,73.49,9,Wed,63
12168,S001,98.17,9,Thu,58
12169,S002,64.23,5,Sat,64
12170,S001,56.04,2,Sat,61
12171,S002,94.39,3,Mon,44
12172,S003,47.66,6,Thu,29
12173,S004,49.58,2,Thu,57
12174,S001,90.19,4,Sat,26
12175,S001,93.39,6,Fri,21
12176,S003,55.37,3,Sun,20
12177,S001,59.15,9,Thu,55
12178,S002,55.97,6,Mon,40
12179,S001,78.81,4,Thu,28
12180,S003,61.82,3,Wed,26
12181,S003,80.69,3,Thu,26
12182,S001,73.27,10,Wed,32
12183,S002,104.44,3,Fri,69
12184,S003,72.69,5,Thu,56
12185,S004,11.41,3,Tue,45
12186,S002,105.86,8,Mon,41
12187,S001,62.47,9,Thu,48
12188,S004,64.18,9,Tue,44
12189,S004,46.85,6,Wed,53
12190,S003,75.04,6,Sat,40
12191,S001,55.79,10,Sun,48
12192,S002,76.31,5,Thu,28
12193,S002,74.85,4,Sat,51
12194,S002,70.9,6,Tue,44
12195,S003,57.48,3,Thu,67
12196,S003,88.59,3,Fri,46
12197,S003,64.44,5,Sun,32
12198,S004,69.07,3,Wed,44
12199,S002,61.39,3,Sat,37
12200,S003,90.59,2,Thu,57
12201,S004,113.22,7,Sat,37
12202,S004,47.38,6,Tue,35
12203,S004,74.02,4,Mon,46
12204,S004,103.02,8,Wed,31
12205,S004,83.17,3,Tue,28
12206,S002,79.52,0,Sat,34
12207,S004,62.01,1,Wed,21
12208,S003,53.13,2,Tue,46
12209,S001,70.38,5,Sat,44
12210,S001,97.76,4,Fri,22
12211,S002,59.02,2,Sat,30
12212,S002,59.39,6,Thu,68
12213,S001,118.19,3,Wed,48
12214,S002,76.75,4,Fri,52
12215,S002,68.86,3,Sun,50
12216,S003,63.26,6,Sun,21
12217,S003,84.3,4,Tue,59
12218,S004,75.56,5,Fri,42
12219,S003,82.19,3,Mon,30
12220,S002,39.33,4,Thu,27
12221,S003,56.53,2,Tue,62
12222,S003,72.39,9,Tue,40
12223,S003,99.84,6,Mon,50
12224,S002,90.2,2,Thu,66
12225,S003,102.91,4,Thu,30
12226,S004,81.1,2,Wed,45
12227,S003,63.88,7,Sat,19
12228,S002,53.8,3,Sat,31
12229,S002,44.13,8,Thu,55
12230,S003,65.3,4,Fri,34
12231,S002,88.52,7,Tue,39
12232,S003,82.95,3,Wed,24
12233,S004,103.79,7,Mon,61
12234,S001,88.62,6,Sun,31
12235,S001,44.84,7,Mon,30
12236,S002,69.75,8,Sat,27
12237,S001,83.72,7,Thu,48
12238,S004,74.98,4,Sun,33
12239,S004,95.37,5,Sat,36
12240,S003,54.25,9,Sat,65
12241,S002,42.9,3,Wed,38
12242,S002,73.31,8,Mon,66
12243,S002,48.03,4,Tue,50
12244,S003,37.02,0,Sun,33
12245,S004,60.3,6,Thu,68
12246,S004,72.87,2,Mon,53
12247,S002,88.33,4,Thu,39
12248,S003,85.43,6,Sat,66
12249,S001,74.88,1,Sun,59
12250,S002,94.32,6,Sun,53
12251,S001,90.05,7,Mon,63
12252,S003,73.22,8,Sat,60
12253,S001,77.55,4,Thu,67
12254,S002,91.54,1,Mon,50
12255,S001,72.65,9,Sat,68
12256,S002,60.82,6,Mon,23
12257,S001,80.9,3,Wed,28
12258,S001,70.4,3,Mon,51
12259,S001,54.15,4,Sat,21
12260,S001,100.98,4,Tue,46
12261,S002,85.85,5,Thu,20
12262,S001,84.48,5,Thu,37
12263,S001,91.12,4,Mon,27
12264,S004,106.7,5,Tue,32
12265,S001,74.69,5,Sat,49
12266,S004,35.81,3,Mon,18
12267,S002,76.22,3,Thu,30
12268,S001,58.55,6,Sun,22
12269,S001,79.11,7,Tue,18
12270,S002,68.31,8,Wed,20
12271,S001,60.6,5,Thu,37
12272,S004,54.7,4,Mon,42
12273,S004,100.14,2,Tue,42
12274,S003,109.66,4,Sat,56
12275,S001,129.14,2,Sat,24
12276,S003,85.67,2,Sat,36
12277,S001,34.71,6,Sun,63
12278,S004,102.7,8,Mon,60
12279,S001,57.82,6,Tue,69
12280,S002,88.2,2,Tue,58
12281,S003,66.56,9,Fri,28
12282,S001,74.79,7,Thu,26
12283,S004,62.08,11,Mon,33
12284,S004,94.12,3,Sat,55
12285,S001,86.58,2,Sun,32
12286,S004,76.24,9,Mon,48
12287,S001,81.45,7,Thu,58
12288,S004,96.37,6,Mon,28
12289,S001,49.76,0,Fri,64
12290,S001,70.31,10,Tue,40
12291,S004,70.16,6,Tue,47
12292,S003,48.24,6,Sun,69
12293,S002,94.08,3,Sat,20
12294,S002,85.75,5,Mon,68
12295,S003,71.29,1,Thu,31
12296,S002,58.69,4,Sun,31
12297,S002,99.86,2,Thu,45
12298,S004,39.11,3,Sun,69
12299,S003,73.16,3,Thu,45
12300,S002,46.13,3,Wed,60
12301,S001,77.85,5,Wed,19
12302,S002,75.58,6,Thu,46
12303,S002,60.03,6,Sat,47
12304,S001,54.94,4,Sat,21
12305,S004,89.38,6,Tue,59
12306,S003,55.71,5,Fri,38
12307,S004,97.98,4,Wed,64
12308,S001,89.08,5,Wed,27
12309,S003,95.21,1,Tue,18
12310,S004,48.96,3,Thu,57
12311,S001,109.21,6,Fri,69
12312,S003,69.73,7,Wed,57
12313,S004,47.83,4,Fri,61
12314,S001,44.92,3,Fri,47
12315,S001,54.46,2,Thu,27
12316,S001,62.57,6,Wed,26
12317,S003,78.67,5,Tue,49
12318,S004,67.27,3,Sat,41
12319,S003,83.14,6,Wed,23
12320,S003,84.41,6,Sun,20
12321,S002,66.53,9,Tue,33
12322,S002,71.4,3,Wed,48
12323,S001,90.06,9,Wed,64
12324,S004,92.72,4,Fri,36
12325,S001,80.4,9,Thu,50
12326,S001,103.24,6,Fri,29
12327,S001,122.44,8,Tue,35
12328,S001,56.62,6,Sun,29
12329,S002,56.38,7,Sat,47
12330,S001,81.06,4,Sat,69
12331,S002,94.81,6,Sat,33
12332,S004,99.58,6,Tue,58
12333,S002,83.18,10,Fri,47
12334,S001,58.3,2,Fri,69
12335,S003,85.84,3,Sat,49
12336,S004,63.93,3,Mon,65
12337,S002,77.06,4,Mon,56
12338,S002,82.28,4,Tue,62
12339,S003,16.73,3,Fri,69
12340,S002,51.05,9,Sat,67
12341,S003,109.54,7,Tue,49
12342,S001,96.1,6,Mon,18
12343,S001,94.91,2,Sun,38
12344,S001,46.04,3,Fri,58
12345,S002,31.0,5,Tue,29
12346,S003,84.49,6,Fri,59
12347,S004,68.97,5,Sat,34
12348,S003,126.86,6,Mon,27
12349,S002,78.57,4,Tue,18
12350,S003,56.92,7,Thu,59
12351,S002,89.44,9,Sun,47
12352,S002,85.96,7,Tue,65
12353,S002,91.18,5,Fri,44
12354,S004,80.65,10,Sat,69
12355,S001,107.6,3,Thu,38
12356,S004,56.42,4,Thu,57
12357,S003,90.52,3,Tue,55
12358,S003,110.75,5,Thu,67
12359,S004,40.5,2,Mon,63
12360,S004,22.96,3,Wed,36
12361,S002,85.23,7,Thu,20
12362,S001,139.99,5,Sun,28
12363,S002,64.62,3,Thu,66
12364,S002,54.15,2,Mon,22
12365,S002,75.65,5,Mon,27
12366,S003,83.58,7,Sun,35
12367,S004,92.97,6,Thu,29
12368,S003,101.7,3,Thu,18
12369,S001,81.24,8,Tue,57
12370,S002,67.13,7,Fri,19
12371,S002,116.26,4,Wed,64
12372,S003,46.39,1,Sat,29
12373,S004,48.68,4,Sun,24
12374,S002,74.52,4,Tue,36
12375,S001,60.41,2,Sat,34
12376,S001,67.69,2,Mon,63
12377,S004,103.06,4,Mon,39
12378,S001,77.51,3,Sat,56
12379,S002,73.27,6,Mon,65
12380,S003,108.4,7,Mon,18
12381,S003,87.29,8,Mon,46
12382,S002,118.03,4,Mon,44
12383,S002,73.28,2,Mon,54
12384,S003,86.64,6,Thu,61
12385,S004,49.79,3,Wed,19
12386,S004,75.73,4,Thu,33
12387,S001,77.19,5,Tue,43
12388,S001,53.93,0,Wed,43
12389,S001,82.21,4,Sun,58
12390,S004,55.08,2,Wed,48
12391,S001,46.37,6,Thu,51
12392,S004,90.59,5,Fri,38
12393,S004,77.92,5,Tue,59
12394,S002,71.74,5,Wed,56
12395,S001,81.22,2,Tue,60
12396,S003,102.38,3,Wed,45
12397,S004,86.55,3,Fri,55
12398,S003,66.33,8,Sat,66
12399,S003,97.35,5,Fri,43
12400,S003,69.57,5,Tue,60
12401,S001,72.93,3,Tue,53
12402,S003,69.49,7,Fri,39
12403,S001,93.14,1,Wed,25
12404,S001,74.43,5,Sun,19
12405,S002,71.4,7,Thu,30
12406,S003,71.7,9,Sun,32
12407,S001,63.28,2,Sun,47
12408,S001,65.8,6,Sun,29
12409,S003,73.79,3,Thu,30
12410,S003,106.53,6,Wed,34
12411,S004,53.43,6,Tue,53
12412,S003,94.13,4,Fri,52
12413,S004,93.91,3,Wed,48
12414,S003,90.53,10,Mon,31
12415,S002,84.81,6,Mon,18
12416,S004,69.87,3,Sun,23
12417,S001,54.97,1,Fri,54
12418,S001,82.21,5,Thu,41
12419,S003,60.24,6,Sat,40
12420,S004,79.21,6,Wed,24
12421,S001,69.55,5,Thu,53
12422,S001,45.67,4,Wed,56
12423,S002,33.86,2,Tue,56
12424,S002,97.21,6,Wed,67
12425,S004,82.5,3,Wed,24
12426,S001,57.38,3,Mon,67
12427,S002,73.78,7,Fri,25
12428,S003,51.13,5,Thu,55
12429,S004,75.26,5,Fri,66
12430,S002,85.86,4,Sun,19
12431,S002,88.15,5,Wed,34
12432,S003,62.24,3,Fri,50
12433,S004,88.65,7,Mon,37
12434,S003,79.11,4,Sun,56
12435,S004,65.49,4,Mon,67
12436,S002,128.7,5,Tue,25
12437,S004,94.82,6,Sun,58
12438,S004,83.45,4,Sat,46
12439,S002,55.93,6,Tue,50
12440,S004,46.37,5,Sat,43
12441,S002,83.57,9,Fri,46
12442,S002,47.64,10,Tue,25
12443,S004,73.08,1,Wed,24
12444,S004,85.88,7,Sat,25
12445,S003,96.62,1,Sat,49
12446,S001,74.17,5,Sun,24
12447,S004,126.38,2,Mon,27
12448,S001,68.54,2,Thu,66
12449,S003,83.48,4,Thu,18
12450,S002,103.68,5,Wed,42
12451,S002,66.77,2,Fri,57
12452,S004,75.02,4,Tue,59
12453,S001,81.79,5,Mon,68
12454,S004,60.93,5,Mon,39
12455,S001,75.74,7,Fri,50
12456,S002,114.93,5,Thu,20
12457,S003,54.61,5,Thu,56
12458,S004,79.82,4,Thu,23
12459,S003,61.71,7,Tue,19
12460,S003,35.33,4,Wed,42
12461,S002,117.57,7,Mon,64
12462,S002,69.37,4,Mon,30
12463,S002,87.4,5,Sun,21
12464,S002,24.41,8,Sat,68
12465,S001,80.57,6,Sun,18
12466,S003,29.82,8,Thu,18
12467,S004,105.06,3,Wed,56
12468,S001,61.42,4,Sat,24
12469,S004,90.89,7,Mon,42
12470,S002,86.19,4,Mon,56
12471,S004,66.69,3,Sat,49
12472,S001,76.74,3,Fri,40
12473,S001,51.54,4,Wed,35
12474,S004,53.07,8,Tue,42
12475,S004,84.34,5,Thu,21
12476,S001,81.96,4,Wed,36
12477,S003,86.83,5,Sat,43
12478,S002,72.58,5,Sun,42
12479,S002,35.21,9,Thu,68
12480,S003,76.53,3,Fri,25
12481,S003,76.66,5,Mon,52
12482,S003,44.02,4,Fri,20
12483,S004,84.93,9,Mon,25
12484,S003,88.93,6,Sun,66
12485,S002,62.77,5,Fri,67
12486,S003,35.85,5,Thu,33
12487,S002,94.35,7,Thu,42
12488,S003,90.08,2,Sat,34
12489,S002,124.13,7,Fri,63
12490,S001,74.5,4,Wed,18
12491,S001,44.73,8,Mon,47
12492,S004,99.44,10,Tue,19
12493,S003,59.62,7,Thu,39
12494,S003,70.74,6,Wed,59
12495,S002,50.55,3,Mon,25
12496,S002,64.26,7,Sat,33
12497,S001,54.45,7,Sun,23
12498,S002,98.51,7,Tue,62
12499,S003,76.17,6,Wed,35
12500,S002,50.25,5,Mon,31
12501,S001,84.6,4,Sat,69
12502,S004,58.02,5,Fri,37
12503,S004,62.91,3,Mon,61
12504,S001,97.61,2,Mon,32
12505,S001,68.53,6,Sat,58
12506,S002,61.7,6,Sat,30
12507,S004,94.08,2,Thu,51
12508,S004,68.13,5,Tue,36
12509,S001,64.09,3,Sat,47
12510,S003,100.86,2,Tue,20
12511,S003,88.17,7,Mon,25
12512,S001,68.27,4,Sun,26
12513,S002,77.44,4,Thu,56
12514,S003,43.93,4,Sat,18
12515,S001,40.61,4,Sat,43
12516,S002,54.32,3,Sat,24
12517,S001,81.0,5,Sun,41
12518,S004,91.09,6,Wed,40
12519,S001,84.92,5,Fri,24
12520,S002,61.63,4,Fri,19
12521,S002,44.98,5,Fri,20
12522,S002,99.64,5,Fri,63
12523,S002,82.29,6,Wed,53
12524,S003,84.12,6,Sun,23
12525,S004,60.06,7,Tue,34
12526,S004,72.87,6,Sun,58
12527,S001,52.47,4,Wed,31
12528,S002,80.3,7,Sat,24
12529,S002,67.35,1,Thu,37
12530,S001,58.83,3,Mon,43
12531,S001,75.92,4,Thu,20
12532,S002,103.25,8,Mon,36
12533,S004,78.03,6,Sun,61
12534,S003,106.14,4,Fri,69
12535,S004,101.48,4,Sat,50
12536,S002,44.26,5,Thu,18
12537,S004,69.7,4,Tue,46
12538,S003,43.28,6,Fri,22
12539,S003,75.64,7,Wed,31
12540,S002,56.65,4,Fri,37
12541,S004,58.51,8,Thu,67
12542,S002,70.03,6,Tue,51
12543,S004,77.51,3,Tue,52
12544,S003,63.28,1,Tue,67
12545,S004,35.11,5,Tue,57
12546,S002,75.37,3,Thu,59
12547,S001,39.8,8,Sun,51
12548,S002,81.65,6,Thu,53
12549,S002,46.53,6,Sat,36
12550,S002,73.46,7,Sun,64
12551,S002,62.1,6,Mon,66
12552,S001,98.57,8,Fri,42
12553,S003,58.92,3,Sat,18
12554,S001,86.64,6,Thu,51
12555,S001,46.29,4,Fri,49
12556,S002,77.34,4,Sun,34
12557,S002,58.62,4,Wed,64
12558,S004,50.07,6,Wed,54
12559,S002,87.94,6,Mon,56
12560,S001,94.5,6,Mon,59
12561,S002,99.49,7,Sun,61
12562,S002,69.56,7,Sat,48
12563,S001,73.17,5,Sun,25
12564,S004,62.72,3,Tue,26
12565,S003,129.72,4,Wed,61
12566,S001,87.64,7,Sun,38
12567,S002,66.06,8,Thu,41
12568,S004,76.34,9,Fri,53
12569,S003,74.69,8,Fri,67
12570,S002,103.0,5,Sun,63
12571,S001,91.33,7,Fri,21
12572,S003,80.86,8,Wed,26
12573,S002,62.84,5,Tue,39
12574,S001,56.62,7,Wed,53
12575,S002,72.51,5,Tue,65
12576,S002,122.79,1,Sun,64
12577,S001,25.44,6,Mon,43
12578,S003,86.95,9,Thu,32
12579,S003,46.43,9,Sat,33
12580,S004,83.31,5,Thu,52
12581,S003,66.09,4,Tue,64
12582,S001,82.79,6,Wed,39
12583,S001,79.09,11,Sat,49
12584,S001,77.39,9,Fri,39
12585,S004,73.55,4,Wed,54
12586,S002,73.22,5,Thu,68
12587,S004,79.86,5,Sun,59
12588,S001,87.58,7,Thu,61
12589,S003,57.53,3,Wed,62
12590,S002,78.1,7,Fri,32
12591,S002,59.0,3,Mon,38
12592,S004,47.11,6,Fri,57
12593,S004,86.98,4,Mon,63
12594,S003,51.53,3,Sun,46
12595,S004,125.99,5,Mon,24
12596,S003,59.82,3,Wed,47
12597,S003,78.88,6,Wed,36
12598,S002,66.14,10,Sun,39
12599,S003,46.69,10,Thu,38
12600,S003,36.06,5,Sat,20
12601,S001,81.9,2,Sat,49
12602,S002,86.92,8,Wed,47
12603,S002,97.71,5,Wed,30
12604,S003,91.52,5,Wed,59
12605,S003,63.68,7,Fri,49
12606,S001,114.8,7,Fri,46
12607,S004,102.6,4,Fri,34
12608,S002,39.33,3,Mon,19
12609,S002,92.28,5,Sat,54
12610,S001,27.19,9,Thu,45
12611,S003,87.33,4,Fri,56
12612,S002,53.91,6,Sat,61
12613,S001,87.73,5,Sun,20
12614,S003,61.44,8,Sat,30
12615,S002,86.13,6,Fri,37
12616,S001,89.73,2,Sat,68
12617,S004,37.22,2,Wed,69
12618,S004,75.43,6,Sat,59
12619,S001,59.35,2,Thu,62
12620,S003,70.88,2,Wed,62
12621,S004,82.53,6,Wed,53
12622,S002,104.41,7,Wed,27
12623,S001,83.08,6,Fri,28
12624,S003,88.49,5,Fri,38
12625,S001,62.94,3,Mon,62
12626,S003,100.44,4,Sat,51
12627,S001,60.22,2,Sun,23
12628,S002,26.55,6,Wed,31
12629,S002,50.75,5,Mon,57
12630,S003,121.44,4,Sat,25
12631,S001,65.79,7,Thu,31
12632,S004,137.71,3,Wed,67
12633,S003,80.59,5,Fri,25
12634,S003,64.01,6,Sat,60
12635,S003,96.03,6,Wed,59
12636,S001,77.03,3,Sun,27
12637,S004,81.06,4,Mon,30
12638,S003,89.44,4,Thu,31
12639,S004,80.92,7,Thu,41
12640,S004,87.24,6,Sun,46
12641,S001,28.06,9,Wed,27
12642,S003,51.67,6,Thu,54
12643,S003,58.7,5,Sat,63
12644,S004,65.82,5,Thu,26
12645,S002,101.78,4,Fri,24
12646,S002,74.83,3,Wed,43
12647,S003,76.24,1,Sun,23
12648,S002,99.8,8,Sat,64
12649,S003,51.8,1,Tue,55
12650,S004,75.4,4,Wed,61
12651,S004,106.89,3,Sun,24
12652,S002,45.09,4,Thu,63
12653,S003,76.66,7,Tue,37
12654,S002,79.94,3,Tue,54
12655,S001,36.76,4,Thu,58
12656,S003,72.69,8,Sat,67
12657,S004,66.55,8,Thu,27
12658,S003,91.2,7,Fri,64
12659,S001,76.45,7,Wed,50
12660,S004,92.58,4,Fri,67
12661,S001,88.08,9,Wed,35
12662,S004,61.34,5,Tue,45
12663,S001,66.5,9,Mon,25
12664,S001,82.88,3,Mon,20
12665,S001,61.69,4,Sat,29
12666,S002,76.47,2,Tue,32
12667,S002,84.97,5,Sat,34
12668,S002,100.55,5,Thu,61
12669,S004,70.45,4,Sun,55
12670,S002,40.91,6,Thu,43
12671,S002,55.74,6,Wed,51
12672,S004,122.01,4,Mon,44
12673,S001,56.83,7,Wed,44
12674,S003,72.26,7,Thu,54
12675,S002,85.0,5,Tue,63
12676,S003,25.98,8,Mon,68
12677,S001,71.85,6,Wed,38
12678,S003,50.73,14,Thu,26
12679,S001,89.11,5,Fri,38
12680,S003,58.52,2,Wed,44
12681,S004,93.77,3,Thu,51
12682,S004,75.44,3,Sun,68
12683,S003,86.69,6,Mon,32
12684,S004,110.23,6,Sun,22
12685,S001,59.88,9,Wed,53
12686,S001,73.06,2,Fri,37
12687,S002,116.01,5,Mon,56
12688,S001,61.96,4,Fri,49
12689,S002,64.5,7,Fri,42
12690,S002,57.37,5,Wed,63
12691,S001,70.69,4,Wed,50
12692,S004,44.54,8,Tue,50
12693,S003,77.35,5,Thu,26
12694,S004,92.97,4,Fri,24
12695,S002,43.1,7,Sun,67
12696,S002,40.21,2,Sat,19
12697,S002,66.46,6,Mon,63
12698,S001,79.94,3,Fri,41
12699,S001,61.25,3,Sun,69
12700,S003,57.6,8,Thu,65
12701,S004,67.61,3,Wed,47
12702,S004,54.4,5,Sun,56
12703,S002,83.05,2,Thu,35
12704,S003,65.45,4,Sat,29
12705,S001,58.72,6,Mon,53
12706,S002,104.79,8,Tue,42
12707,S004,88.7,3,Sun,61
12708,S001,61.63,3,Thu,65
12709,S004,85.31,6,Mon,38
12710,S002,73.33,4,Wed,39
12711,S001,71.81,4,Mon,35
12712,S001,56.43,7,Sun,31
12713,S003,107.69,4,Sat,60
12714,S003,64.2,6,Tue,58
12715,S001,95.35,8,Thu,51
12716,S002,80.25,4,Sun,32
12717,S003,66.25,3,Sat,32
12718,S002,100.94,7,Sun,36
12719,S001,94.5,3,Mon,66
12720,S004,94.41,8,Tue,44
12721,S003,87.89,3,Sat,35
12722,S004,91.33,5,Mon,67
12723,S001,97.17,3,Mon,39
12724,S002,72.7,4,Fri,19
12725,S003,73.06,1,Tue,58
12726,S003,41.19,5,Sat,41
12727,S002,101.45,6,Sun,30
12728,S001,59.51,5,Wed,46
12729,S002,30.58,9,Mon,43
12730,S001,97.72,3,Sat,57
12731,S001,48.31,7,Wed,57
12732,S002,84.52,6,Thu,34
12733,S001,55.65,1,Mon,68
12734,S003,65.74,3,Sun,64
12735,S003,76.39,5,Sun,66
12736,S003,101.78,4,Fri,38
12737,S003,72.23,3,Sun,68
12738,S004,48.36,7,Tue,48
12739,S003,87.81,9,Thu,49
12740,S003,99.68,5,Tue,62
12741,S003,61.26,2,Sat,33
12742,S003,65.48,8,Sat,55
12743,S004,36.06,4,Fri,67
12744,S001,49.23,6,Sat,48
12745,S003,99.17,6,Tue,64
12746,S003,64.38,3,Sat,38
12747,S001,48.54,6,Sat,61
12748,S001,59.46,5,Sat,62
12749,S001,74.26,2,Wed,37
12750,S001,83.32,8,Fri,51
12751,S004,82.63,5,Thu,32
12752,S004,96.69,4,Mon,25
12753,S001,143.24,3,Sat,28
12754,S001,109.69,3,Sun,49
12755,S002,73.05,3,Mon,42
12756,S004,69.48,1,Wed,55
12757,S002,58.28,7,Sat,19
12758,S001,77.71,1,Tue,61
12759,S004,89.64,6,Mon,67
12760,S004,67.71,5,Sat,52
12761,S004,81.42,3,Wed,32
12762,S001,80.57,9,Fri,55
12763,S003,90.86,6,Wed,32
12764,S003,63.98,3,Wed,43
12765,S004,66.27,3,Wed,19
12766,S004,50.31,5,Sat,28
12767,S004,82.06,6,Fri,69
12768,S004,72.48,2,Sun,37
12769,S001,114.45,2,Sat,41
12770,S003,105.14,1,Sun,21
12771,S004,96.49,4,Mon,27
12772,S003,90.02,5,Thu,68
12773,S001,86.45,7,Mon,29
12774,S003,75.92,3,Wed,27
12775,S002,87.5,4,Fri,25
12776,S004,109.29,1,Sat,61
12777,S002,93.1,7,Fri,63
12778,S003,71.09,5,Sat,60
12779,S002,75.32,6,Tue,31
12780,S001,65.71,8,Sun,56
12781,S001,51.63,2,Fri,47
12782,S001,30.45,9,Mon,55
12783,S001,91.27,5,Sat,18
12784,S002,64.05,3,Mon,37
12785,S004,97.58,4,Fri,36
12786,S001,83.54,8,Tue,59
12787,S003,66.31,3,Mon,62
12788,S001,86.93,6,Thu,21
12789,S002,63.58,3,Mon,51
12790,S003,77.08,6,Sun,69
12791,S003,70.22,8,Tue,22
12792,S003,67.13,7,Sat,30
12793,S002,121.07,7,Fri,44
12794,S004,55.99,7,Tue,68
12795,S003,62.06,7,Tue,22
12796,S004,53.92,5,Tue,54
12797,S001,75.67,6,Fri,40
12798,S001,59.38,4,Tue,67
12799,S004,94.38,2,Wed,65
12800,S002,113.06,4,Wed,43
12801,S004,80.05,6,Wed,38
12802,S002,78.68,1,Sun,61
12803,S001,70.21,7,Sat,60
12804,S001,64.52,9,Wed,55
12805,S003,51.93,8,Sat,37
12806,S001,84.28,3,Sun,41
12807,S001,84.7,4,Sat,45
12808,S004,117.12,7,Tue,31
12809,S004,43.23,4,Wed,69
12810,S001,88.55,8,Thu,34
12811,S003,93.2,3,Sat,42
12812,S003,84.35,4,Mon,39
12813,S002,63.5,3,Fri,47
12814,S003,92.53,4,Mon,46
12815,S001,89.89,5,Mon,38
12816,S002,75.81,8,Sun,27
12817,S001,29.62,4,Thu,46
12818,S001,89.18,6,Fri,39
12819,S004,79.17,6,Fri,31
12820,S001,42.08,8,Tue,50
12821,S001,50.63,6,Wed,55
12822,S002,58.69,5,Fri,27
12823,S002,69.39,5,Fri,69
12824,S003,79.77,13,Thu,28
12825,S003,90.56,1,Thu,51
12826,S004,89.54,8,Wed,41
12827,S001,47.88,2,Fri,41
12828,S002,100.42,3,Tue,68
12829,S004,72.21,3,Tue,34
12830,S002,67.25,4,Mon,69
12831,S004,46.65,3,Sun,20
12832,S001,81.8,5,Tue,46
12833,S001,57.34,3,Sun,22
12834,S004,36.15,5,Mon,57
12835,S004,103.21,4,Wed,38
12836,S003,83.4,5,Tue,66
12837,S001,81.49,7,Thu,42
12838,S002,75.06,6,Sat,24
12839,S003,66.79,1,Sun,68
12840,S003,71.77,8,Mon,41
12841,S004,67.21,4,Sun,41
12842,S002,86.85,6,Tue,61
12843,S003,76.54,2,Wed,51
12844,S004,80.18,5,Thu,64
12845,S004,59.77,2,Wed,48
12846,S003,65.36,7,Tue,30
12847,S002,82.75,3,Sun,41
12848,S003,38.86,5,Sun,39
12849,S004,87.9,6,Sat,45
12850,S003,65.02,9,Thu,49
12851,S002,80.98,2,Sun,26
12852,S001,90.22,4,Tue,50
12853,S004,80.36,3,Mon,48
12854,S002,114.99,4,Thu,38
12855,S003,82.28,7,Fri,52
12856,S003,69.81,7,Sat,20
12857,S002,52.74,9,Thu,54
12858,S004,58.56,5,Wed,25
12859,S002,98.78,8,Thu,26
12860,S002,71.12,4,Thu,31
12861,S002,40.65,9,Mon,27
12862,S002,79.04,11,Mon,46
12863,S003,63.34,3,Tue,19
12864,S002,85.71,6,Mon,32
12865,S001,45.11,3,Sun,26
12866,S004,94.73,3,Tue,68
12867,S002,57.57,4,Tue,34
12868,S001,56.24,9,Thu,25
12869,S003,82.79,6,Thu,38
12870,S002,88.35,5,Mon,42
12871,S002,115.73,3,Tue,65
12872,S001,93.43,6,Fri,58
12873,S002,33.02,5,Thu,45
12874,S001,54.67,6,Mon,20
12875,S001,115.32,10,Tue,52
12876,S004,83.49,5,Mon,26
12877,S002,47.7,8,Fri,18
12878,S002,91.36,5,Mon,29
12879,S004,77.82,9,Thu,67
12880,S001,59.01,1,Wed,25
12881,S002,69.65,0,Sat,40
12882,S001,90.28,2,Sun,20
12883,S003,68.25,7,Wed,67
12884,S004,79.86,6,Thu,33
12885,S004,70.74,5,Tue,67
12886,S001,65.52,8,Wed,40
12887,S003,108.32,6,Thu,63
12888,S001,106.38,5,Fri,50
12889,S003,78.68,7,Fri,30
12890,S001,84.28,4,Thu,69
12891,S003,64.15,2,Sat,51
12892,S001,104.5,6,Thu,57
12893,S003,47.79,4,Thu,64
12894,S002,62.76,7,Tue,46
12895,S003,49.27,6,Thu,51
12896,S004,89.35,7,Mon,21
12897,S004,58.59,6,Sat,54
12898,S003,58.67,8,Sun,19
12899,S003,52.6,3,Sat,29
12900,S004,71.86,4,Fri,22
12901,S004,84.41,3,Mon,22
12902,S001,60.87,6,Wed,32
12903,S004,83.55,5,Sat,65
12904,S002,68.05,7,Sun,37
12905,S002,60.65,5,Tue,41
12906,S004,99.66,7,Mon,49
12907,S001,77.6,6,Tue,62
12908,S003,56.78,7,Sun,23
12909,S001,72.68,5,Mon,57
12910,S003,72.99,5,Wed,68
12911,S004,77.95,8,Wed,38
12912,S002,74.47,3,Thu,48
12913,S004,72.73,3,Mon,39
12914,S002,62.33,5,Wed,69
12915,S001,95.73,4,Mon,67
12916,S001,99.04,5,Mon,21
12917,S004,80.81,3,Thu,68
12918,S001,92.74,4,Fri,38
12919,S001,48.58,3,Tue,46
12920,S004,49.73,2,Tue,56
12921,S003,68.04,5,Fri,57
12922,S001,127.63,5,Sat,61
12923,S003,73.44,3,Sun,59
12924,S001,74.93,3,Wed,42
12925,S003,61.48,4,Sun,61
12926,S004,70.12,3,Sat,58
12927,S003,91.36,9,Thu,48
12928,S001,104.21,4,Sat,56
12929,S001,43.64,7,Thu,41
12930,S004,72.32,5,Sat,67
12931,S004,71.74,6,Tue,37
12932,S002,106.5,3,Mon,59
12933,S001,77.17,3,Fri,39
12934,S004,103.08,6,Sun,66
12935,S001,42.32,2,Wed,48
12936,S003,75.36,3,Tue,32
12937,S004,95.34,4,Thu,22
12938,S003,41.1,7,Mon,25
12939,S001,76.51,6,Mon,58
12940,S003,103.84,8,Mon,64
12941,S004,80.11,4,Tue,53
12942,S004,61.81,4,Tue,64
12943,S002,69.9,7,Sun,34
12944,S003,56.12,4,Mon,36
12945,S004,37.73,11,Fri,31
12946,S003,81.16,9,Fri,56
12947,S004,83.66,8,Sun,59
12948,S002,59.13,6,Fri,60
12949,S002,70.21,3,Mon,59
12950,S002,83.91,6,Fri,29
12951,S001,52.82,7,Wed,63
12952,S003,88.67,6,Tue,27
12953,S004,72.69,5,Wed,53
12954,S002,46.4,5,Fri,47
12955,S004,26.39,2,Fri,19
12956,S001,65.82,6,Sun,40
12957,S002,55.47,5,Mon,56
12958,S004,51.95,4,Mon,54
12959,S002,52.77,3,Fri,41
12960,S004,62.55,4,Tue,52
12961,S004,67.12,6,Mon,60
12962,S002,51.26,5,Fri,64
12963,S002,82.08,8,Mon,53
12964,S001,91.43,3,Fri,69
12965,S001,85.25,6,Sat,41
12966,S004,74.8,2,Wed,49
12967,S002,90.06,3,Wed,65
12968,S002,84.46,7,Sun,26
12969,S002,100.71,4,Sun,23
12970,S003,44.63,5,Tue,24
12971,S002,89.69,5,Mon,26
12972,S002,71.31,5,Tue,22
12973,S004,60.57,5,Wed,37
12974,S004,101.58,3,Mon,61
12975,S003,97.53,4,Tue,44
12976,S004,60.03,3,Mon,67
12977,S003,69.73,7,Wed,59
12978,S002,75.43,9,Wed,63
12979,S003,56.25,4,Tue,67
12980,S003,60.51,6,Fri,19
12981,S003,74.17,3,Mon,47
12982,S004,75.99,2,Wed,20
12983,S001,60.08,6,Fri,48
12984,S003,97.44,2,Tue,21
12985,S001,64.69,4,Sun,66
12986,S001,65.45,4,Sat,52
12987,S001,106.61,6,Fri,65
12988,S001,91.08,5,Thu,49
12989,S004,119.9,4,Thu,53
12990,S001,109.67,3,Thu,26
12991,S003,26.93,2,Tue,32
12992,S003,69.18,7,Fri,41
12993,S004,96.24,6,Fri,47
12994,S004,94.54,3,Wed,42
12995,S003,80.26,2,Sun,27
12996,S003,85.48,8,Mon,64
12997,S003,64.29,8,Sun,67
12998,S003,84.74,5,Tue,49
12999,S001,26.46,3,Fri,28
13000,S003,100.14,8,Sun,61
13001,S003,79.02,4,Sun,44
13002,S002,87.47,5,Wed,52
13003,S001,89.14,7,Wed,58
13004,S002,50.65,5,Fri,62
13005,S002,64.69,4,Mon,39
13006,S001,82.96,4,Wed,60
13007,S001,80.11,8,Fri,23
13008,S001,63.41,5,Sun,39
13009,S001,62.47,3,Mon,35
13010,S002,55.63,2,Tue,21
13011,S002,79.21,9,Thu,61
13012,S001,58.75,5,Wed,49
13013,S002,90.73,2,Fri,50
13014,S004,85.05,5,Wed,33
13015,S003,73.84,7,Sun,25
13016,S004,107.43,3,Thu,34
13017,S001,73.34,6,Fri,21
13018,S004,113.66,4,Sat,58
13019,S003,110.91,9,Mon,25
13020,S003,79.88,7,Wed,63
13021,S004,84.53,5,Sun,19
13022,S004,22.36,5,Wed,44
13023,S003,73.78,4,Thu,51
13024,S003,83.28,6,Fri,23
13025,S003,18.55,5,Tue,23
13026,S001,92.09,5,Mon,49
13027,S003,81.81,5,Fri,28
13028,S001,48.57,2,Sat,46
13029,S004,72.67,6,Fri,56
13030,S004,76.23,2,Tue,66
13031,S002,56.54,3,Fri,67
13032,S002,59.45,8,Fri,34
13033,S003,87.52,7,Sat,31
13034,S004,87.89,7,Fri,52
13035,S002,69.29,5,Thu,42
13036,S004,84.73,5,Sun,69
13037,S001,40.58,12,Thu,56
13038,S001,81.06,4,Sun,36
13039,S004,60.03,5,Fri,41
13040,S003,79.88,4,Thu,42
13041,S002,69.66,4,Tue,38
13042,S003,67.2,5,Fri,49
13043,S002,76.6,3,Tue,29
13044,S004,98.54,2,Wed,58
13045,S004,17.04,3,Sun,21
13046,S003,85.84,2,Fri,30
13047,S002,86.69,4,Sun,40
13048,S001,85.03,6,Sun,33
13049,S003,65.12,6,Thu,60
13050,S003,46.46,7,Fri,47
13051,S002,110.38,6,Wed,49
13052,S003,109.79,8,Thu,41
13053,S002,67.3,2,Sat,59
13054,S003,55.71,7,Thu,22
13055,S003,71.64,5,Fri,57
13056,S004,78.65,7,Wed,40
13057,S003,87.59,5,Tue,23
13058,S004,65.79,5,Sun,65
13059,S004,66.56,3,Sun,53
13060,S002,83.98,6,Thu,24
13061,S001,35.47,3,Fri,46
13062,S004,58.53,4,Wed,45
13063,S002,62.79,1,Fri,62
13064,S001,67.65,4,Wed,31
13065,S004,60.09,7,Thu,29
13066,S003,123.15,7,Sun,18
13067,S002,97.13,7,Fri,57
13068,S002,123.22,1,Fri,38
13069,S002,80.81,7,Mon,42
13070,S004,74.36,7,Sat,26
13071,S001,71.2,6,Tue,66
13072,S001,51.79,5,Fri,39
13073,S003,97.09,6,Mon,47
13074,S004,66.55,9,Wed,24
13075,S003,77.6,3,Mon,29
13076,S002,82.92,5,Fri,55
13077,S001,71.76,5,Sun,40
13078,S002,95.64,4,Mon,46
13079,S003,40.1,7,Thu,19
13080,S002,79.96,4,Fri,26
13081,S002,85.02,6,Sat,48
13082,S001,53.21,6,Mon,69
13083,S001,100.84,6,Sat,58
13084,S001,77.51,5,Sat,35
13085,S001,56.12,2,Mon,49
13086,S004,85.4,9,Sat,50
13087,S002,91.27,2,Tue,23
13088,S003,64.25,6,Fri,31
13089,S004,79.93,7,Mon,32
13090,S002,61.06,5,Sat,47
13091,S003,93.07,5,Thu,37
13092,S001,40.98,4,Tue,22
13093,S001,77.98,4,Sun,38
13094,S004,108.03,2,Fri,50
13095,S001,68.99,6,Tue,56
13096,S003,87.56,6,Tue,50
13097,S002,73.42,3,Wed,44
13098,S004,63.7,0,Sat,21
13099,S004,97.73,7,Fri,52
13100,S002,72.18,6,Sat,49
13101,S001,89.87,3,Fri,56
13102,S004,65.68,3,Thu,28
13103,S001,95.22,7,Thu,65
13104,S002,72.37,6,Mon,26
13105,S003,69.41,7,Mon,20
13106,S003,63.84,7,Sun,36
13107,S003,13.39,3,Fri,54
13108,S003,88.26,4,Tue,21
13109,S002,65.18,2,Sat,63
13110,S001,80.8,4,Mon,35
13111,S004,73.09,1,Tue,25
13112,S003,83.75,5,Mon,56
13113,S001,54.12,5,Wed,57
13114,S001,72.17,2,Wed,22
13115,S001,75.89,2,Wed,40
13116,S003,73.88,4,Sun,26
13117,S002,65.88,5,Fri,36
13118,S002,36.5,2,Tue,22
13119,S004,33.85,6,Thu,56
13120,S004,74.33,3,Sun,61
13121,S003,76.86,5,Fri,44
13122,S001,102.08,7,Fri,35
13123,S001,74.74,5,Sat,42
13124,S002,77.09,5,Mon,51
13125,S003,80.46,3,Sun,21
13126,S004,53.67,7,Fri,36
13127,S001,47.79,4,Sun,43
13128,S004,67.43,6,Sat,54
13129,S001,104.81,6,Tue,35
13130,S002,101.86,5,Tue,64
13131,S003,59.38,5,Tue,54
13132,S001,68.75,8,Thu,21
13133,S004,78.21,8,Tue,68
13134,S003,89.33,3,Sun,22
13135,S002,64.44,5,Thu,56
13136,S004,57.76,2,Tue,21
13137,S002,76.41,5,Fri,41
13138,S003,85.16,3,Tue,52
13139,S003,85.69,7,Thu,42
13140,S002,130.84,4,Sun,40
13141,S002,97.16,2,Mon,56
13142,S002,87.54,2,Mon,36
13143,S004,69.52,7,Tue,21
13144,S004,86.44,7,Thu,21
13145,S002,90.1,5,Wed,53
13146,S002,92.89,7,Sun,22
13147,S001,77.46,5,Thu,51
13148,S004,61.47,6,Wed,35
13149,S001,105.51,2,Fri,34
13150,S004,122.87,1,Tue,54
13151,S001,91.47,9,Fri,66
13152,S004,71.68,5,Fri,20
13153,S003,63.86,1,Thu,58
13154,S004,77.89,4,Fri,40
13155,S002,74.76,6,Mon,65
13156,S003,79.74,7,Mon,22
13157,S001,80.22,9,Wed,18
13158,S003,68.25,5,Sat,69
13159,S003,75.67,5,Sat,20
13160,S002,83.45,3,Wed,32
13161,S002,122.16,2,Tue,28
13162,S004,70.18,3,Wed,32
13163,S001,35.49,6,Sun,24
13164,S002,54.27,5,Tue,65
13165,S004,151.64,2,Tue,27
13166,S004,56.6,7,Tue,28
13167,S003,61.64,8,Thu,64
13168,S001,41.41,3,Mon,34
13169,S003,98.7,6,Fri,28
13170,S002,75.12,2,Mon,61
13171,S002,93.57,3,Sun,43
13172,S004,71.91,3,Sat,21
13173,S003,58.87,7,Sun,61
13174,S002,67.25,3,Sat,40
13175,S001,87.85,3,Mon,30
13176,S002,79.14,4,Sat,52
13177,S001,78.08,1,Sun,20
13178,S003,33.63,6,Thu,30
13179,S001,39.41,6,Mon,28
13180,S001,56.84,5,Thu,46
13181,S004,81.55,7,Mon,65
13182,S001,75.64,5,Sat,61
13183,S004,56.67,8,Sun,40
13184,S001,56.23,13,Fri,38
13185,S002,92.18,9,Wed,58
13186,S002,75.41,6,Sat,37
13187,S001,81.32,3,Wed,55
13188,S004,84.58,6,Wed,50
13189,S001,122.17,3,Sat,46
13190,S003,99.53,5,Sat,22
13191,S002,76.35,2,Sun,46
13192,S002,73.59,6,Thu,54
13193,S002,77.66,5,Thu,25
13194,S003,50.75,8,Thu,48
13195,S002,93.73,8,Fri,52
13196,S003,77.28,3,Fri,59
13197,S001,79.24,5,Wed,68
13198,S004,93.37,4,Mon,19
13199,S001,56.58,3,Fri,24
13200,S003,47.76,4,Tue,25
13201,S004,58.63,5,Sat,34
13202,S001,80.06,7,Wed,31
13203,S002,95.14,7,Wed,45
13204,S001,91.87,4,Wed,50
13205,S001,98.96,3,Wed,40
13206,S002,63.89,3,Sat,65
13207,S001,96.55,5,Fri,38
13208,S003,81.49,7,Sat,54
13209,S002,103.02,6,Wed,28
13210,S004,60.58,5,Wed,28
13211,S001,79.33,6,Tue,23
13212,S002,78.27,6,Sat,56
13213,S002,65.24,7,Thu,61
13214,S003,79.03,3,Mon,67
13215,S003,88.41,3,Sun,26
13216,S004,77.69,7,Tue,66
13217,S001,93.78,2,Sun,66
13218,S002,75.99,9,Thu,60
13219,S004,72.92,4,Wed,57
13220,S001,103.41,5,Wed,45
13221,S002,78.16,6,Sun,68
13222,S004,41.45,3,Mon,51
13223,S003,115.27,3,Sun,33
13224,S001,77.81,2,Thu,44
13225,S001,66.28,3,Tue,69
13226,S002,114.92,6,Sun,49
13227,S003,75.49,7,Thu,36
13228,S003,55.35,7,Fri,44
13229,S003,58.01,4,Sun,57
13230,S003,94.48,4,Thu,43
13231,S003,56.75,6,Sun,31
13232,S004,105.62,4,Mon,44
13233,S002,98.82,7,Fri,69
13234,S002,92.64,3,Tue,50
13235,S003,69.98,4,Mon,45
13236,S004,67.0,3,Thu,40
13237,S001,42.72,8,Sat,67
13238,S004,89.32,5,Thu,65
13239,S003,77.2,5,Fri,31
13240,S002,59.62,6,Fri,38
13241,S001,77.92,5,Sun,42
13242,S002,49.81,3,Tue,37
13243,S003,51.85,5,Tue,63
13244,S002,57.52,8,Sat,58
13245,S003,71.04,4,Mon,55
13246,S004,66.85,9,Fri,27
13247,S003,48.96,5,Wed,25
13248,S002,72.73,6,Fri,41
13249,S002,43.19,5,Mon,46
13250,S003,52.14,3,Mon,21
13251,S003,77.43,3,Sun,67
13252,S004,81.18,6,Thu,58
13253,S004,75.67,4,Sun,57
13254,S003,26.6,5,Sun,46
13255,S004,141.48,7,Sat,50
13256,S004,98.76,2,Sat,40
13257,S002,113.86,5,Wed,66
13258,S003,80.99,4,Wed,63
13259,S001,108.42,1,Mon,60
13260,S001,68.45,8,Tue,50
13261,S004,104.8,2,Tue,62
13262,S002,62.68,7,Fri,37
13263,S004,93.39,7,Tue,51
13264,S003,39.92,4,Mon,59
13265,S002,84.68,4,Mon,47
13266,S001,100.66,6,Wed,60
13267,S001,85.55,6,Sun,28
13268,S001,92.85,4,Thu,18
13269,S002,66.19,2,Thu,35
13270,S002,74.8,5,Mon,37
13271,S002,105.82,8,Thu,55
13272,S004,80.57,4,Sat,55
13273,S002,87.6,5,Sat,29
13274,S004,49.61,3,Sun,47
13275,S004,71.62,4,Sun,39
13276,S003,47.94,4,Mon,42
13277,S003,83.5,12,Sun,55
13278,S004,113.9,6,Wed,65
13279,S004,94.83,2,Sat,52
13280,S001,42.23,4,Thu,34
13281,S001,66.0,9,Sun,46
13282,S003,74.05,4,Tue,61
13283,S004,41.6,9,Fri,41
13284,S001,101.29,7,Tue,42
13285,S003,58.66,4,Sun,39
13286,S004,58.78,5,Mon,54
13287,S002,53.43,5,Fri,28
13288,S003,68.09,4,Fri,31
13289,S002,85.0,3,Sat,52
13290,S001,65.7,3,Thu,69
13291,S003,60.33,4,Sat,38
13292,S002,76.7,6,Tue,54
13293,S001,42.84,5,Mon,30
13294,S002,75.35,3,Mon,18
13295,S004,74.79,1,Sat,35
13296,S004,91.94,2,Mon,19
13297,S001,52.17,4,Mon,60
13298,S003,82.32,5,Fri,46
13299,S004,66.1,9,Sat,67
13300,S002,91.58,5,Thu,41
13301,S001,98.94,3,Tue,53
13302,S001,85.95,6,Tue,19
13303,S001,76.72,1,Wed,68
13304,S003,86.2,9,Thu,25
13305,S003,44.58,5,Mon,52
13306,S001,64.26,5,Sat,22
13307,S003,63.07,3,Sun,51
13308,S004,64.57,4,Thu,68
13309,S002,95.11,9,Sat,25
13310,S004,81.31,4,Fri,51
13311,S001,57.02,6,Sat,42
13312,S001,64.21,4,Tue,21
13313,S003,94.16,9,Sat,67
13314,S002,63.48,7,Thu,50
13315,S003,53.97,3,Mon,61
13316,S004,98.22,1,Thu,36
13317,S001,112.27,5,Sun,54
13318,S002,83.95,5,Mon,63
13319,S002,70.1,5,Thu,50
13320,S002,106.54,3,Mon,63
13321,S003,70.37,2,Tue,62
13322,S004,67.59,5,Sat,64
13323,S003,75.11,4,Sat,29
13324,S001,65.01,9,Thu,48
13325,S004,75.59,8,Mon,35
13326,S002,74.92,7,Wed,68
13327,S003,91.59,2,Thu,61
13328,S001,74.86,4,Wed,20
13329,S001,84.91,3,Mon,48
13330,S001,60.5,8,Fri,34
13331,S001,98.36,8,Sun,32
13332,S002,76.49,4,Sat,25
13333,S004,76.88,8,Fri,24
13334,S001,60.65,7,Mon,23
13335,S003,91.56,5,Fri,33
13336,S002,41.84,1,Sun,31
13337,S002,87.86,6,Sat,60
13338,S002,77.74,7,Wed,44
13339,S002,89.1,6,Sun,29
13340,S004,76.14,5,Sun,39
13341,S001,98.26,7,Thu,51
13342,S004,87.59,1,Thu,32
13343,S001,73.71,3,Thu,63
13344,S002,49.41,3,Tue,69
13345,S004,63.21,4,Mon,18
13346,S001,92.22,9,Tue,24
13347,S002,82.49,3,Wed,32
13348,S002,58.86,3,Wed,49
13349,S001,101.12,8,Tue,25
13350,S004,57.39,10,Sat,55
13351,S001,74.84,5,Sun,59
13352,S003,63.73,9,Wed,69
13353,S001,82.82,5,Sat,24
13354,S003,71.37,3,Mon,64
13355,S003,71.81,3,Sun,55
13356,S002,58.36,1,Sun,44
13357,S004,80.93,5,Thu,62
13358,S001,93.46,6,Wed,26
13359,S004,104.4,5,Fri,65
13360,S003,88.47,5,Sat,67
13361,S001,86.07,8,Thu,63
13362,S003,72.79,2,Wed,41
13363,S004,109.59,2,Tue,45
13364,S004,64.69,5,Tue,35
13365,S004,61.47,4,Tue,66
13366,S003,79.68,4,Sun,44
13367,S003,64.89,3,Sun,22
13368,S001,72.03,5,Wed,23
13369,S002,99.08,3,Thu,48
13370,S004,83.66,5,Sat,23
13371,S003,108.35,3,Sat,57
13372,S004,82.6,4,Wed,57
13373,S003,86.99,5,Thu,45
13374,S001,67.61,3,Sun,42
13375,S004,87.18,2,Mon,29
13376,S001,37.29,5,Tue,47
13377,S002,95.71,9,Tue,55
13378,S004,62.18,3,Sat,42
13379,S002,85.16,7,Mon,39
13380,S003,91.67,5,Sat,52
13381,S004,79.93,4,Fri,34
13382,S003,78.78,10,Mon,69
13383,S003,43.45,4,Sun,49
13384,S004,90.27,1,Tue,40
13385,S001,108.42,9,Thu,62
13386,S004,67.55,7,Thu,43
13387,S001,73.13,5,Sun,19
13388,S003,83.01,4,Thu,46
13389,S001,108.03,8,Wed,22
13390,S003,74.52,4,Mon,34
13391,S003,101.92,7,Sat,23
13392,S003,73.89,3,Tue,23
13393,S002,89.03,4,Mon,54
13394,S002,52.18,4,Mon,63
13395,S004,35.3,7,Fri,22
13396,S004,90.73,3,Thu,30
13397,S004,77.08,6,Fri,19
13398,S003,64.77,6,Tue,45
13399,S002,62.7,2,Sun,62
13400,S004,72.33,6,Sat,57
13401,S004,57.84,4,Sun,47
13402,S002,41.21,2,Thu,50
13403,S001,75.61,7,Fri,23
13404,S003,95.7,2,Wed,55
13405,S002,47.22,6,Wed,42
13406,S001,103.93,6,Sun,51
13407,S004,103.92,5,Wed,52
13408,S003,94.39,4,Fri,48
13409,S004,55.41,7,Thu,42
13410,S001,96.2,2,Mon,33
13411,S004,67.36,12,Tue,62
13412,S003,86.45,5,Wed,51
13413,S004,53.38,1,Fri,61
13414,S004,88.99,6,Sat,32
13415,S003,76.17,8,Sat,58
13416,S002,64.69,3,Sat,65
13417,S004,67.45,10,Sat,32
13418,S003,56.54,6,Mon,47
13419,S004,73.79,6,Wed,39
13420,S004,124.11,2,Tue,45
13421,S002,30.84,7,Thu,35
13422,S002,105.1,4,Thu,64
13423,S001,50.48,5,Wed,38
13424,S001,70.34,4,Mon,18
13425,S004,50.27,2,Sun,64
13426,S003,68.54,5,Tue,56
13427,S001,46.61,5,Mon,38
13428,S004,71.34,4,Thu,26
13429,S003,110.81,4,Tue,26
13430,S001,79.59,3,Tue,23
13431,S003,79.36,2,Wed,23
13432,S001,81.94,4,Mon,57
13433,S003,79.63,4,Wed,54
13434,S004,73.78,7,Thu,24
13435,S001,72.84,5,Tue,20
13436,S004,84.33,7,Tue,33
13437,S003,97.49,3,Fri,24
13438,S004,93.35,1,Tue,40
13439,S003,79.19,6,Tue,20
13440,S001,107.78,1,Fri,46
13441,S003,48.61,6,Wed,20
13442,S004,71.64,5,Thu,41
13443,S001,64.65,4,Mon,51
13444,S001,87.59,7,Wed,37
13445,S001,96.86,3,Sat,50
13446,S002,44.87,3,Wed,23
13447,S001,100.37,5,Sat,46
13448,S002,67.66,2,Tue,41
13449,S004,73.74,2,Mon,65
13450,S003,67.82,5,Sat,52
13451,S003,58.4,4,Fri,68
13452,S004,80.08,4,Wed,55
13453,S002,67.92,2,Tue,19
13454,S002,92.01,5,Thu,51
13455,S003,62.61,11,Wed,64
13456,S004,52.98,6,Sun,28
13457,S002,85.03,2,Thu,30
13458,S001,57.79,6,Sun,48
13459,S004,84.0,7,Thu,60
13460,S004,79.38,6,Fri,52
13461,S001,45.95,10,Thu,38
13462,S004,71.85,4,Thu,40
13463,S001,67.66,7,Sat,38
13464,S002,98.9,7,Fri,34
13465,S002,100.56,6,Thu,47
13466,S001,67.46,4,Sat,49
13467,S001,57.0,6,Sun,30
13468,S004,72.34,6,Sat,63
13469,S003,32.77,7,Mon,18
13470,S002,67.1,6,Sat,26
13471,S002,103.29,7,Sun,61
13472,S001,75.28,6,Fri,55
13473,S002,115.91,5,Fri,22
13474,S001,39.51,5,Fri,60
13475,S001,74.82,10,Sat,35
13476,S001,21.34,4,Fri,48
13477,S002,69.34,7,Mon,51
13478,S004,86.67,9,Wed,56
13479,S002,121.92,8,Tue,39
13480,S004,56.33,3,Mon,36
13481,S004,53.91,2,Tue,48
13482,S002,94.96,6,Fri,49
13483,S002,91.27,4,Wed,26
13484,S002,92.41,3,Mon,44
13485,S004,66.02,5,Fri,68
13486,S001,66.08,2,Fri,33
13487,S001,58.16,5,Mon,69
13488,S004,80.17,3,Tue,21
13489,S002,80.09,3,Mon,43
13490,S002,76.66,4,Sun,41
13491,S003,78.94,2,Wed,38
13492,S004,29.73,8,Sat,54
13493,S003,68.4,4,Thu,67
13494,S004,36.43,1,Tue,53
13495,S003,95.54,5,Wed,43
13496,S003,43.99,5,Thu,59
13497,S002,65.46,4,Mon,56
13498,S004,82.75,11,Thu,48
13499,S002,94.62,7,Sat,63
13500,S003,62.02,7,Thu,33
13501,S001,79.06,6,Wed,65
13502,S002,92.23,5,Tue,29
13503,S001,93.56,6,Sun,50
13504,S003,81.33,7,Sun,51
13505,S002,82.19,9,Mon,44
13506,S002,76.11,5,Wed,66
13507,S002,128.21,6,Sun,53
13508,S002,67.88,8,Mon,67
13509,S001,58.72,2,Mon,56
13510,S001,100.22,7,Mon,43
13511,S004,89.02,5,Wed,53
13512,S003,107.05,5,Sat,22
13513,S004,41.27,4,Sat,63
13514,S004,67.92,7,Sun,52
13515,S002,79.11,6,Sat,25
13516,S001,72.65,2,Tue,36
13517,S003,76.72,8,Thu,63
13518,S004,5.21,5,Thu,64
13519,S001,65.07,7,Wed,29
13520,S004,74.71,7,Sat,18
13521,S001,82.49,2,Wed,19
13522,S004,56.65,5,Sun,30
13523,S002,45.86,9,Tue,67
13524,S003,90.75,3,Sun,65
13525,S002,88.94,5,Mon,54
13526,S001,51.68,5,Mon,40
13527,S001,104.5,5,Wed,45
13528,S004,71.12,8,Sat,36
13529,S003,74.47,8,Fri,47
13530,S001,48.47,7,Sun,20
13531,S004,75.48,7,Sat,26
13532,S002,26.79,6,Tue,48
13533,S004,62.05,10,Tue,25
13534,S001,85.12,6,Tue,57
13535,S002,82.02,4,Thu,38
13536,S002,82.75,0,Fri,23
13537,S003,99.37,10,Sat,52
13538,S003,70.18,8,Fri,50
13539,S004,87.18,5,Thu,61
13540,S003,68.38,3,Thu,36
13541,S002,111.65,5,Fri,69
13542,S002,79.74,4,Mon,51
13543,S004,68.44,3,Mon,43
13544,S001,70.45,6,Sun,50
13545,S001,70.85,11,Sun,59
13546,S002,53.32,6,Mon,59
13547,S002,31.32,5,Thu,48
13548,S002,65.67,7,Sun,21
13549,S004,115.44,5,Thu,64
13550,S002,93.9,7,Wed,34
13551,S001,55.04,4,Sun,64
13552,S002,102.32,2,Sat,68
13553,S004,109.3,3,Sun,19
13554,S001,69.6,4,Tue,67
13555,S001,58.1,4,Fri,66
13556,S003,42.39,7,Thu,38
13557,S001,59.08,8,Sat,27
13558,S001,99.55,5,Sat,25
13559,S001,39.29,6,Sat,57
13560,S002,99.96,4,Thu,62
13561,S001,67.04,5,Wed,44
13562,S001,60.27,6,Mon,31
13563,S003,66.73,4,Sun,66
13564,S002,85.16,10,Mon,59
13565,S002,76.8,6,Thu,39
13566,S004,49.02,6,Tue,53
13567,S004,61.08,6,Mon,21
13568,S003,82.56,1,Tue,27
13569,S003,94.24,1,Sun,63
13570,S004,118.64,4,Fri,37
13571,S004,83.47,4,Mon,45
13572,S001,88.68,3,Tue,53
13573,S004,88.97,5,Thu,42
13574,S003,69.97,2,Mon,39
13575,S003,40.41,9,Sun,52
13576,S001,82.34,6,Fri,50
13577,S003,97.65,4,Sat,33
13578,S002,90.37,8,Sat,26
13579,S003,51.94,7,Thu,30
13580,S001,83.65,5,Tue,68
13581,S003,121.3,3,Sat,50
13582,S002,81.16,3,Mon,44
13583,S002,62.5,1,Mon,37
13584,S003,85.1,6,Wed,60
13585,S001,88.0,8,Wed,42
13586,S001,110.96,6,Sun,51
13587,S002,82.8,3,Wed,38
13588,S004,65.0,3,Thu,48
13589,S002,71.84,5,Mon,25
13590,S004,35.66,2,Thu,65
13591,S004,68.65,7,Sat,27
13592,S003,73.29,5,Sun,64
13593,S003,56.62,2,Fri,44
13594,S001,93.93,3,Thu,34
13595,S002,71.22,4,Sun,40
13596,S004,76.05,4,Mon,54
13597,S001,90.34,3,Wed,28
13598,S001,75.1,5,Mon,26
13599,S004,87.2,5,Mon,28
13600,S003,86.02,2,Wed,52
13601,S004,48.29,5,Mon,27
13602,S002,97.37,8,Sat,68
13603,S003,53.17,4,Mon,53
13604,S004,99.18,2,Mon,35
13605,S003,89.8,5,Fri,19
13606,S004,77.25,3,Tue,43
13607,S001,33.07,2,Fri,68
13608,S001,69.93,8,Fri,64
13609,S002,45.17,4,Sun,40
13610,S004,88.98,4,Fri,34
13611,S001,96.01,7,Wed,42
13612,S001,60.93,6,Mon,57
13613,S003,65.7,5,Sun,54
13614,S003,82.59,2,Wed,64
13615,S002,90.32,7,Tue,45
13616,S001,63.06,3,Thu,50
13617,S001,53.75,3,Mon,65
13618,S001,74.43,3,Tue,52
13619,S004,101.04,5,Thu,67
13620,S003,56.14,4,Fri,50
13621,S004,70.5,8,Wed,36
13622,S003,67.37,6,Thu,52
13623,S003,55.99,6,Wed,48
13624,S003,76.54,8,Sun,62
13625,S001,90.38,3,Fri,34
13626,S002,73.41,4,Thu,55
13627,S004,79.84,5,Tue,63
13628,S002,103.67,11,Fri,60
13629,S004,105.5,2,Mon,46
13630,S004,47.9,4,Thu,62
13631,S001,85.84,3,Mon,63
13632,S001,90.19,8,Wed,35
13633,S001,78.7,4,Fri,19
13634,S003,93.52,2,Sun,65
13635,S003,80.4,5,Fri,25
13636,S002,98.39,8,Wed,41
13637,S001,91.21,4,Sun,60
13638,S003,53.32,8,Sun,48
13639,S004,84.47,4,Tue,45
13640,S004,65.87,5,Sat,56
13641,S004,101.12,2,Fri,53
13642,S002,103.96,2,Wed,61
13643,S002,64.44,9,Thu,37
13644,S004,87.93,3,Sun,44
13645,S003,108.1,7,Wed,18
13646,S002,73.82,10,Sat,26
13647,S001,45.56,5,Sun,22
13648,S004,56.99,2,Mon,69
13649,S003,76.93,6,Thu,18
13650,S002,62.01,6,Mon,33
13651,S004,49.97,6,Mon,47
13652,S004,44.14,7,Mon,24
13653,S003,108.4,4,Mon,62
13654,S002,70.76,9,Sat,39
13655,S001,67.36,9,Thu,38
13656,S001,82.88,3,Sun,28
13657,S002,122.83,5,Tue,40
13658,S004,53.43,9,Sun,27
13659,S002,102.67,6,Tue,57
13660,S001,63.58,10,Tue,45
13661,S002,76.82,10,Mon,23
13662,S004,95.04,7,Thu,58
13663,S004,83.77,5,Sat,38
13664,S003,97.95,5,Tue,67
13665,S004,98.39,3,Mon,34
13666,S003,77.06,5,Wed,56
13667,S003,90.91,8,Thu,67
13668,S002,101.81,4,Sun,24
13669,S001,75.42,4,Sun,34
13670,S003,107.52,5,Sun,64
13671,S004,82.89,9,Sun,26
13672,S002,67.33,5,Fri,67
13673,S001,90.85,7,Wed,28
13674,S003,75.62,7,Sat,46
13675,S004,89.21,7,Fri,41
13676,S004,39.73,3,Mon,43
13677,S004,47.11,5,Tue,18
13678,S002,59.46,2,Sat,41
13679,S003,29.86,2,Tue,38
13680,S004,51.01,9,Fri,55
13681,S003,95.9,6,Sat,37
13682,S004,81.54,4,Thu,68
13683,S001,61.22,3,Thu,58
13684,S002,34.44,5,Fri,27
13685,S004,66.59,4,Tue,42
13686,S004,84.06,6,Sat,37
13687,S003,77.48,8,Sun,24
13688,S001,53.9,9,Thu,66
13689,S004,66.62,8,Mon,53
13690,S001,96.91,4,Sat,65
13691,S004,79.04,7,Tue,46
13692,S003,90.98,5,Wed,28
13693,S003,69.14,7,Sun,49
13694,S004,71.65,8,Fri,54
13695,S002,86.94,4,Thu,48
13696,S004,49.45,3,Tue,35
13697,S003,99.47,4,Thu,67
13698,S001,94.68,5,Thu,56
13699,S001,77.45,5,Fri,63
13700,S002,98.94,8,Tue,63
13701,S003,68.17,4,Mon,34
13702,S004,62.19,5,Tue,68
13703,S004,90.28,4,Tue,64
13704,S004,105.87,3,Fri,39
13705,S003,54.99,5,Tue,23
13706,S004,77.28,4,Sun,32
13707,S003,53.52,4,Tue,61
13708,S001,44.18,4,Sun,30
13709,S003,59.5,3,Fri,57
13710,S001,55.35,5,Sat,68
13711,S003,95.42,5,Tue,37
13712,S004,90.11,5,Sun,48
13713,S003,96.05,4,Wed,34
13714,S004,80.07,6,Wed,47
13715,S004,68.77,4,Tue,18
13716,S001,110.87,2,Mon,29
13717,S004,50.72,7,Sat,32
13718,S004,116.89,4,Tue,66
13719,S004,74.82,3,Wed,25
13720,S001,87.9,3,Thu,33
13721,S003,59.81,4,Mon,18
13722,S004,72.29,9,Sat,46
13723,S004,76.32,7,Thu,65
13724,S003,53.68,7,Wed,46
13725,S002,91.37,6,Sun,68
13726,S002,67.82,2,Wed,60
13727,S004,83.94,1,Fri,57
13728,S003,91.82,6,Sat,64
13729,S002,86.39,6,Mon,31
13730,S003,45.37,5,Sat,54
13731,S001,59.62,5,Tue,45
13732,S003,59.42,7,Wed,27
13733,S002,56.58,8,Thu,59
13734,S002,90.15,0,Sun,43
13735,S003,50.22,6,Sat,20
13736,S002,87.1,3,Wed,21
13737,S003,51.49,5,Thu,29
13738,S002,49.4,9,Sun,63
13739,S004,38.74,6,Mon,19
13740,S004,73.91,5,Tue,38
13741,S004,43.1,10,Sat,34
13742,S001,78.87,2,Fri,20
13743,S001,67.52,6,Sun,23
13744,S004,51.23,2,Mon,51
13745,S001,73.42,3,Thu,62
13746,S004,97.25,4,Thu,68
13747,S001,82.59,7,Wed,58
13748,S004,86.68,1,Sun,61
13749,S001,76.14,6,Wed,63
13750,S003,72.73,5,Mon,59
13751,S004,63.69,9,Sun,33
13752,S003,90.56,4,Thu,53
13753,S004,83.65,6,Thu,29
13754,S003,53.35,10,Sun,57
13755,S002,95.53,3,Fri,45
13756,S003,65.27,7,Tue,60
13757,S003,75.98,2,Mon,38
13758,S002,70.31,6,Sat,46
13759,S001,70.29,5,Tue,60
13760,S001,75.52,3,Fri,58
13761,S004,44.0,6,Sat,24
13762,S002,80.68,6,Sun,68
13763,S003,75.29,3,Sun,51
13764,S004,72.11,5,Wed,62
13765,S002,97.99,7,Sun,59
13766,S002,62.47,3,Thu,54
13767,S002,40.61,5,Tue,37
13768,S001,40.73,5,Thu,19
13769,S002,83.59,5,Mon,58
13770,S004,47.67,5,Sun,36
13771,S004,65.21,5,Tue,42
13772,S003,79.99,3,Wed,68
13773,S001,8.79,8,Tue,24
13774,S004,83.41,2,Tue,52
13775,S001,53.18,3,Tue,34
13776,S003,55.48,3,Tue,23
13777,S001,72.13,5,Sun,30
13778,S004,31.02,4,Wed,54
13779,S003,81.0,1,Wed,62
13780,S004,40.15,4,Thu,56
13781,S003,63.7,4,Fri,62
13782,S002,103.41,6,Wed,53
13783,S004,81.91,3,Mon,45
13784,S004,58.04,7,Wed,57
13785,S004,54.98,4,Mon,66
13786,S001,92.14,4,Sat,44
13787,S002,65.01,9,Wed,67
13788,S001,90.11,2,Sat,38
13789,S002,57.59,3,Tue,18
13790,S004,89.91,4,Mon,60
13791,S003,104.49,4,Wed,21
13792,S001,67.03,4,Wed,38
13793,S001,92.99,2,Sun,69
13794,S002,57.55,3,Wed,31
13795,S001,65.81,7,Wed,26
13796,S001,69.22,5,Mon,39
13797,S002,107.93,5,Tue,59
13798,S004,63.4,8,Sun,54
13799,S002,77.38,6,Sat,57
13800,S001,81.5,4,Mon,60
13801,S001,106.44,2,Mon,50
13802,S001,79.87,5,Thu,54
13803,S002,107.48,2,Sat,37
13804,S004,93.34,4,Fri,24
13805,S003,40.74,6,Wed,57
13806,S002,83.62,4,Sat,43
13807,S003,69.47,5,Thu,45
13808,S004,106.89,4,Mon,49
13809,S002,89.12,6,Tue,68
13810,S003,69.87,2,Tue,51
13811,S004,95.22,2,Wed,45
13812,S002,103.19,6,Fri,46
13813,S003,93.16,4,Fri,19
13814,S001,118.5,4,Mon,61
13815,S001,107.11,3,Sat,56
13816,S001,94.23,6,Wed,45
13817,S002,120.62,6,Thu,38
13818,S004,83.24,2,Wed,55
13819,S004,74.69,4,Sat,67
13820,S001,68.84,2,Sat,45
13821,S004,103.73,3,Mon,43
13822,S002,66.92,11,Mon,26
13823,S002,89.4,3,Sun,42
13824,S003,60.35,5,Fri,51
13825,S004,116.9,5,Thu,59
13826,S001,75.79,5,Sat,65
13827,S001,119.33,0,Sat,34
13828,S001,99.97,0,Mon,51
13829,S004,84.42,2,Fri,28
13830,S004,66.98,4,Thu,54
13831,S004,90.51,6,Tue,22
13832,S001,64.66,6,Thu,26
13833,S002,81.08,4,Wed,49
13834,S003,70.0,5,Mon,19
13835,S002,53.66,6,Wed,69
13836,S001,73.22,7,Tue,27
13837,S002,75.11,2,Fri,54
13838,S004,55.45,3,Fri,65
13839,S001,97.05,4,Mon,45
13840,S002,84.88,9,Wed,42
13841,S004,63.91,5,Tue,50
13842,S001,76.81,5,Mon,20
13843,S003,76.01,10,Mon,36
13844,S004,85.54,6,Tue,35
13845,S003,64.05,2,Fri,69
13846,S004,48.9,5,Wed,41
13847,S003,92.16,3,Sat,55
13848,S004,34.4,5,Fri,68
13849,S002,71.65,3,Fri,27
13850,S004,53.66,5,Thu,56
13851,S003,46.76,3,Sat,57
13852,S002,55.58,10,Fri,18
13853,S004,68.7,7,Wed,34
13854,S004,113.49,2,Sun,48
13855,S004,84.88,4,Fri,46
13856,S002,74.07,8,Tue,30
13857,S003,83.4,8,Wed,49
13858,S004,65.89,3,Wed,22
13859,S003,57.22,3,Sun,52
13860,S004,65.34,1,Thu,59
13861,S002,35.37,6,Mon,53
13862,S004,72.88,5,Thu,27
13863,S002,45.46,3,Mon,37
13864,S001,88.22,10,Sat,65
13865,S004,59.0,8,Sun,37
13866,S003,74.98,5,Fri,45
13867,S001,76.81,7,Fri,63
13868,S004,28.61,7,Mon,66
13869,S002,100.48,1,Sat,37
13870,S003,92.92,6,Sun,63
13871,S003,81.68,7,Fri,69
13872,S003,57.92,3,Wed,43
13873,S003,81.36,3,Wed,27
13874,S001,69.1,5,Wed,56
13875,S003,123.53,3,Wed,36
13876,S003,62.94,6,Mon,55
13877,S001,72.72,2,Sun,67
13878,S002,82.83,8,Fri,53
13879,S002,45.09,10,Mon,45
13880,S003,84.26,7,Fri,23
13881,S002,44.88,5,Sat,49
13882,S001,74.19,3,Fri,68
13883,S003,102.35,8,Thu,18
13884,S004,93.18,6,Sat,28
13885,S003,75.56,5,Tue,64
13886,S004,67.48,3,Sat,19
13887,S004,64.47,1,Sat,53
13888,S004,41.43,7,Sat,65
13889,S002,90.77,2,Thu,57
13890,S001,82.77,7,Thu,51
13891,S001,86.01,6,Tue,52
13892,S001,70.74,2,Thu,54
13893,S001,105.11,6,Sat,46
13894,S003,68.25,5,Wed,48
13895,S003,66.16,8,Mon,55
13896,S003,90.34,6,Tue,27
13897,S001,84.29,6,Fri,22
13898,S001,65.53,1,Mon,42
13899,S001,76.33,2,Sat,41
13900,S001,87.12,5,Tue,24
13901,S004,65.26,5,Mon,55
13902,S002,83.1,3,Wed,51
13903,S002,41.84,3,Sat,37
13904,S003,104.82,5,Sat,57
13905,S004,77.5,4,Sat,31
13906,S002,49.63,4,Sat,46
13907,S003,82.17,5,Sun,30
13908,S002,74.88,6,Mon,51
13909,S001,77.37,11,Tue,42
13910,S003,66.08,5,Fri,51
13911,S002,76.3,6,Thu,32
13912,S001,63.34,7,Sat,38
13913,S004,55.19,1,Sun,27
13914,S001,56.67,7,Wed,18
13915,S004,110.47,7,Sat,37
13916,S004,66.16,4,Thu,32
13917,S002,113.96,2,Wed,53
13918,S003,103.31,2,Mon,35
13919,S002,94.77,6,Sat,29
13920,S004,59.09,10,Sun,19
13921,S004,61.68,1,Wed,58
13922,S003,51.42,5,Sun,64
13923,S003,69.52,6,Sun,63
13924,S001,33.64,2,Tue,39
13925,S001,81.53,3,Sun,59
13926,S003,101.61,1,Thu,65
13927,S003,69.26,6,Thu,67
13928,S003,56.96,8,Wed,47
13929,S003,80.43,4,Sat,19
13930,S004,63.31,1,Thu,58
13931,S003,99.2,8,Sat,48
13932,S002,80.93,3,Mon,35
13933,S004,53.75,10,Mon,58
13934,S002,87.67,4,Tue,64
13935,S002,82.67,4,Fri,18
13936,S003,80.83,2,Fri,40
13937,S002,64.79,2,Tue,55
13938,S004,68.51,7,Tue,47
13939,S003,100.15,13,Fri,69
13940,S001,94.83,7,Sun,45
13941,S003,72.37,4,Tue,18
13942,S001,64.88,4,Thu,67
13943,S004,97.17,6,Mon,50
13944,S001,78.05,5,Tue,43
13945,S004,98.29,4,Sun,18
13946,S004,50.9,5,Fri,67
13947,S004,119.83,9,Sat,50
13948,S001,77.02,8,Tue,44
13949,S002,72.62,4,Wed,22
13950,S004,68.49,4,Wed,19
13951,S003,44.82,7,Tue,51
13952,S003,71.48,2,Sun,42
13953,S002,49.08,8,Thu,65
13954,S003,84.26,4,Sat,31
13955,S001,46.14,4,Thu,30
13956,S004,73.37,3,Sat,57
13957,S003,75.53,6,Mon,52
13958,S002,74.73,5,Thu,67
13959,S002,40.28,7,Tue,28
13960,S003,58.19,6,Fri,65
13961,S003,74.66,3,Mon,53
13962,S002,44.57,7,Sat,54
13963,S002,48.46,7,Tue,37
13964,S004,81.59,5,Fri,22
13965,S004,68.68,5,Wed,34
13966,S001,66.19,1,Thu,18
13967,S004,49.45,3,Wed,33
13968,S002,33.68,7,Fri,53
13969,S001,47.1,12,Fri,54
13970,S003,67.26,3,Thu,45
13971,S003,35.73,10,Mon,34
13972,S003,82.76,4,Tue,38
13973,S002,79.48,6,Tue,21
13974,S001,62.38,3,Thu,55
13975,S004,97.28,7,Fri,25
13976,S003,80.66,2,Tue,30
13977,S003,77.64,8,Sat,69
13978,S002,56.69,3,Fri,30
13979,S004,103.7,8,Thu,38
13980,S001,61.38,6,Sun,52
13981,S001,77.7,3,Mon,23
13982,S004,91.58,2,Tue,22
13983,S001,71.72,9,Fri,67
13984,S001,57.5,5,Fri,59
13985,S002,88.48,4,Mon,29
13986,S004,58.04,3,Fri,67
13987,S003,66.62,9,Mon,44
13988,S004,58.53,6,Tue,41
13989,S002,80.75,3,Wed,57
13990,S001,76.11,5,Wed,53
13991,S004,47.84,11,Sat,48
13992,S003,78.45,9,Wed,47
13993,S003,103.52,5,Mon,38
13994,S004,81.15,3,Mon,24
13995,S001,62.81,10,Wed,69
13996,S002,61.79,4,Mon,39
13997,S003,80.31,3,Sun,48
13998,S004,68.25,4,Tue,54
13999,S003,95.39,3,Thu,33
14000,S001,81.14,4,Tue,39
14001,S002,81.1,5,Tue,57
14002,S001,58.98,5,Wed,20
14003,S001,45.9,1,Thu,37
14004,S001,60.23,6,Thu,66
14005,S001,48.06,2,Wed,23
14006,S003,38.37,4,Sun,48
14007,S001,76.44,6,Fri,29
14008,S001,65.86,10,Sun,45
14009,S002,96.58,7,Thu,49
14010,S004,120.72,7,Mon,23
14011,S002,79.56,9,Tue,33
14012,S004,55.22,1,Thu,47
14013,S003,62.8,4,Wed,30
14014,S003,61.94,3,Tue,61
14015,S004,84.95,8,Mon,46
14016,S001,91.53,4,Thu,23
14017,S004,111.32,5,Thu,22
14018,S002,27.88,4,Sat,51
14019,S002,89.07,4,Fri,19
14020,S002,81.43,5,Sat,27
14021,S001,70.46,6,Sun,34
14022,S002,58.95,5,Mon,28
14023,S003,19.38,6,Fri,36
14024,S004,60.49,7,Thu,31
14025,S004,70.45,7,Sun,45
14026,S003,80.81,3,Wed,36
14027,S001,68.57,5,Sat,41
14028,S001,38.89,4,Mon,60
14029,S004,103.69,2,Wed,58
14030,S001,56.9,5,Thu,28
14031,S004,78.81,2,Thu,19
14032,S001,75.94,8,Mon,42
14033,S004,91.96,4,Sun,35
14034,S002,109.17,7,Tue,68
14035,S003,83.67,4,Mon,62
14036,S002,67.74,7,Sun,46
14037,S002,61.53,3,Mon,21
14038,S003,52.67,7,Tue,68
14039,S002,102.99,4,Sun,36
14040,S004,66.03,6,Tue,24
14041,S004,56.97,5,Sun,33
14042,S004,65.8,3,Mon,36
14043,S004,66.34,10,Sun,52
14044,S001,78.08,4,Wed,29
14045,S004,120.38,5,Tue,68
14046,S002,71.12,5,Wed,18
14047,S001,77.03,4,Tue,20
14048,S002,65.0,4,Tue,64
14049,S001,77.18,5,Mon,46
14050,S001,87.47,8,Fri,63
14051,S002,66.51,9,Sat,63
14052,S003,73.77,3,Fri,23
14053,S004,57.2,3,Sat,62
14054,S003,52.21,7,Sat,35
14055,S002,57.38,4,Wed,45
14056,S002,54.34,3,Thu,46
14057,S001,51.8,6,Tue,60
14058,S004,76.17,5,Mon,61
14059,S002,103.92,5,Fri,56
14060,S003,77.48,2,Fri,46
14061,S004,35.34,5,Thu,33
14062,S002,44.68,2,Fri,19
14063,S002,61.58,5,Sat,66
14064,S003,38.76,5,Wed,22
14065,S003,42.52,3,Sun,29
14066,S003,76.36,7,Tue,39
14067,S003,48.92,3,Mon,35
14068,S002,81.04,6,Tue,27
14069,S002,98.81,1,Sun,47
14070,S001,74.17,4,Mon,30
14071,S004,13.62,8,Tue,63
14072,S004,47.56,2,Mon,30
14073,S004,96.33,4,Mon,40
14074,S003,84.63,4,Tue,64
14075,S002,83.62,2,Sun,64
14076,S002,104.66,7,Thu,21
14077,S003,63.41,3,Sat,45
14078,S003,84.16,5,Tue,36
14079,S002,62.6,4,Thu,24
14080,S002,77.19,8,Mon,50
14081,S004,61.01,7,Sun,59
14082,S004,82.85,4,Fri,19
14083,S002,106.73,2,Wed,64
14084,S002,56.56,6,Sun,43
14085,S002,22.23,2,Sun,40
14086,S003,78.94,3,Mon,61
14087,S003,39.45,2,Fri,58
14088,S001,108.8,2,Sat,36
14089,S003,86.42,5,Sun,58
14090,S001,64.11,4,Mon,41
14091,S002,70.9,6,Sun,53
14092,S002,66.09,6,Wed,48
14093,S004,84.69,7,Wed,21
14094,S003,46.96,5,Fri,49
14095,S003,52.7,4,Sun,43
14096,S002,102.98,5,Fri,30
14097,S004,72.79,4,Sun,32
14098,S004,114.95,4,Tue,55
14099,S002,75.1,2,Thu,69
14100,S004,88.61,4,Sat,40
14101,S002,65.11,7,Fri,56
14102,S002,75.11,5,Sun,42
14103,S004,58.64,4,Mon,38
14104,S003,87.3,8,Wed,42
14105,S002,109.94,5,Sat,29
14106,S003,86.26,7,Mon,58
14107,S001,62.73,5,Sat,29
14108,S002,78.97,5,Fri,67
14109,S004,82.63,5,Sat,49
14110,S004,78.16,9,Tue,61
14111,S002,60.34,3,Fri,35
14112,S001,73.5,7,Mon,22
14113,S003,71.35,2,Fri,58
14114,S001,95.11,3,Sat,57
14115,S001,74.54,6,Thu,57
14116,S002,68.03,4,Wed,20
14117,S003,53.12,5,Mon,21
14118,S002,60.55,5,Fri,38
14119,S002,62.82,3,Tue,27
14120,S004,62.93,3,Tue,37
14121,S003,70.9,7,Mon,42
14122,S002,97.63,5,Wed,22
14123,S004,116.36,5,Wed,54
14124,S004,98.73,2,Wed,21
14125,S002,70.53,1,Mon,65
14126,S002,57.75,2,Mon,32
14127,S001,60.47,4,Mon,36
14128,S003,81.07,7,Mon,53
14129,S003,76.28,7,Thu,67
14130,S004,83.67,6,Mon,34
14131,S003,69.52,5,Sat,53
14132,S002,67.07,4,Wed,26
14133,S002,91.81,4,Sat,67
14134,S003,95.98,4,Wed,27
14135,S001,65.13,3,Sat,35
14136,S003,64.56,6,Tue,35
14137,S004,127.23,5,Tue,66
14138,S004,77.71,3,Tue,51
14139,S003,76.24,3,Thu,36
14140,S002,68.95,9,Thu,63
14141,S002,58.43,6,Wed,29
14142,S002,77.9,5,Tue,53
14143,S001,86.76,3,Tue,45
14144,S002,62.81,5,Fri,68
14145,S001,81.44,10,Sat,30
14146,S003,47.61,5,Sun,26
14147,S002,73.83,1,Wed,29
14148,S003,78.4,1,Sun,55
14149,S002,84.93,5,Tue,64
14150,S004,56.36,6,Sat,69
14151,S004,71.99,14,Fri,59
14152,S004,68.28,7,Mon,58
14153,S003,36.07,6,Fri,57
14154,S001,98.46,6,Thu,65
14155,S003,69.52,2,Tue,32
14156,S002,107.63,4,Wed,26
14157,S003,72.34,5,Wed,31
14158,S004,79.08,2,Wed,53
14159,S001,60.42,7,Mon,18
14160,S002,91.85,5,Tue,34
14161,S003,71.96,5,Wed,44
14162,S002,76.43,6,Wed,43
14163,S001,94.4,3,Sun,66
14164,S002,60.91,2,Tue,33
14165,S003,67.88,4,Sat,21
14166,S002,76.77,8,Sat,61
14167,S004,66.4,4,Mon,29
14168,S001,50.04,4,Sun,44
14169,S004,84.98,2,Sun,52
14170,S001,39.66,5,Fri,67
14171,S003,66.6,10,Wed,34
14172,S002,88.95,2,Fri,27
14173,S002,84.48,14,Sat,18
14174,S001,73.7,5,Fri,46
14175,S001,95.45,5,Sat,22
14176,S004,63.96,2,Wed,50
14177,S003,68.22,11,Tue,47
14178,S001,106.53,6,Mon,63
14179,S001,60.89,5,Sat,54
14180,S002,49.22,1,Sat,19
14181,S002,81.47,9,Tue,18
14182,S003,72.17,5,Fri,28
14183,S002,93.56,5,Sat,50
14184,S003,70.45,7,Fri,43
14185,S003,90.02,7,Wed,26
14186,S002,103.93,7,Mon,31
14187,S001,87.98,8,Tue,68
14188,S003,55.09,3,Tue,25
14189,S002,61.7,4,Sat,46
14190,S001,80.73,5,Tue,23
14191,S003,67.65,6,Sun,61
14192,S003,45.08,5,Sat,63
14193,S003,79.65,6,Fri,29
14194,S002,44.04,7,Thu,69
14195,S001,47.74,4,Mon,52
14196,S004,66.11,10,Thu,31
14197,S003,107.05,2,Thu,23
14198,S001,54.89,4,Fri,21
14199,S004,89.7,6,Sun,21
14200,S004,92.6,3,Fri,66
14201,S004,91.84,3,Wed,25
14202,S002,76.99,6,Thu,50
14203,S004,70.5,5,Sat,22
14204,S001,64.41,5,Fri,56
14205,S001,81.32,3,Wed,33
14206,S004,76.85,6,Tue,67
14207,S004,66.91,6,Tue,26
14208,S004,92.9,5,Tue,34
14209,S002,50.6,6,Wed,39
14210,S004,73.66,5,Thu,56
14211,S002,84.83,6,Fri,42
14212,S002,86.78,4,Sun,65
14213,S003,37.55,5,Wed,37
14214,S003,39.02,7,Fri,54
14215,S004,81.3,7,Mon,55
14216,S002,48.38,6,Thu,41
14217,S004,65.27,5,Mon,43
14218,S004,68.37,6,Thu,36
14219,S002,71.12,6,Fri,27
14220,S002,110.04,6,Sun,55
14221,S001,79.74,7,Fri,35
14222,S001,86.31,7,Sat,27
14223,S004,74.43,8,Tue,41
14224,S004,110.65,3,Fri,30
14225,S002,71.56,8,Mon,45
14226,S002,47.87,4,Sat,46
14227,S003,95.32,5,Sat,28
14228,S001,56.64,6,Tue,50
14229,S003,61.46,5,Mon,67
14230,S002,69.64,9,Mon,63
14231,S001,62.17,3,Fri,31
14232,S004,55.19,5,Mon,58
14233,S001,101.69,2,Thu,64
14234,S001,60.36,6,Sat,34
14235,S001,88.87,5,Thu,42
14236,S004,68.79,7,Sat,67
14237,S002,76.88,5,Thu,27
14238,S003,85.74,6,Fri,43
14239,S001,75.26,5,Fri,24
14240,S001,55.65,5,Sun,37
14241,S003,85.77,5,Mon,26
14242,S004,77.01,8,Sat,29
14243,S001,115.65,5,Thu,53
14244,S001,99.11,6,Tue,19
14245,S002,91.44,6,Thu,60
14246,S003,43.88,12,Thu,41
14247,S004,78.76,3,Thu,49
14248,S003,107.27,6,Fri,44
14249,S003,73.84,7,Mon,68
14250,S001,66.41,4,Tue,26
14251,S004,121.33,4,Sun,27
14252,S003,101.94,6,Mon,27
14253,S002,89.04,8,Tue,68
14254,S002,80.56,7,Thu,39
14255,S004,64.99,4,Fri,52
14256,S002,92.89,7,Thu,47
14257,S001,79.15,6,Tue,65
14258,S004,75.33,5,Sat,66
14259,S003,93.72,5,Tue,54
14260,S001,68.5,5,Mon,56
14261,S001,104.4,7,Mon,47
14262,S003,66.67,9,Thu,57
14263,S001,63.35,7,Thu,68
14264,S003,88.37,1,Sat,51
14265,S002,75.56,5,Thu,69
14266,S002,68.29,2,Fri,65
14267,S001,85.64,4,Fri,40
14268,S002,45.43,5,Fri,67
14269,S004,54.7,4,Tue,63
14270,S003,98.7,6,Mon,38
14271,S002,79.78,3,Thu,55
14272,S003,62.62,3,Sat,51
14273,S002,95.57,4,Wed,25
14274,S002,60.98,8,Wed,18
14275,S002,63.56,6,Sat,31
14276,S004,78.11,2,Sun,40
14277,S003,96.38,2,Sat,56
14278,S002,75.28,1,Fri,47
14279,S001,73.36,10,Tue,22
14280,S002,100.74,8,Tue,33
14281,S001,92.95,6,Fri,65
14282,S001,95.67,6,Sun,48
14283,S001,85.62,7,Sun,36
14284,S002,79.34,3,Thu,61
14285,S004,82.42,6,Fri,37
14286,S002,60.48,4,Sat,53
14287,S003,61.33,8,Thu,41
14288,S004,66.39,7,Fri,52
14289,S003,55.75,5,Tue,43
14290,S001,70.54,5,Tue,67
14291,S001,18.84,2,Thu,41
14292,S004,72.38,5,Tue,54
14293,S002,72.29,3,Wed,67
14294,S001,101.4,4,Thu,27
14295,S003,66.26,3,Sat,65
14296,S001,83.0,4,Sat,47
14297,S001,20.97,4,Tue,56
14298,S004,80.24,4,Wed,47
14299,S002,78.01,4,Fri,67
14300,S004,76.43,5,Tue,42
14301,S001,91.58,4,Sat,38
14302,S002,99.8,5,Sun,58
14303,S003,53.91,4,Sun,54
14304,S004,74.72,8,Sat,29
14305,S001,52.95,6,Sat,51
14306,S004,47.99,2,Fri,28
14307,S003,104.4,4,Mon,53
14308,S004,66.85,9,Thu,25
14309,S004,52.59,3,Sun,32
14310,S002,76.97,8,Wed,37
14311,S003,81.49,1,Wed,69
14312,S001,58.22,2,Sun,62
14313,S002,96.16,2,Sun,55
14314,S001,79.47,5,Wed,53
14315,S003,64.21,9,Wed,52
14316,S002,98.38,3,Thu,45
14317,S001,79.02,6,Thu,33
14318,S003,77.08,9,Wed,27
14319,S003,54.98,3,Tue,69
14320,S002,57.5,4,Sun,51
14321,S002,69.63,8,Mon,68
14322,S004,54.38,5,Sun,57
14323,S001,66.9,5,Sat,69
14324,S001,12.59,5,Fri,57
14325,S004,68.8,3,Mon,61
14326,S002,86.87,9,Wed,27
14327,S002,78.81,4,Sat,21
14328,S002,98.61,7,Wed,60
14329,S001,68.05,5,Sat,43
14330,S003,91.3,6,Wed,29
14331,S002,59.78,7,Wed,42
14332,S002,58.47,6,Wed,35
14333,S002,88.85,4,Sun,64
14334,S003,48.27,6,Fri,33
14335,S003,59.22,2,Mon,29
14336,S003,77.69,7,Fri,47
14337,S004,90.85,6,Sat,30
14338,S001,72.36,4,Thu,18
14339,S001,66.43,2,Wed,40
14340,S003,67.71,3,Mon,69
14341,S003,77.61,5,Thu,38
14342,S004,72.16,4,Fri,48
14343,S002,43.17,8,Fri,39
14344,S001,74.45,9,Thu,50
14345,S002,83.72,4,Thu,35
14346,S002,95.19,6,Thu,32
14347,S002,73.5,7,Tue,27
14348,S001,79.57,5,Fri,59
14349,S003,71.34,2,Mon,51
14350,S001,74.08,4,Tue,32
14351,S004,80.57,5,Sun,35
14352,S003,38.85,2,Tue,39
14353,S002,68.5,8,Tue,30
14354,S004,60.86,7,Tue,22
14355,S001,52.34,2,Fri,59
14356,S002,73.6,3,Thu,55
14357,S003,112.46,4,Sat,24
14358,S004,56.93,5,Tue,21
14359,S003,66.3,7,Tue,59
14360,S002,83.21,6,Thu,66
14361,S002,87.63,2,Tue,36
14362,S002,95.15,5,Wed,48
14363,S003,57.46,4,Tue,52
14364,S003,55.64,4,Tue,29
14365,S004,84.95,3,Mon,43
14366,S003,91.18,8,Wed,22
14367,S004,73.37,6,Thu,47
14368,S002,78.18,4,Sun,26
14369,S003,85.2,11,Mon,34
14370,S001,86.77,1,Wed,41
14371,S001,85.62,4,Wed,60
14372,S004,73.3,9,Sat,19
14373,S002,105.85,6,Sat,55
14374,S001,67.01,4,Tue,39
14375,S004,61.56,5,Mon,65
14376,S003,88.59,4,Mon,62
14377,S001,81.55,3,Fri,25
14378,S003,74.83,8,Tue,60
14379,S002,67.68,4,Sat,21
14380,S002,56.86,4,Tue,61
14381,S004,65.75,5,Sun,66
14382,S001,70.95,3,Thu,68
14383,S002,88.2,6,Fri,24
14384,S002,59.92,4,Wed,64
14385,S004,91.04,7,Wed,22
14386,S004,72.81,10,Mon,23
14387,S001,75.38,7,Fri,50
14388,S001,69.11,6,Fri,54
14389,S004,97.1,5,Tue,24
14390,S001,92.0,2,Sat,55
14391,S002,58.82,5,Sun,48
14392,S004,55.34,6,Fri,58
14393,S004,69.93,9,Thu,39
14394,S003,106.25,4,Tue,31
14395,S003,58.91,6,Sat,18
14396,S003,76.99,8,Thu,30
14397,S002,54.39,7,Wed,21
14398,S001,96.46,4,Mon,43
14399,S004,85.25,4,Mon,50
14400,S001,67.26,3,Fri,63
14401,S003,54.05,4,Fri,56
14402,S002,81.15,5,Mon,24
14403,S001,39.57,4,Sat,39
14404,S002,71.59,7,Wed,18
14405,S004,67.38,7,Sat,53
14406,S001,79.64,5,Fri,67
14407,S003,54.64,5,Wed,36
14408,S002,99.49,6,Fri,40
14409,S004,62.13,5,Sat,35
14410,S003,70.64,6,Mon,22
14411,S004,105.84,3,Sun,37
14412,S003,50.62,1,Mon,43
14413,S001,86.83,3,Thu,62
14414,S001,53.61,0,Tue,56
14415,S002,53.45,4,Mon,43
14416,S003,83.9,5,Fri,52
14417,S001,97.58,6,Mon,24
14418,S001,50.36,1,Sat,48
14419,S001,55.08,7,Sun,38
14420,S003,77.51,8,Thu,31
14421,S002,49.28,6,Wed,55
14422,S001,91.06,4,Wed,40
14423,S004,86.17,8,Fri,63
14424,S004,61.44,4,Tue,50
14425,S001,74.41,6,Thu,43
14426,S003,87.31,5,Thu,29
14427,S001,88.27,4,Sun,48
14428,S004,69.81,8,Tue,56
14429,S003,78.15,6,Sat,56
14430,S004,62.49,6,Sun,49
14431,S002,64.67,10,Sat,59
14432,S003,101.87,6,Thu,55
14433,S004,72.25,5,Fri,59
14434,S003,92.12,8,Sat,36
14435,S003,90.4,9,Fri,49
14436,S001,76.17,2,Sun,69
14437,S003,44.13,6,Sat,57
14438,S001,100.93,5,Thu,69
14439,S003,86.65,6,Tue,33
14440,S004,68.88,2,Fri,22
14441,S001,72.4,6,Tue,35
14442,S001,67.16,8,Tue,23
14443,S001,51.16,7,Sat,67
14444,S003,54.11,6,Thu,59
14445,S003,43.94,6,Mon,49
14446,S001,19.07,2,Fri,52
14447,S001,100.05,4,Fri,27
14448,S003,99.59,7,Wed,59
14449,S001,70.01,4,Sun,55
14450,S002,41.25,5,Sun,20
14451,S004,70.67,6,Sun,63
14452,S003,52.27,6,Fri,20
14453,S004,97.7,3,Mon,25
14454,S001,95.58,5,Sat,48
14455,S003,80.86,0,Thu,44
14456,S003,74.2,4,Tue,22
14457,S004,56.66,9,Sat,53
14458,S002,137.42,5,Sat,61
14459,S002,14.51,3,Wed,66
14460,S003,77.31,2,Sun,60
14461,S004,69.82,3,Wed,44
14462,S004,63.37,5,Wed,44
14463,S002,111.72,2,Sun,37
14464,S002,91.72,6,Thu,56
14465,S001,102.45,5,Wed,47
14466,S004,113.64,9,Sun,61
14467,S002,57.6,5,Thu,46
14468,S002,81.65,6,Mon,64
14469,S002,93.51,7,Mon,20
14470,S003,93.38,9,Sun,56
14471,S001,115.76,5,Thu,44
14472,S002,96.83,8,Mon,57
14473,S001,89.8,7,Thu,26
14474,S002,87.82,4,Sun,61
14475,S001,77.36,4,Fri,52
14476,S003,57.92,3,Sun,31
14477,S004,99.09,2,Mon,61
14478,S004,40.0,9,Fri,58
14479,S002,78.38,2,Thu,65
14480,S004,59.93,7,Mon,61
14481,S003,46.84,6,Wed,46
14482,S004,101.2,2,Fri,18
14483,S002,118.22,3,Sun,61
14484,S001,62.19,4,Sat,65
14485,S001,52.9,3,Wed,55
14486,S003,64.1,2,Sun,34
14487,S004,69.28,6,Fri,20
14488,S002,81.5,7,Sun,44
14489,S001,56.6,3,Sun,30
14490,S003,94.77,4,Sun,42
14491,S003,64.33,6,Sat,47
14492,S002,61.3,4,Thu,37
14493,S002,54.99,7,Fri,26
14494,S003,44.41,6,Sat,33
14495,S001,76.24,9,Sat,68
14496,S004,73.84,7,Fri,64
14497,S004,87.55,4,Mon,40
14498,S002,116.24,6,Wed,38
14499,S001,69.41,7,Fri,59
14500,S003,66.04,3,Mon,56
14501,S001,78.42,3,Mon,43
14502,S003,91.98,5,Sat,57
14503,S004,74.08,5,Sun,44
14504,S001,97.4,5,Fri,58
14505,S002,82.72,4,Fri,42
14506,S003,72.07,10,Sat,57
14507,S002,58.0,5,Mon,39
14508,S004,98.75,3,Tue,67
14509,S003,91.57,12,Sun,59
14510,S003,67.42,7,Wed,26
14511,S004,80.4,7,Thu,60
14512,S001,90.68,6,Mon,50
14513,S004,94.24,7,Fri,41
14514,S001,96.77,4,Mon,61
14515,S002,46.58,4,Mon,68
14516,S003,92.36,3,Sat,46
14517,S003,97.74,3,Fri,37
14518,S002,97.96,8,Tue,37
14519,S001,73.21,5,Thu,54
14520,S004,83.84,4,Fri,35
14521,S002,83.74,2,Tue,18
14522,S003,71.77,8,Tue,53
14523,S004,99.42,5,Mon,28
14524,S003,81.41,3,Mon,32
14525,S004,47.44,6,Thu,56
14526,S004,64.12,4,Wed,53
14527,S004,88.27,7,Fri,50
14528,S003,69.63,4,Wed,51
14529,S002,54.92,8,Fri,36
14530,S004,72.97,6,Fri,19
14531,S003,86.01,3,Tue,24
14532,S002,47.2,4,Tue,38
14533,S002,75.02,5,Mon,44
14534,S003,106.47,6,Tue,69
14535,S001,83.67,7,Thu,32
14536,S004,75.91,5,Fri,65
14537,S004,113.26,8,Thu,50
14538,S002,127.32,5,Tue,29
14539,S004,82.1,6,Mon,63
14540,S003,129.08,2,Thu,66
14541,S002,95.33,3,Fri,41
14542,S003,88.13,5,Fri,20
14543,S001,104.43,5,Fri,56
14544,S001,48.76,4,Sun,31
14545,S002,95.43,4,Sat,41
14546,S004,56.93,4,Sun,19
14547,S004,72.47,6,Tue,31
14548,S004,46.21,5,Fri,61
14549,S004,100.28,4,Mon,59
14550,S004,90.18,4,Mon,58
14551,S003,92.45,1,Tue,48
14552,S002,82.9,5,Tue,42
14553,S002,118.98,3,Wed,47
14554,S001,63.87,4,Tue,23
14555,S001,95.66,4,Sun,40
14556,S004,120.73,4,Tue,53
14557,S004,62.9,7,Tue,60
14558,S002,110.59,5,Sun,58
14559,S002,58.85,8,Fri,58
14560,S004,84.76,10,Mon,65
14561,S003,70.79,6,Mon,62
14562,S003,60.97,4,Tue,26
14563,S001,103.87,3,Sun,48
14564,S004,75.47,2,Tue,41
14565,S003,84.13,4,Sat,22
14566,S002,65.5,5,Wed,49
14567,S003,84.82,10,Thu,30
14568,S001,72.41,3,Fri,34
14569,S003,85.76,7,Wed,28
14570,S003,47.47,0,Wed,18
14571,S002,48.64,6,Wed,27
14572,S003,88.2,8,Wed,47
14573,S003,55.46,3,Wed,26
14574,S002,63.78,3,Wed,55
14575,S003,89.35,6,Thu,64
14576,S001,98.5,4,Fri,26
14577,S004,72.82,4,Thu,36
14578,S004,92.22,6,Fri,20
14579,S003,75.47,3,Wed,66
14580,S001,43.7,3,Tue,67
14581,S002,58.47,3,Fri,65
14582,S001,79.75,9,Fri,55
14583,S001,68.57,7,Tue,50
14584,S001,73.76,2,Sun,63
14585,S003,86.89,7,Tue,64
14586,S002,81.45,5,Fri,54
14587,S004,103.68,6,Fri,51
14588,S003,39.81,3,Fri,59
14589,S003,76.04,9,Tue,59
14590,S003,88.56,3,Wed,41
14591,S001,50.21,3,Mon,40
14592,S002,55.45,3,Mon,56
14593,S003,110.71,5,Tue,64
14594,S002,84.51,6,Wed,20
14595,S002,96.43,5,Fri,27
14596,S001,73.16,8,Wed,46
14597,S004,95.34,7,Wed,37
14598,S003,67.58,6,Sat,25
14599,S002,77.35,5,Thu,62
14600,S003,82.05,5,Fri,34
14601,S003,73.34,4,Wed,27
14602,S003,45.17,11,Fri,26
14603,S002,73.99,3,Fri,62
14604,S004,61.8,4,Tue,54
14605,S001,69.35,1,Sat,67
14606,S002,109.01,4,Sat,27
14607,S001,62.37,1,Tue,67
14608,S004,68.33,6,Thu,50
14609,S001,37.59,5,Sat,32
14610,S002,83.84,6,Fri,40
14611,S004,56.12,6,Wed,64
14612,S004,67.43,8,Sat,39
14613,S002,55.14,4,Tue,66
14614,S003,67.91,3,Fri,34
14615,S001,62.54,9,Thu,45
14616,S002,79.02,7,Mon,30
14617,S001,65.77,5,Tue,58
14618,S001,87.44,9,Wed,61
14619,S002,69.98,5,Sun,32
14620,S001,46.98,3,Sat,59
14621,S004,81.31,5,Sat,55
14622,S004,72.34,5,Sun,59
14623,S002,36.39,4,Sat,64
14624,S002,80.78,3,Wed,18
14625,S004,71.93,4,Wed,35
14626,S002,60.14,4,Tue,28
14627,S003,82.79,7,Wed,19
14628,S004,85.01,8,Sat,55
14629,S003,86.17,4,Tue,62
14630,S003,60.99,5,Wed,56
14631,S001,64.7,4,Fri,50
14632,S003,87.87,9,Mon,58
14633,S001,81.5,1,Sun,30
14634,S002,58.39,6,Sat,59
14635,S001,62.1,11,Mon,23
14636,S002,43.73,9,Fri,32
14637,S002,83.87,1,Sat,20
14638,S002,63.33,5,Sun,62
14639,S002,103.16,9,Thu,62
14640,S002,94.32,3,Sun,69
14641,S002,69.35,9,Sat,31
14642,S003,16.03,1,Fri,54
14643,S001,84.25,3,Mon,66
14644,S004,81.13,4,Thu,21
14645,S003,65.66,5,Tue,69
14646,S003,57.54,5,Mon,62
14647,S001,68.64,4,Mon,55
14648,S003,101.31,5,Sun,54
14649,S003,98.47,4,Sun,38
14650,S002,75.28,4,Thu,62
14651,S004,59.53,4,Mon,55
14652,S002,107.31,7,Thu,45
14653,S003,60.24,2,Sat,27
14654,S001,79.13,4,Sat,65
14655,S002,55.91,7,Tue,68
14656,S004,91.08,6,Fri,35
14657,S004,66.63,5,Mon,28
14658,S003,101.2,8,Sat,32
14659,S003,73.87,6,Wed,68
14660,S004,95.79,4,Fri,21
14661,S003,91.17,6,Thu,37
14662,S002,95.75,6,Sun,59
14663,S003,87.41,6,Fri,20
14664,S003,74.26,6,Sun,38
14665,S003,77.07,3,Sat,63
14666,S001,59.67,7,Fri,26
14667,S002,90.56,8,Sat,28
14668,S003,40.61,1,Tue,18
14669,S001,55.08,9,Thu,39
14670,S003,65.8,3,Sat,58
14671,S004,53.52,2,Wed,26
14672,S003,84.85,3,Tue,50
14673,S004,85.13,4,Tue,51
14674,S001,27.47,3,Thu,45
14675,S003,81.51,6,Sun,50
14676,S003,95.59,3,Tue,68
14677,S001,53.07,4,Fri,40
14678,S004,96.02,2,Sun,25
14679,S003,119.26,4,Mon,43
14680,S002,68.96,5,Fri,33
14681,S001,81.56,8,Tue,42
14682,S003,74.71,4,Sun,39
14683,S002,76.48,5,Tue,21
14684,S003,81.47,3,Fri,18
14685,S001,112.02,4,Sat,29
14686,S003,73.14,6,Fri,56
14687,S004,71.51,8,Fri,46
14688,S004,35.45,4,Thu,63
14689,S002,91.43,7,Fri,68
14690,S004,102.42,2,Wed,64
14691,S003,101.03,3,Fri,55
14692,S003,85.43,6,Fri,36
14693,S004,38.02,9,Sat,44
14694,S003,29.64,6,Sat,50
14695,S002,90.47,4,Thu,67
14696,S002,79.38,4,Wed,25
14697,S003,102.03,7,Mon,27
14698,S003,63.04,7,Mon,58
14699,S001,71.28,4,Sun,29
14700,S001,90.5,6,Fri,36
14701,S002,51.77,5,Sun,31
14702,S001,85.3,4,Tue,20
14703,S003,28.77,4,Thu,61
14704,S004,51.07,3,Sat,22
14705,S001,78.6,4,Sun,43
14706,S002,80.45,4,Fri,33
14707,S002,71.62,2,Sat,35
14708,S004,63.1,5,Wed,32
14709,S003,75.01,3,Mon,26
14710,S002,87.18,8,Thu,56
14711,S001,67.72,6,Tue,58
14712,S002,30.76,2,Mon,42
14713,S003,62.82,5,Thu,20
14714,S001,92.81,6,Wed,55
14715,S002,59.49,3,Sun,58
14716,S001,78.94,7,Wed,37
14717,S001,83.41,2,Mon,67
14718,S001,58.34,4,Tue,66
14719,S004,75.97,11,Tue,68
14720,S004,114.1,3,Thu,21
14721,S003,42.32,4,Mon,25
14722,S004,77.95,0,Wed,51
14723,S002,82.27,6,Mon,69
14724,S003,94.02,7,Sat,49
14725,S003,52.9,6,Tue,61
14726,S002,55.09,5,Tue,28
14727,S004,45.27,7,Thu,31
14728,S002,69.15,0,Wed,26
14729,S001,73.49,5,Mon,41
14730,S002,91.69,3,Fri,66
14731,S004,74.55,10,Fri,25
14732,S004,33.32,7,Mon,39
14733,S002,84.9,9,Sun,59
14734,S002,67.37,5,Sun,34
14735,S002,98.23,5,Sat,36
14736,S003,68.29,4,Sat,57
14737,S004,54.92,3,Fri,48
14738,S002,51.8,3,Sun,42
14739,S004,125.53,5,Thu,40
14740,S001,68.62,3,Sun,69
14741,S002,82.77,9,Wed,33
14742,S004,77.07,4,Wed,66
14743,S004,103.66,4,Tue,68
14744,S004,74.68,9,Fri,28
14745,S002,64.1,3,Tue,59
14746,S001,72.81,3,Tue,22
14747,S004,60.29,7,Tue,69
14748,S004,56.55,7,Thu,53
14749,S003,76.55,5,Sun,56
14750,S004,76.91,6,Sun,62
14751,S003,67.55,4,Tue,33
14752,S004,53.7,3,Wed,40
14753,S002,69.07,1,Thu,32
14754,S001,91.13,3,Mon,43
14755,S002,92.28,1,Wed,68
14756,S002,96.23,4,Tue,21
14757,S003,65.53,3,Tue,25
14758,S002,55.53,5,Sun,19
14759,S001,66.18,3,Tue,18
14760,S001,65.19,3,Sun,40
14761,S004,66.48,4,Tue,20
14762,S003,68.57,3,Fri,40
14763,S003,49.61,5,Fri,29
14764,S002,61.31,4,Thu,68
14765,S004,54.1,7,Mon,40
14766,S001,93.54,4,Sun,55
14767,S001,95.09,4,Sat,46
14768,S001,36.13,2,Mon,55
14769,S002,72.53,5,Sun,27
14770,S003,74.28,5,Tue,49
14771,S001,53.44,6,Mon,37
14772,S002,91.86,6,Thu,55
14773,S002,42.4,8,Fri,62
14774,S002,84.34,4,Thu,34
14775,S002,77.61,0,Sat,45
14776,S003,48.9,7,Mon,68
14777,S004,89.33,7,Sun,40
14778,S001,66.19,3,Sat,63
14779,S001,41.89,4,Sun,63
14780,S004,59.92,8,Tue,40
14781,S004,58.89,6,Wed,48
14782,S001,109.8,6,Wed,57
14783,S004,91.94,5,Fri,32
14784,S003,54.36,6,Fri,57
14785,S002,88.0,5,Thu,51
14786,S001,87.26,4,Thu,33
14787,S003,70.8,4,Fri,36
14788,S003,109.54,6,Thu,51
14789,S002,66.33,7,Mon,29
14790,S001,55.45,6,Fri,54
14791,S001,75.35,4,Thu,64
14792,S004,57.96,7,Tue,57
14793,S002,69.53,4,Wed,37
14794,S001,98.65,5,Sat,28
14795,S003,59.94,6,Sat,65
14796,S004,100.88,5,Sun,48
14797,S003,66.32,6,Fri,62
14798,S004,65.43,12,Thu,24
14799,S003,72.27,1,Tue,67
14800,S003,98.3,6,Fri,50
14801,S002,47.79,4,Tue,30
14802,S002,50.5,4,Fri,63
14803,S002,85.13,5,Sat,68
14804,S001,68.0,6,Fri,51
14805,S004,27.22,11,Wed,45
14806,S002,67.89,5,Thu,29
14807,S004,76.57,3,Thu,55
14808,S003,65.63,2,Tue,60
14809,S002,56.72,8,Thu,64
14810,S001,59.97,3,Tue,64
14811,S003,82.82,3,Fri,19
14812,S002,112.27,2,Fri,21
14813,S003,76.97,4,Wed,18
14814,S004,63.94,7,Wed,22
14815,S001,58.61,5,Wed,60
14816,S002,75.25,2,Fri,53
14817,S002,93.1,4,Wed,61
14818,S003,64.41,5,Sat,39
14819,S004,87.39,4,Thu,44
14820,S001,59.85,7,Tue,41
14821,S002,61.82,5,Mon,19
14822,S002,103.97,6,Sat,67
14823,S002,78.61,3,Mon,50
14824,S003,73.06,6,Mon,44
14825,S004,57.88,2,Fri,54
14826,S001,71.73,7,Sat,42
14827,S002,91.0,8,Fri,40
14828,S001,84.14,5,Sat,35
14829,S002,74.05,3,Sun,45
14830,S001,46.15,4,Thu,24
14831,S001,71.52,6,Thu,20
14832,S004,64.53,5,Mon,59
14833,S001,90.77,1,Mon,40
14834,S004,82.7,2,Tue,64
14835,S001,81.18,4,Thu,43
14836,S002,85.86,5,Fri,63
14837,S001,84.47,3,Thu,51
14838,S004,53.17,9,Mon,31
14839,S002,53.2,5,Mon,53
14840,S002,83.14,5,Wed,40
14841,S001,56.83,8,Tue,36
14842,S003,59.56,4,Sun,69
14843,S004,75.38,4,Sat,69
14844,S004,93.12,3,Sun,68
14845,S004,85.25,6,Sun,42
14846,S003,47.06,7,Thu,38
14847,S003,90.55,5,Mon,27
14848,S001,85.75,4,Mon,21
14849,S002,77.22,5,Thu,19
14850,S001,57.63,6,Sun,68
14851,S001,61.7,7,Fri,30
14852,S004,73.42,7,Wed,40
14853,S003,69.12,3,Thu,20
14854,S003,35.51,3,Thu,18
14855,S004,94.06,3,Wed,55
14856,S002,62.22,5,Tue,40
14857,S001,100.41,7,Sat,33
14858,S004,61.64,6,Fri,51
14859,S004,84.43,7,Sun,19
14860,S003,33.11,2,Wed,53
14861,S001,110.82,2,Sat,41
14862,S001,79.15,6,Sun,64
14863,S004,66.38,5,Sun,43
14864,S002,84.39,6,Mon,42
14865,S002,61.9,6,Thu,28
14866,S002,84.72,3,Fri,42
14867,S003,51.95,7,Fri,31
14868,S004,86.19,2,Mon,46
14869,S004,45.2,6,Fri,25
14870,S002,39.01,4,Thu,49
14871,S004,108.25,5,Tue,48
14872,S003,70.51,3,Tue,58
14873,S002,64.46,5,Sat,20
14874,S001,74.14,4,Fri,34
14875,S002,49.41,6,Sat,68
14876,S002,60.05,7,Wed,64
14877,S001,76.88,6,Wed,50
14878,S002,91.66,7,Sun,67
14879,S002,101.12,6,Fri,53
14880,S004,82.88,8,Thu,51
14881,S003,94.85,8,Sun,20
14882,S002,41.38,5,Sun,32
14883,S004,52.41,1,Sat,55
14884,S003,80.47,5,Wed,66
14885,S004,41.61,4,Wed,50
14886,S002,62.23,7,Thu,26
14887,S002,94.9,4,Mon,49
14888,S004,64.88,4,Thu,23
14889,S003,95.07,4,Thu,20
14890,S003,76.99,5,Fri,36
14891,S004,73.55,4,Tue,57
14892,S003,74.55,3,Sun,66
14893,S002,118.51,6,Thu,66
14894,S003,77.07,8,Sat,55
14895,S002,49.08,5,Fri,52
14896,S003,107.6,1,Thu,68
14897,S004,75.62,5,Mon,24
14898,S001,75.09,3,Wed,44
14899,S003,59.3,6,Tue,48
14900,S002,59.4,1,Wed,65
14901,S004,59.23,4,Wed,28
14902,S002,53.33,4,Sat,31
14903,S002,81.08,3,Wed,48
14904,S001,73.16,8,Sat,51
14905,S004,45.75,5,Wed,34
14906,S001,43.27,8,Fri,32
14907,S004,54.2,5,Wed,29
14908,S003,82.16,4,Thu,28
14909,S004,62.12,11,Mon,53
14910,S004,87.25,3,Wed,50
14911,S001,57.79,5,Mon,63
14912,S001,73.64,4,Sun,68
14913,S001,35.49,4,Fri,69
14914,S002,96.17,1,Fri,60
14915,S003,77.0,7,Thu,56
14916,S001,51.84,4,Mon,20
14917,S004,44.17,7,Fri,67
14918,S002,67.32,3,Fri,52
14919,S001,83.42,7,Sun,23
14920,S003,84.29,4,Sat,18
14921,S003,74.32,3,Thu,26
14922,S002,77.6,3,Wed,58
14923,S003,67.23,7,Wed,41
14924,S002,57.27,3,Mon,38
14925,S001,42.71,3,Sat,41
14926,S004,147.11,5,Fri,52
14927,S002,77.92,8,Mon,51
14928,S003,105.43,6,Sat,53
14929,S001,53.74,4,Wed,28
14930,S003,63.67,5,Wed,58
14931,S001,71.1,5,Tue,40
14932,S002,48.93,5,Mon,49
14933,S002,74.13,4,Sat,39
14934,S001,65.23,6,Sun,53
14935,S002,53.84,2,Sat,46
14936,S004,107.81,2,Fri,32
14937,S004,69.91,6,Sat,33
14938,S004,82.75,6,Sun,53
14939,S003,80.55,9,Sat,58
14940,S001,98.58,9,Sat,32
14941,S003,69.07,7,Mon,50
14942,S001,28.4,8,Tue,48
14943,S004,54.43,7,Sun,38
14944,S003,83.32,5,Sat,24
14945,S002,89.01,5,Sun,54
14946,S003,109.36,3,Sat,46
14947,S004,95.59,3,Fri,31
14948,S004,92.0,4,Thu,48
14949,S004,71.09,7,Sat,20
14950,S002,33.25,9,Wed,57
14951,S004,55.53,5,Sat,55
14952,S004,82.03,1,Thu,36
14953,S003,87.56,4,Wed,59
14954,S001,90.64,1,Sun,21
14955,S003,61.34,7,Tue,26
14956,S003,54.47,6,Fri,21
14957,S001,105.11,4,Fri,54
14958,S002,56.34,5,Sat,40
14959,S003,34.46,7,Wed,60
14960,S003,59.58,5,Sat,35
14961,S001,62.18,6,Thu,54
14962,S001,70.65,7,Sun,38
14963,S004,114.92,8,Mon,35
14964,S003,77.62,3,Sun,25
14965,S004,89.79,11,Sun,41
14966,S001,102.61,3,Tue,27
14967,S002,12.53,3,Tue,66
14968,S002,91.98,4,Tue,29
14969,S004,90.66,3,Fri,66
14970,S003,49.17,3,Thu,52
14971,S001,84.85,5,Sat,51
14972,S003,78.17,5,Tue,60
14973,S002,52.67,10,Wed,62
14974,S004,106.3,2,Sat,53
14975,S002,53.04,3,Wed,19
14976,S002,61.78,9,Mon,60
14977,S002,112.9,5,Thu,54
14978,S002,59.69,9,Sun,47
14979,S004,68.97,6,Thu,35
14980,S003,84.44,5,Sun,34
14981,S002,57.16,5,Fri,36
14982,S004,77.3,2,Tue,63
14983,S003,80.53,4,Wed,21
14984,S002,65.32,3,Sat,64
14985,S001,101.29,7,Sun,48
14986,S002,80.39,4,Tue,30
14987,S001,70.74,4,Tue,51
14988,S003,61.83,4,Mon,25
14989,S001,48.15,8,Sun,26
14990,S002,80.53,11,Wed,44
14991,S001,98.48,8,Mon,59
14992,S002,58.77,5,Mon,21
14993,S004,84.62,5,Sat,51
14994,S002,57.42,5,Thu,61
14995,S003,80.27,5,Mon,58
14996,S004,62.18,8,Thu,63
14997,S002,73.38,8,Fri,52
14998,S004,61.37,8,Sat,65
14999,S002,105.21,5,Mon,55
15000,S004,85.36,7,Fri,25
15001,S001,61.43,5,Sun,33
15002,S004,72.49,4,Tue,28
15003,S002,69.1,8,Sun,21
15004,S001,59.82,3,Sat,40
15005,S003,57.69,7,Sat,69
15006,S003,82.72,7,Mon,59
15007,S003,99.33,2,Thu,22
15008,S004,100.34,4,Sun,37
15009,S002,80.7,4,Thu,47
15010,S001,64.48,4,Wed,51
15011,S002,99.32,4,Tue,66
15012,S001,69.06,7,Tue,31
15013,S002,87.31,5,Fri,58
15014,S004,61.48,3,Tue,44
15015,S004,73.41,7,Sun,57
15016,S003,96.06,5,Mon,39
15017,S004,102.09,6,Sun,53
15018,S003,105.41,9,Sat,43
15019,S003,69.53,7,Sat,26
15020,S004,107.14,2,Sat,24
15021,S001,50.68,6,Sat,35
15022,S001,83.34,9,Wed,38
15023,S003,66.01,5,Mon,40
15024,S004,86.65,2,Thu,38
15025,S002,71.06,3,Wed,42
15026,S003,70.01,4,Sun,38
15027,S004,50.1,8,Wed,55
15028,S003,71.07,3,Tue,34
15029,S004,64.46,3,Sat,22
15030,S001,83.74,8,Wed,67
15031,S004,32.7,6,Tue,69
15032,S002,69.78,5,Fri,51
15033,S003,75.31,4,Wed,50
15034,S002,86.45,6,Sat,24
15035,S004,76.36,8,Fri,24
15036,S002,76.23,4,Thu,44
15037,S004,81.82,7,Tue,28
15038,S002,49.46,4,Wed,18
15039,S003,81.67,3,Thu,57
15040,S004,85.86,4,Mon,31
15041,S002,74.14,10,Tue,37
15042,S001,108.57,4,Wed,24
15043,S004,59.57,3,Sat,36
15044,S002,71.57,7,Tue,58
15045,S004,67.65,3,Sat,29
15046,S001,87.41,8,Wed,68
15047,S004,41.34,3,Thu,68
15048,S001,98.2,2,Fri,21
15049,S001,84.48,1,Wed,48
15050,S004,91.99,2,Fri,46
15051,S004,96.31,10,Mon,30
15052,S001,92.33,2,Fri,48
15053,S002,92.08,6,Fri,63
15054,S001,80.06,5,Sat,29
15055,S002,104.22,6,Fri,38
15056,S003,45.72,4,Thu,44
15057,S003,94.73,4,Wed,43
15058,S002,109.07,6,Tue,20
15059,S002,93.42,5,Mon,34
15060,S004,91.03,4,Thu,38
15061,S001,81.64,2,Sat,36
15062,S003,44.95,3,Sun,24
15063,S003,67.99,6,Mon,32
15064,S004,75.78,2,Sun,48
15065,S002,76.66,5,Thu,65
15066,S001,67.29,8,Sat,38
15067,S001,44.28,5,Thu,29
15068,S001,100.23,6,Wed,63
15069,S002,100.52,5,Mon,63
15070,S001,77.96,4,Thu,18
15071,S004,100.91,6,Fri,28
15072,S002,59.28,7,Fri,41
15073,S004,51.28,4,Wed,18
15074,S003,30.88,2,Tue,49
15075,S002,54.06,3,Tue,56
15076,S004,81.7,7,Mon,37
15077,S002,85.6,7,Sat,18
15078,S003,74.19,4,Fri,22
15079,S003,103.24,4,Wed,47
15080,S002,83.03,2,Sun,53
15081,S003,71.92,6,Thu,66
15082,S001,93.25,4,Mon,60
15083,S002,64.11,5,Wed,35
15084,S002,99.37,8,Mon,56
15085,S002,57.27,5,Fri,36
15086,S003,98.84,7,Tue,42
15087,S001,95.09,4,Sat,18
15088,S001,42.25,2,Sun,30
15089,S004,93.72,4,Fri,20
15090,S001,50.85,6,Mon,33
15091,S003,59.68,5,Fri,69
15092,S003,85.63,3,Sat,23
15093,S002,57.13,4,Fri,69
15094,S001,98.78,7,Mon,65
15095,S002,81.37,6,Sat,37
15096,S003,107.42,5,Wed,69
15097,S003,83.31,7,Thu,32
15098,S002,66.11,6,Mon,31
15099,S003,61.31,4,Sat,53
15100,S003,58.71,8,Thu,35
15101,S003,88.06,3,Mon,21
15102,S001,91.32,4,Fri,64
15103,S002,104.6,4,Sat,65
15104,S002,83.01,3,Wed,38
15105,S003,59.67,3,Thu,37
15106,S004,93.51,5,Sun,35
15107,S003,68.03,1,Tue,57
15108,S004,52.06,8,Tue,49
15109,S001,60.93,5,Fri,54
15110,S004,74.12,2,Sat,39
15111,S004,70.24,7,Thu,27
15112,S003,83.23,7,Thu,33
15113,S001,63.42,6,Fri,23
15114,S001,89.24,6,Wed,31
15115,S002,62.97,6,Mon,60
15116,S002,52.22,3,Wed,59
15117,S003,97.35,7,Sun,69
15118,S002,84.19,1,Tue,52
15119,S002,106.83,6,Wed,20
15120,S004,53.76,2,Sat,31
15121,S001,58.57,1,Sun,18
15122,S001,60.01,3,Mon,49
15123,S003,89.07,7,Sun,54
15124,S001,72.53,7,Sat,50
15125,S002,76.4,6,Tue,25
15126,S002,63.89,9,Fri,35
15127,S002,76.52,3,Sun,60
15128,S001,81.68,9,Mon,53
15129,S003,31.16,2,Sat,35
15130,S002,68.77,5,Fri,63
15131,S004,91.33,2,Thu,23
15132,S002,80.8,7,Wed,26
15133,S002,80.74,4,Sun,42
15134,S001,117.25,9,Tue,52
15135,S002,52.03,6,Fri,30
15136,S002,46.28,8,Mon,53
15137,S001,68.05,3,Mon,36
15138,S003,47.01,8,Mon,19
15139,S002,91.81,5,Mon,29
15140,S002,56.77,8,Tue,37
15141,S002,83.78,4,Thu,20
15142,S004,41.24,7,Tue,30
15143,S003,70.61,3,Mon,54
15144,S002,102.98,4,Thu,66
15145,S003,62.18,2,Fri,60
15146,S003,71.15,5,Tue,33
15147,S001,69.69,5,Mon,22
15148,S004,76.72,2,Mon,69
15149,S003,79.93,9,Fri,30
15150,S002,80.04,2,Mon,34
15151,S001,133.15,7,Sat,55
15152,S001,45.23,5,Fri,57
15153,S003,88.78,8,Fri,63
15154,S001,83.91,4,Sun,36
15155,S002,87.39,4,Thu,35
15156,S002,73.07,4,Mon,64
15157,S003,97.88,4,Tue,26
15158,S003,77.9,13,Tue,35
15159,S004,63.52,6,Wed,37
15160,S004,76.03,4,Wed,54
15161,S002,131.22,7,Tue,31
15162,S001,80.0,3,Sun,39
15163,S002,54.66,4,Fri,45
15164,S004,75.92,5,Sun,65
15165,S003,85.01,4,Wed,56
15166,S002,99.49,4,Fri,18
15167,S003,63.81,4,Tue,57
15168,S001,105.47,8,Mon,37
15169,S002,63.29,5,Fri,67
15170,S003,91.93,6,Fri,37
15171,S001,72.87,4,Wed,61
15172,S004,90.4,5,Sat,22
15173,S002,90.02,9,Wed,53
15174,S004,63.79,5,Fri,25
15175,S004,39.79,5,Mon,62
15176,S002,83.74,9,Fri,20
15177,S002,81.04,5,Wed,22
15178,S001,77.93,1,Sat,68
15179,S004,87.2,4,Sun,46
15180,S003,106.04,5,Sat,39
15181,S004,75.24,5,Tue,26
15182,S003,75.0,5,Wed,35
15183,S003,60.16,7,Sat,49
15184,S001,47.4,7,Fri,46
15185,S003,73.49,7,Sat,64
15186,S004,98.35,3,Fri,63
15187,S003,74.43,5,Mon,61
15188,S004,50.49,2,Fri,21
15189,S004,108.88,4,Tue,40
15190,S002,89.02,6,Fri,57
15191,S002,77.94,4,Fri,64
15192,S001,70.82,5,Wed,55
15193,S001,56.64,2,Wed,56
15194,S002,55.18,2,Wed,43
15195,S003,57.88,4,Wed,65
15196,S001,86.49,6,Sun,36
15197,S003,80.94,1,Mon,44
15198,S002,90.19,4,Mon,42
15199,S001,86.59,6,Mon,27
15200,S003,68.54,5,Thu,57
15201,S003,68.14,1,Thu,31
15202,S002,72.63,5,Mon,61
15203,S003,79.37,5,Mon,42
15204,S003,94.57,10,Thu,53
15205,S004,45.68,1,Mon,60
15206,S002,90.31,6,Sat,43
15207,S002,67.17,4,Sat,61
15208,S003,65.58,3,Sun,48
15209,S003,74.53,5,Fri,47
15210,S002,31.88,5,Mon,32
15211,S004,58.32,6,Sun,21
15212,S002,65.48,1,Sun,38
15213,S002,71.83,2,Thu,27
15214,S002,48.85,3,Wed,55
15215,S002,87.38,5,Mon,58
15216,S001,67.65,5,Mon,67
15217,S001,83.42,6,Mon,56
15218,S004,75.79,4,Sun,27
15219,S002,70.64,7,Thu,38
15220,S003,77.76,5,Mon,67
15221,S004,74.36,9,Tue,65
15222,S001,65.72,6,Sun,38
15223,S003,73.72,6,Fri,19
15224,S002,51.92,10,Thu,45
15225,S004,55.74,4,Thu,61
15226,S003,41.46,3,Mon,67
15227,S004,63.28,1,Sun,30
15228,S003,73.35,4,Thu,28
15229,S004,43.09,2,Wed,49
15230,S003,74.0,4,Mon,63
15231,S003,73.48,4,Mon,34
15232,S004,74.53,6,Wed,26
15233,S004,74.46,6,Tue,64
15234,S001,79.17,11,Mon,69
15235,S001,42.77,4,Thu,24
15236,S002,75.7,5,Fri,62
15237,S003,46.52,8,Fri,55
15238,S002,49.49,4,Wed,35
15239,S002,41.51,6,Fri,38
15240,S004,47.12,2,Wed,62
15241,S003,46.98,5,Mon,60
15242,S002,86.14,7,Mon,60
15243,S003,42.5,4,Tue,20
15244,S002,76.25,3,Sun,60
15245,S004,55.53,3,Mon,39
15246,S001,114.98,4,Wed,23
15247,S001,82.95,5,Mon,54
15248,S003,113.82,6,Thu,32
15249,S003,66.51,2,Mon,60
15250,S003,60.1,4,Thu,57
15251,S002,106.3,3,Sat,44
15252,S002,72.37,4,Tue,32
15253,S004,51.46,10,Wed,21
15254,S003,71.25,4,Sun,55
15255,S004,53.34,6,Sun,53
15256,S002,66.45,5,Mon,54
15257,S004,67.47,5,Fri,36
15258,S004,37.59,6,Fri,22
15259,S002,67.93,3,Tue,63
15260,S002,74.51,9,Sun,63
15261,S001,113.51,4,Mon,57
15262,S002,85.0,5,Mon,44
15263,S001,74.82,5,Mon,27
15264,S002,72.54,2,Mon,69
15265,S004,71.89,6,Sat,67
15266,S003,97.5,9,Wed,28
15267,S001,88.02,3,Thu,43
15268,S003,101.86,3,Mon,26
15269,S004,82.66,3,Mon,58
15270,S004,60.52,5,Mon,31
15271,S004,74.59,2,Wed,25
15272,S001,50.88,7,Fri,67
15273,S001,111.11,2,Sat,36
15274,S004,74.38,4,Tue,48
15275,S004,108.07,4,Fri,27
15276,S002,93.34,7,Tue,23
15277,S004,88.17,6,Mon,52
15278,S004,124.87,3,Tue,36
15279,S003,78.64,10,Wed,18
15280,S002,66.69,4,Wed,38
15281,S004,40.28,4,Fri,57
15282,S003,56.99,6,Fri,67
15283,S004,101.39,8,Sat,50
15284,S002,97.95,5,Wed,50
15285,S004,67.42,2,Sat,54
15286,S001,82.65,11,Tue,50
15287,S002,85.28,7,Tue,52
15288,S002,109.24,5,Sun,37
15289,S003,98.25,3,Wed,69
15290,S001,77.95,5,Tue,30
15291,S003,63.37,6,Sun,41
15292,S001,79.82,6,Thu,35
15293,S001,43.86,7,Wed,53
15294,S001,55.24,1,Tue,36
15295,S001,41.42,5,Fri,51
15296,S004,72.15,5,Tue,30
15297,S002,61.82,3,Mon,66
15298,S004,62.58,7,Tue,69
15299,S004,94.19,4,Thu,27
15300,S003,80.74,4,Tue,34
15301,S003,73.49,6,Fri,62
15302,S002,73.11,5,Tue,64
15303,S002,112.25,2,Sat,51
15304,S001,96.06,4,Wed,42
15305,S002,62.33,6,Tue,46
15306,S002,64.84,5,Wed,30
15307,S001,48.45,7,Sat,40
15308,S003,60.79,3,Fri,46
15309,S001,69.15,6,Thu,43
15310,S002,34.93,4,Fri,58
15311,S004,77.23,3,Sat,44
15312,S004,74.05,4,Fri,43
15313,S002,48.35,5,Wed,35
15314,S003,59.39,6,Sat,32
15315,S001,81.44,2,Mon,30
15316,S003,93.89,3,Sat,18
15317,S002,107.97,7,Sun,27
15318,S003,69.98,4,Tue,37
15319,S003,45.55,10,Thu,27
15320,S001,22.86,6,Tue,46
15321,S002,54.97,6,Wed,20
15322,S003,54.63,3,Fri,35
15323,S001,99.24,5,Wed,30
15324,S003,57.34,4,Tue,32
15325,S002,86.52,7,Tue,56
15326,S002,83.65,4,Sat,66
15327,S001,61.39,5,Wed,28
15328,S001,112.87,5,Sat,34
15329,S003,95.72,5,Sat,56
15330,S004,26.67,3,Wed,26
15331,S002,98.68,7,Thu,59
15332,S003,70.46,5,Thu,27
15333,S002,64.88,4,Sun,39
15334,S001,93.75,4,Thu,32
15335,S003,50.77,10,Thu,62
15336,S003,59.99,2,Thu,31
15337,S001,84.96,6,Sun,26
15338,S003,92.52,6,Wed,28
15339,S003,66.7,9,Fri,68
15340,S002,97.81,6,Thu,35
15341,S004,78.7,6,Sat,39
15342,S002,37.92,10,Wed,38
15343,S003,57.54,3,Thu,65
15344,S002,92.48,4,Sat,23
15345,S003,114.16,6,Thu,57
15346,S003,123.37,7,Wed,40
15347,S003,52.35,5,Tue,41
15348,S003,86.86,5,Wed,42
15349,S002,52.09,9,Wed,43
15350,S002,77.61,6,Thu,38
15351,S002,60.06,6,Sun,45
15352,S004,64.88,4,Sat,27
15353,S002,56.37,6,Wed,23
15354,S004,76.99,3,Sat,18
15355,S001,59.89,7,Mon,28
15356,S002,77.44,6,Tue,31
15357,S002,70.09,3,Sat,51
15358,S002,82.31,4,Thu,53
15359,S003,57.77,5,Tue,46
15360,S002,79.0,4,Mon,59
15361,S001,78.06,3,Wed,57
15362,S003,60.99,5,Tue,60
15363,S002,84.23,9,Sun,55
15364,S002,102.57,8,Sat,60
15365,S003,88.44,0,Tue,69
15366,S001,82.47,8,Sun,64
15367,S004,47.29,4,Tue,55
15368,S004,84.87,6,Tue,45
15369,S002,33.83,3,Tue,62
15370,S001,38.37,4,Thu,63
15371,S002,64.24,7,Tue,67
15372,S004,78.47,3,Fri,60
15373,S004,98.53,5,Sat,67
15374,S001,42.88,5,Wed,58
15375,S002,94.68,6,Thu,66
15376,S001,72.7,5,Mon,33
15377,S004,74.84,6,Sun,46
15378,S001,118.09,7,Sun,60
15379,S004,94.11,10,Sat,26
15380,S001,78.52,5,Wed,21
15381,S004,66.48,6,Mon,60
15382,S003,54.37,3,Sun,29
15383,S003,66.1,4,Sat,30
15384,S001,41.97,2,Tue,23
15385,S004,92.33,3,Thu,19
15386,S002,67.06,5,Mon,33
15387,S004,68.85,3,Sat,45
15388,S004,57.53,3,Mon,22
15389,S002,88.24,8,Sun,18
15390,S004,54.26,7,Mon,25
15391,S003,85.69,8,Thu,62
15392,S002,44.03,7,Mon,62
15393,S004,67.79,2,Sun,60
15394,S004,44.45,3,Wed,61
15395,S004,72.48,4,Wed,41
15396,S002,98.65,5,Sat,41
15397,S001,49.0,7,Thu,40
15398,S002,57.11,2,Sun,44
15399,S001,65.63,8,Fri,38
15400,S001,54.19,5,Thu,51
15401,S001,79.72,2,Sat,34
15402,S001,71.64,7,Tue,37
15403,S002,89.65,6,Sat,58
15404,S001,71.85,3,Sat,26
15405,S002,99.25,8,Thu,56
15406,S002,75.75,3,Sun,45
15407,S002,54.77,6,Tue,62
15408,S004,73.41,8,Mon,45
15409,S004,54.83,3,Wed,37
15410,S001,69.28,6,Thu,65
15411,S003,94.81,4,Fri,48
15412,S001,99.66,3,Tue,30
15413,S004,101.79,5,Wed,51
15414,S004,71.77,5,Fri,29
15415,S004,12.6,5,Sun,44
15416,S004,100.5,11,Fri,60
15417,S004,55.82,5,Fri,50
15418,S002,75.91,4,Sun,49
15419,S004,54.69,4,Fri,43
15420,S004,64.56,7,Mon,49
15421,S004,99.42,4,Tue,26
15422,S004,73.79,2,Sun,61
15423,S001,87.05,10,Fri,53
15424,S002,84.9,4,Tue,22
15425,S003,75.8,3,Mon,64
15426,S001,69.93,6,Fri,41
15427,S003,105.47,7,Tue,39
15428,S003,50.84,5,Thu,69
15429,S004,77.99,9,Mon,60
15430,S003,90.67,4,Sun,51
15431,S004,70.79,2,Sun,45
15432,S001,74.04,3,Sun,36
15433,S002,78.07,8,Wed,25
15434,S003,99.93,2,Mon,29
15435,S001,88.99,0,Tue,19
15436,S004,85.63,1,Mon,31
15437,S002,118.7,4,Sun,36
15438,S003,83.26,3,Fri,20
15439,S003,36.13,7,Sat,54
15440,S004,98.22,7,Thu,26
15441,S002,85.68,4,Wed,60
15442,S004,74.07,3,Fri,38
15443,S004,98.98,5,Sun,63
15444,S004,55.96,6,Sat,66
15445,S004,78.63,2,Sat,65
15446,S004,59.29,1,Tue,61
15447,S002,48.39,4,Mon,38
15448,S004,99.69,3,Wed,27
15449,S003,95.43,3,Sat,19
15450,S002,88.9,6,Sun,58
15451,S004,101.4,4,Sun,68
15452,S003,68.07,5,Wed,63
15453,S004,61.95,3,Sat,41
15454,S001,69.95,9,Wed,60
15455,S003,66.98,5,Tue,51
15456,S002,92.85,6,Fri,32
15457,S003,65.08,7,Fri,22
15458,S003,70.9,4,Sun,45
15459,S002,107.55,2,Mon,54
15460,S001,72.62,7,Wed,58
15461,S001,78.91,3,Wed,40
15462,S003,74.05,6,Thu,56
15463,S002,67.36,5,Fri,53
15464,S004,96.59,6,Sun,18
15465,S004,64.32,9,Sat,49
15466,S004,59.86,3,Sat,19
15467,S003,70.52,11,Thu,54
15468,S001,36.79,7,Mon,44
15469,S002,84.9,3,Mon,41
15470,S003,91.81,6,Fri,51
15471,S001,84.15,2,Mon,45
15472,S003,57.24,7,Mon,41
15473,S004,64.09,3,Tue,51
15474,S003,101.46,4,Wed,48
15475,S003,73.09,6,Thu,32
15476,S001,78.23,2,Wed,43
15477,S003,81.22,5,Fri,34
15478,S002,50.97,7,Sat,63
15479,S001,52.54,6,Sat,49
15480,S003,106.83,1,Mon,48
15481,S003,84.11,4,Sat,31
15482,S001,73.31,3,Mon,46
15483,S004,76.39,7,Fri,34
15484,S001,102.97,4,Thu,53
15485,S003,92.96,3,Tue,23
15486,S004,73.51,5,Wed,62
15487,S003,57.78,4,Tue,33
15488,S003,74.93,3,Sun,24
15489,S001,84.29,5,Thu,21
15490,S003,88.0,8,Fri,64
15491,S001,82.94,5,Wed,21
15492,S001,87.11,3,Tue,27
15493,S004,52.72,9,Thu,55
15494,S001,100.24,2,Sat,29
15495,S003,54.94,2,Thu,69
15496,S002,89.91,7,Sun,67
15497,S001,55.41,9,Sat,18
15498,S002,54.56,4,Mon,42
15499,S003,79.56,3,Sun,44
15500,S004,70.44,2,Thu,22
15501,S002,100.95,6,Wed,61
15502,S001,89.02,7,Thu,46
15503,S001,72.53,3,Fri,19
15504,S004,88.2,7,Sat,19
15505,S003,107.34,7,Sun,20
15506,S004,72.19,2,Wed,62
15507,S003,84.09,6,Fri,28
15508,S002,56.85,7,Mon,63
15509,S002,48.29,3,Sat,49
15510,S004,46.74,6,Wed,60
15511,S002,57.66,4,Sat,31
15512,S001,79.28,4,Fri,31
15513,S002,88.41,3,Tue,67
15514,S001,80.97,4,Tue,44
15515,S004,78.42,6,Wed,32
15516,S003,75.08,4,Sun,53
15517,S003,79.55,5,Tue,67
15518,S002,63.74,4,Thu,27
15519,S001,70.71,4,Tue,49
15520,S004,62.0,4,Tue,66
15521,S004,95.36,4,Thu,43
15522,S004,53.03,8,Sun,65
15523,S002,51.61,6,Fri,55
15524,S003,103.91,6,Wed,39
15525,S004,93.17,5,Sat,55
15526,S003,85.5,4,Thu,68
15527,S001,97.42,1,Fri,31
15528,S003,63.37,5,Fri,65
15529,S001,36.86,5,Thu,29
15530,S001,100.44,4,Mon,51
15531,S003,82.56,7,Mon,40
15532,S001,98.75,4,Tue,23
15533,S003,117.22,7,Fri,45
15534,S003,102.39,4,Fri,45
15535,S001,84.81,6,Thu,51
15536,S001,72.89,7,Wed,28
15537,S002,110.44,2,Tue,46
15538,S003,81.36,5,Mon,49
15539,S001,87.04,4,Sun,64
15540,S001,116.04,6,Thu,58
15541,S003,58.76,4,Mon,37
15542,S003,49.19,4,Mon,32
15543,S002,113.44,3,Wed,45
15544,S002,80.24,5,Mon,62
15545,S003,104.09,4,Mon,41
15546,S004,74.46,10,Wed,30
15547,S002,53.4,4,Mon,39
15548,S004,124.06,1,Thu,39
15549,S002,84.63,6,Thu,68
15550,S003,122.15,4,Fri,52
15551,S003,91.42,2,Tue,52
15552,S004,88.77,10,Tue,45
15553,S001,52.52,5,Sat,46
15554,S003,67.3,9,Tue,24
15555,S002,64.29,5,Thu,53
15556,S003,100.47,4,Wed,37
15557,S001,65.78,11,Mon,26
15558,S003,78.94,3,Thu,18
15559,S003,86.0,5,Thu,47
15560,S004,115.84,6,Sat,35
15561,S002,85.56,9,Wed,43
15562,S004,66.54,6,Tue,46
15563,S004,44.67,6,Thu,51
15564,S001,65.3,6,Wed,37
15565,S002,96.39,2,Tue,38
15566,S001,82.16,2,Thu,69
15567,S002,82.34,7,Tue,67
15568,S004,82.69,1,Sat,58
15569,S002,85.88,8,Mon,42
15570,S002,51.96,5,Thu,48
15571,S004,67.75,7,Thu,51
15572,S001,70.53,1,Wed,18
15573,S004,72.38,3,Thu,40
15574,S004,81.38,4,Sun,38
15575,S002,89.49,2,Mon,58
15576,S004,87.26,10,Sun,50
15577,S001,88.67,6,Tue,58
15578,S004,77.12,5,Sun,23
15579,S002,54.05,4,Wed,63
15580,S004,99.7,3,Mon,53
15581,S004,78.7,1,Wed,59
15582,S001,53.79,8,Sat,22
15583,S001,129.92,5,Sat,67
15584,S002,95.23,3,Mon,29
15585,S003,102.13,3,Tue,34
15586,S001,61.03,7,Fri,54
15587,S003,94.84,4,Thu,65
15588,S002,72.61,5,Fri,20
15589,S002,63.46,3,Fri,62
15590,S004,41.78,6,Sat,51
15591,S004,46.02,6,Thu,38
15592,S001,71.92,8,Thu,55
15593,S001,74.21,4,Sun,38
15594,S002,43.9,5,Fri,28
15595,S001,83.03,8,Thu,41
15596,S001,46.08,5,Wed,31
15597,S003,82.67,5,Fri,43
15598,S004,69.46,5,Mon,42
15599,S001,71.35,5,Wed,53
15600,S003,47.41,8,Wed,47
15601,S003,53.31,6,Wed,51
15602,S001,80.68,5,Tue,60
15603,S004,36.33,7,Sat,69
15604,S002,44.87,3,Mon,26
15605,S001,58.82,7,Mon,36
15606,S003,27.95,2,Tue,69
15607,S001,81.86,4,Wed,25
15608,S003,38.35,4,Mon,64
15609,S001,84.92,5,Tue,66
15610,S001,62.81,3,Fri,55
15611,S003,72.44,9,Tue,51
15612,S002,76.11,5,Thu,58
15613,S002,91.53,6,Mon,57
15614,S001,64.36,2,Fri,61
15615,S003,48.01,3,Tue,34
15616,S001,75.36,7,Tue,20
15617,S004,80.31,5,Tue,27
15618,S003,105.72,7,Sat,37
15619,S003,103.76,1,Thu,58
15620,S004,44.14,3,Thu,31
15621,S004,54.96,3,Thu,45
15622,S001,71.67,4,Thu,34
15623,S004,82.44,4,Mon,41
15624,S001,55.55,11,Wed,54
15625,S004,83.96,9,Wed,42
15626,S001,63.79,3,Tue,21
15627,S003,18.47,5,Sat,31
15628,S003,71.54,5,Sat,34
15629,S002,48.61,10,Sat,38
15630,S001,89.49,6,Sun,58
15631,S002,66.77,9,Sun,41
15632,S003,54.63,6,Thu,54
15633,S003,75.34,3,Mon,29
15634,S003,68.45,4,Sun,37
15635,S004,92.99,6,Wed,58
15636,S001,83.33,10,Wed,20
15637,S003,66.18,5,Fri,18
15638,S003,121.64,3,Thu,18
15639,S001,95.6,5,Tue,56
15640,S003,75.21,6,Tue,18
15641,S001,85.33,1,Sun,26
15642,S001,82.39,4,Wed,29
15643,S004,60.66,5,Sun,35
15644,S001,34.68,4,Wed,29
15645,S001,43.2,3,Wed,32
15646,S004,60.44,5,Wed,40
15647,S004,96.78,6,Thu,47
15648,S001,80.29,3,Wed,40
15649,S001,69.85,5,Thu,36
15650,S004,79.74,3,Sun,60
15651,S004,72.19,6,Mon,48
15652,S004,97.82,6,Tue,26
15653,S004,102.5,6,Fri,34
15654,S003,67.25,7,Wed,48
15655,S003,82.48,2,Mon,60
15656,S004,51.54,4,Sat,26
15657,S004,57.46,10,Wed,64
15658,S001,109.06,7,Sat,37
15659,S001,89.85,0,Fri,36
15660,S003,90.91,3,Sun,42
15661,S002,62.28,8,Fri,38
15662,S001,76.25,5,Wed,36
15663,S002,46.22,6,Mon,67
15664,S001,90.05,5,Sat,49
15665,S002,86.89,5,Fri,36
15666,S001,61.33,4,Mon,27
15667,S003,83.71,4,Wed,23
15668,S003,75.72,4,Mon,39
15669,S003,68.08,3,Mon,62
15670,S002,48.44,7,Mon,62
15671,S003,67.15,3,Sat,24
15672,S004,67.25,2,Wed,46
15673,S004,66.14,6,Tue,65
15674,S003,87.7,2,Wed,31
15675,S003,90.21,3,Sun,46
15676,S003,66.08,1,Sat,61
15677,S003,79.99,7,Fri,47
15678,S004,40.6,3,Mon,31
15679,S001,24.52,2,Tue,68
15680,S001,95.79,10,Tue,27
15681,S003,58.74,3,Thu,39
15682,S001,48.12,7,Sun,58
15683,S003,55.98,2,Fri,68
15684,S003,85.37,12,Sat,45
15685,S002,88.22,3,Tue,18
15686,S001,67.47,4,Sun,19
15687,S001,100.17,7,Fri,53
15688,S002,69.54,3,Thu,62
15689,S004,71.81,6,Fri,67
15690,S002,57.35,4,Sun,33
15691,S003,82.59,3,Tue,64
15692,S003,95.17,8,Sat,35
15693,S003,81.63,7,Thu,33
15694,S004,85.42,5,Sat,46
15695,S003,69.93,0,Sun,24
15696,S003,41.99,5,Mon,67
15697,S002,78.81,6,Thu,20
15698,S003,81.85,7,Sun,39
15699,S002,66.7,3,Thu,48
15700,S002,83.46,7,Wed,29
15701,S004,85.01,3,Tue,43
15702,S002,61.23,5,Thu,64
15703,S003,74.83,7,Thu,26
15704,S002,79.07,7,Sat,69
15705,S001,108.26,3,Sat,55
15706,S004,60.16,5,Wed,20
15707,S003,84.1,4,Fri,55
15708,S002,94.4,8,Mon,55
15709,S001,45.66,10,Sat,29
15710,S003,95.61,4,Wed,21
15711,S002,71.5,4,Tue,68
15712,S001,68.84,6,Sat,25
15713,S003,72.83,3,Tue,46
15714,S003,68.11,9,Wed,48
15715,S004,81.04,10,Tue,46
15716,S001,85.66,6,Fri,45
15717,S001,46.63,4,Sun,19
15718,S001,48.88,7,Mon,30
15719,S003,75.27,8,Mon,41
15720,S003,65.88,7,Sat,44
15721,S003,115.21,3,Sun,38
15722,S002,75.34,7,Mon,33
15723,S003,64.46,10,Thu,34
15724,S001,64.67,2,Fri,52
15725,S004,69.28,7,Wed,67
15726,S003,113.16,5,Sun,41
15727,S002,82.62,7,Sun,26
15728,S004,97.11,7,Tue,60
15729,S001,71.6,9,Sun,21
15730,S004,111.06,10,Sat,43
15731,S004,101.91,7,Mon,26
15732,S004,55.57,7,Sun,34
15733,S001,115.3,5,Tue,21
15734,S002,83.71,4,Fri,28
15735,S002,79.04,1,Sat,41
15736,S002,81.19,5,Sat,26
15737,S003,50.74,4,Tue,21
15738,S002,62.88,5,Sat,30
15739,S004,57.84,4,Thu,69
15740,S002,63.21,8,Tue,58
15741,S003,78.26,7,Thu,57
15742,S002,77.38,3,Sat,43
15743,S004,65.02,7,Sun,20
15744,S003,88.88,4,Wed,45
15745,S001,67.58,7,Fri,69
15746,S001,81.52,6,Mon,40
15747,S001,67.03,4,Fri,61
15748,S004,60.03,12,Thu,65
15749,S003,70.41,6,Wed,61
15750,S001,54.71,3,Thu,47
15751,S003,75.22,8,Tue,62
15752,S004,109.66,9,Wed,51
15753,S002,96.35,7,Thu,30
15754,S003,99.41,7,Tue,22
15755,S002,36.47,6,Fri,45
15756,S001,105.45,5,Mon,35
15757,S002,82.59,4,Fri,44
15758,S002,67.44,5,Wed,57
15759,S002,78.98,8,Sun,30
15760,S004,49.24,9,Tue,27
15761,S004,103.83,8,Fri,28
15762,S003,68.36,5,Mon,59
15763,S003,74.69,4,Wed,53
15764,S001,53.44,4,Sat,65
15765,S002,94.62,8,Fri,31
15766,S004,72.83,7,Wed,34
15767,S003,81.44,4,Fri,61
15768,S001,54.98,4,Wed,63
15769,S003,53.12,4,Wed,53
15770,S004,95.25,2,Sun,24
15771,S003,80.24,7,Wed,48
15772,S004,35.45,4,Wed,53
15773,S004,91.35,4,Wed,65
15774,S001,64.2,4,Wed,41
15775,S001,92.05,5,Tue,45
15776,S003,75.55,6,Tue,35
15777,S002,117.08,7,Mon,56
15778,S004,46.34,10,Mon,36
15779,S004,91.31,6,Sun,20
15780,S001,83.67,4,Thu,39
15781,S001,88.66,5,Thu,27
15782,S004,88.21,7,Thu,19
15783,S001,83.55,3,Tue,45
15784,S004,17.55,7,Mon,40
15785,S001,56.52,5,Wed,46
15786,S003,66.1,5,Sun,55
15787,S003,72.42,5,Thu,32
15788,S003,76.65,3,Mon,35
15789,S001,80.8,6,Sun,19
15790,S004,78.02,3,Fri,25
15791,S004,84.95,5,Sun,24
15792,S003,113.61,5,Mon,24
15793,S002,88.81,6,Wed,50
15794,S002,97.52,5,Sun,19
15795,S003,77.27,3,Tue,27
15796,S003,84.85,4,Wed,45
15797,S004,118.99,8,Thu,42
15798,S003,60.32,6,Wed,43
15799,S001,62.05,4,Tue,63
15800,S004,99.97,3,Thu,68
15801,S002,84.64,4,Tue,54
15802,S004,34.32,6,Fri,46
15803,S001,60.52,7,Fri,56
15804,S001,74.11,8,Fri,49
15805,S002,78.49,5,Tue,50
15806,S004,61.83,6,Tue,19
15807,S003,84.28,3,Mon,23
15808,S002,49.74,3,Tue,59
15809,S003,41.76,6,Fri,54
15810,S002,78.6,3,Tue,58
15811,S003,93.55,6,Thu,38
15812,S003,69.82,4,Sat,46
15813,S004,60.17,3,Mon,63
15814,S001,61.13,4,Fri,56
15815,S003,63.25,10,Fri,49
15816,S003,99.75,4,Tue,28
15817,S004,81.53,6,Sat,60
15818,S004,76.57,3,Sat,18
15819,S004,63.92,1,Fri,29
15820,S004,55.52,9,Tue,56
15821,S004,66.7,6,Sun,65
15822,S004,43.97,3,Sun,67
15823,S002,96.3,4,Wed,36
15824,S004,87.47,4,Fri,31
15825,S003,101.6,5,Tue,42
15826,S004,68.02,5,Mon,66
15827,S003,102.44,4,Mon,23
15828,S004,61.46,4,Sat,58
15829,S003,102.7,6,Tue,62
15830,S003,91.72,8,Thu,42
15831,S004,61.24,2,Fri,56
15832,S003,54.39,8,Sun,60
15833,S003,76.42,1,Tue,49
15834,S004,81.26,3,Fri,52
15835,S001,61.61,7,Mon,47
15836,S001,93.11,4,Thu,56
15837,S002,114.6,6,Wed,29
15838,S001,94.1,6,Wed,32
15839,S002,59.82,8,Fri,41
15840,S002,43.27,6,Sat,67
15841,S004,106.21,2,Thu,39
15842,S003,96.42,5,Thu,69
15843,S002,72.9,3,Sun,66
15844,S004,98.73,4,Thu,61
15845,S003,28.44,7,Fri,40
15846,S004,41.83,4,Wed,31
15847,S002,67.89,8,Wed,47
15848,S004,92.72,2,Sat,26
15849,S001,118.04,6,Wed,51
15850,S003,60.12,10,Wed,44
15851,S001,88.37,6,Sat,35
15852,S004,52.5,4,Wed,35
15853,S003,20.72,4,Sun,32
15854,S004,75.27,3,Mon,54
15855,S003,101.73,3,Mon,33
15856,S004,65.79,9,Mon,31
15857,S004,58.2,7,Mon,22
15858,S003,65.98,5,Fri,29
15859,S001,45.03,2,Wed,24
15860,S001,58.95,3,Wed,26
15861,S004,108.93,0,Sat,22
15862,S003,83.59,5,Sun,35
15863,S002,105.17,5,Sat,65
15864,S002,83.68,5,Sun,56
15865,S004,78.38,3,Sun,46
15866,S004,70.12,8,Tue,56
15867,S002,72.87,5,Thu,64
15868,S003,97.48,9,Fri,19
15869,S003,41.35,7,Thu,25
15870,S003,55.96,10,Thu,34
15871,S003,84.76,6,Tue,55
15872,S004,73.08,5,Mon,51
15873,S001,65.52,5,Fri,38
15874,S001,83.26,8,Sat,56
15875,S001,49.26,5,Mon,30
15876,S003,75.56,4,Fri,38
15877,S002,73.92,5,Wed,47
15878,S001,62.8,2,Fri,63
15879,S003,66.26,6,Thu,68
15880,S003,85.83,4,Fri,46
15881,S003,62.3,4,Mon,44
15882,S001,62.46,5,Thu,48
15883,S003,97.9,5,Tue,53
15884,S001,67.25,8,Fri,59
15885,S002,53.19,4,Tue,36
15886,S003,82.07,10,Sun,60
15887,S001,40.02,6,Tue,38
15888,S002,91.22,4,Sat,50
15889,S004,77.56,6,Sun,33
15890,S003,94.52,8,Tue,31
15891,S004,53.61,4,Wed,63
15892,S001,91.66,3,Tue,67
15893,S003,56.74,7,Sat,50
15894,S004,63.26,6,Mon,68
15895,S003,71.29,4,Wed,34
15896,S003,58.97,3,Sat,53
15897,S002,74.76,2,Wed,37
15898,S004,69.38,6,Thu,30
15899,S004,106.45,1,Wed,53
15900,S003,92.87,2,Wed,59
15901,S002,105.47,4,Fri,22
15902,S001,97.64,9,Sun,47
15903,S003,31.71,4,Thu,26
15904,S002,51.64,4,Tue,64
15905,S001,64.39,3,Wed,50
15906,S004,77.0,3,Sat,40
15907,S001,106.65,11,Sat,37
15908,S002,68.11,5,Wed,69
15909,S004,83.6,6,Mon,69
15910,S001,61.24,7,Sun,61
15911,S004,121.96,7,Tue,44
15912,S004,92.6,2,Wed,33
15913,S004,72.58,5,Thu,36
15914,S003,81.32,4,Thu,31
15915,S003,78.72,8,Fri,31
15916,S004,101.21,4,Fri,26
15917,S004,85.74,6,Sun,67
15918,S001,79.26,5,Tue,60
15919,S001,42.84,5,Sat,69
15920,S003,53.78,6,Fri,50
15921,S001,68.85,10,Wed,57
15922,S002,47.18,3,Wed,18
15923,S001,115.41,5,Sun,69
15924,S001,100.68,5,Wed,47
15925,S001,72.15,5,Mon,49
15926,S003,89.49,2,Sat,35
15927,S003,45.38,6,Sun,35
15928,S001,83.3,3,Fri,68
15929,S004,89.27,3,Sun,65
15930,S003,55.36,4,Tue,53
15931,S001,95.51,2,Sun,68
15932,S003,92.92,2,Sat,55
15933,S003,79.91,3,Thu,64
15934,S002,120.74,4,Sun,64
15935,S002,52.34,6,Sat,56
15936,S001,55.13,5,Sat,48
15937,S001,76.6,4,Sun,25
15938,S001,46.44,5,Thu,21
15939,S004,71.65,4,Fri,53
15940,S001,114.1,7,Wed,58
15941,S003,59.7,4,Wed,37
15942,S003,72.57,2,Mon,52
15943,S003,57.99,7,Fri,22
15944,S001,75.24,4,Mon,47
15945,S004,69.67,3,Wed,27
15946,S002,77.02,4,Thu,69
15947,S002,74.5,5,Tue,25
15948,S001,84.22,6,Mon,49
15949,S002,65.58,4,Thu,59
15950,S002,89.59,2,Thu,49
15951,S002,82.38,8,Fri,69
15952,S001,30.78,2,Thu,34
15953,S004,100.74,5,Wed,39
15954,S003,67.52,5,Mon,50
15955,S002,75.03,12,Fri,47
15956,S004,77.55,5,Thu,32
15957,S003,73.9,7,Sat,33
15958,S001,84.96,5,Thu,69
15959,S004,116.03,9,Thu,45
15960,S004,67.9,5,Tue,56
15961,S001,63.64,9,Tue,65
15962,S003,29.7,6,Mon,26
15963,S001,55.13,5,Sun,35
15964,S001,66.55,4,Sun,39
15965,S002,86.45,6,Fri,38
15966,S001,87.94,5,Thu,27
15967,S002,64.88,4,Wed,38
15968,S001,87.49,7,Wed,18
15969,S002,47.66,6,Thu,41
15970,S002,63.84,6,Mon,53
15971,S004,70.38,3,Fri,55
15972,S002,66.71,6,Wed,49
15973,S004,58.17,4,Sun,20
15974,S003,57.25,10,Tue,55
15975,S003,91.17,4,Thu,54
15976,S003,59.54,5,Mon,18
15977,S001,96.54,2,Wed,56
15978,S002,29.71,5,Tue,33
15979,S002,39.01,2,Fri,52
15980,S003,44.61,5,Mon,39
15981,S004,88.02,1,Fri,31
15982,S003,115.02,9,Mon,25
15983,S001,66.3,4,Sat,35
15984,S001,85.25,4,Fri,69
15985,S003,84.6,0,Tue,63
15986,S001,67.44,6,Mon,63
15987,S001,81.09,4,Wed,39
15988,S001,95.16,4,Mon,37
15989,S003,117.18,7,Tue,31
15990,S003,103.39,5,Sat,64
15991,S003,59.33,5,Thu,60
15992,S002,60.11,5,Sun,22
15993,S004,78.62,8,Mon,25
15994,S003,46.6,4,Sun,27
15995,S003,105.73,3,Tue,43
15996,S003,105.66,3,Wed,45
15997,S004,73.09,6,Tue,26
15998,S002,73.42,4,Fri,30
15999,S001,100.59,1,Mon,29
16000,S003,79.69,3,Sat,38
16001,S004,87.17,7,Fri,37
16002,S003,60.4,6,Sun,19
16003,S003,59.91,5,Tue,59
16004,S003,73.06,5,Sun,46
16005,S002,110.26,3,Wed,54
16006,S001,63.62,4,Fri,31
16007,S004,69.42,3,Wed,68
16008,S001,70.11,3,Thu,46
16009,S002,102.59,8,Mon,57
16010,S002,87.69,3,Thu,37
16011,S002,83.5,3,Fri,48
16012,S002,72.37,9,Sat,47
16013,S002,66.98,6,Fri,27
16014,S002,94.92,5,Mon,56
16015,S003,83.12,6,Fri,69
16016,S002,95.5,3,Wed,65
16017,S003,42.38,10,Tue,25
16018,S001,71.31,2,Sun,55
16019,S001,73.5,5,Thu,40
16020,S001,95.97,2,Mon,27
16021,S003,92.17,9,Tue,57
16022,S004,96.16,1,Tue,35
16023,S004,86.42,5,Fri,30
16024,S004,77.24,2,Wed,65
16025,S004,49.72,6,Tue,45
16026,S001,59.65,3,Thu,38
16027,S002,32.93,11,Sun,41
16028,S003,68.6,3,Mon,20
16029,S001,61.56,5,Fri,38
16030,S001,58.48,2,Tue,39
16031,S002,89.2,9,Sun,41
16032,S004,127.25,8,Sun,41
16033,S001,72.16,1,Sat,26
16034,S003,48.45,6,Fri,69
16035,S002,96.57,6,Mon,34
16036,S001,50.44,6,Thu,45
16037,S001,72.58,9,Thu,34
16038,S002,80.82,6,Mon,26
16039,S002,87.36,3,Mon,27
16040,S002,46.53,5,Tue,36
16041,S004,86.88,8,Mon,43
16042,S002,95.03,6,Sun,52
16043,S004,73.34,5,Wed,23
16044,S004,46.7,8,Fri,27
16045,S002,68.71,6,Wed,62
16046,S004,80.5,2,Sat,39
16047,S004,105.09,7,Mon,37
16048,S004,58.01,4,Sat,23
16049,S001,68.13,6,Sat,69
16050,S003,77.18,3,Wed,32
16051,S002,46.3,5,Fri,63
16052,S003,62.81,7,Sun,43
16053,S001,67.02,3,Sat,46
16054,S003,78.41,4,Thu,49
16055,S003,53.22,9,Sat,30
16056,S003,101.41,7,Sat,22
16057,S004,80.94,5,Fri,68
16058,S001,59.55,4,Sun,40
16059,S002,68.53,12,Wed,53
16060,S002,83.93,2,Fri,42
16061,S002,65.83,6,Mon,42
16062,S004,92.81,4,Sun,51
16063,S003,81.23,5,Fri,62
16064,S001,54.4,8,Thu,19
16065,S001,88.19,5,Wed,65
16066,S001,118.02,8,Wed,56
16067,S004,63.64,4,Fri,36
16068,S004,81.1,4,Fri,63
16069,S001,67.46,7,Sat,62
16070,S003,63.12,4,Mon,58
16071,S003,99.3,5,Thu,57
16072,S002,40.48,6,Mon,35
16073,S004,53.35,9,Mon,35
16074,S001,101.51,5,Mon,40
16075,S004,57.18,4,Tue,39
16076,S001,74.46,2,Mon,64
16077,S003,71.94,7,Sun,32
16078,S004,103.37,2,Mon,48
16079,S002,42.08,4,Mon,28
16080,S002,92.74,7,Sun,29
16081,S002,58.05,6,Sat,64
16082,S004,47.13,5,Tue,38
16083,S002,76.24,2,Tue,38
16084,S004,64.66,9,Fri,54
16085,S004,137.0,4,Wed,40
16086,S002,45.08,6,Sat,53
16087,S002,81.2,5,Sat,19
16088,S003,55.44,2,Thu,61
16089,S003,97.21,10,Sun,21
16090,S001,89.88,2,Tue,36
16091,S003,104.87,4,Sat,49
16092,S004,95.11,2,Wed,35
16093,S001,59.75,9,Wed,21
16094,S004,65.88,10,Mon,22
16095,S002,99.96,10,Fri,55
16096,S003,73.97,6,Fri,23
16097,S004,53.29,3,Sat,58
16098,S002,125.13,5,Sat,59
16099,S004,104.41,5,Fri,48
16100,S003,68.0,4,Sat,60
16101,S004,88.35,5,Wed,31
16102,S003,79.46,3,Mon,57
16103,S004,89.86,11,Fri,43
16104,S001,104.48,1,Tue,47
16105,S003,69.39,7,Wed,19
16106,S002,76.92,6,Fri,69
16107,S003,49.7,8,Sat,37
16108,S004,58.08,6,Mon,57
16109,S004,87.24,3,Sun,32
16110,S002,82.31,2,Wed,22
16111,S001,64.26,4,Fri,22
16112,S003,66.22,5,Sun,29
16113,S003,32.11,4,Fri,69
16114,S004,92.16,3,Sun,27
16115,S003,101.66,9,Mon,50
16116,S003,75.61,8,Thu,62
16117,S001,87.18,5,Wed,52
16118,S003,97.26,6,Tue,29
16119,S003,61.61,6,Mon,35
16120,S002,69.58,5,Wed,18
16121,S001,42.58,5,Sat,52
16122,S004,62.5,3,Thu,36
16123,S003,85.22,2,Sat,18
16124,S004,83.75,7,Tue,36
16125,S003,73.8,5,Sun,33
16126,S004,68.56,5,Mon,53
16127,S001,105.44,3,Sun,52
16128,S003,70.91,3,Wed,25
16129,S004,89.59,9,Fri,46
16130,S004,85.37,4,Mon,33
16131,S004,104.53,8,Tue,33
16132,S001,94.54,4,Tue,40
16133,S002,52.48,5,Sat,62
16134,S001,77.34,3,Wed,60
16135,S001,63.15,7,Thu,52
16136,S003,68.29,5,Sun,42
16137,S001,53.52,7,Sat,61
16138,S004,64.51,6,Thu,37
16139,S002,30.57,1,Mon,45
16140,S001,72.22,6,Sun,43
16141,S002,66.62,4,Sun,42
16142,S003,54.82,4,Fri,63
16143,S002,68.19,6,Mon,22
16144,S001,85.97,7,Sun,67
16145,S004,51.72,3,Thu,41
16146,S001,67.46,2,Sun,26
16147,S002,85.09,5,Mon,42
16148,S002,99.7,6,Fri,68
16149,S001,74.79,6,Thu,28
16150,S001,72.98,6,Sat,33
16151,S001,45.46,4,Sun,64
16152,S001,96.98,3,Sun,64
16153,S002,94.26,4,Tue,69
16154,S001,72.83,2,Thu,34
16155,S004,68.42,8,Tue,35
16156,S002,71.43,7,Thu,37
16157,S003,71.56,5,Sun,35
16158,S004,56.79,6,Thu,43
16159,S001,73.48,5,Wed,64
16160,S004,107.03,3,Mon,21
16161,S002,132.65,4,Mon,27
16162,S001,75.57,3,Sat,48
16163,S004,46.16,6,Tue,18
16164,S004,53.87,5,Tue,20
16165,S001,81.37,8,Sat,25
16166,S001,60.67,8,Sun,61
16167,S001,62.01,6,Thu,35
16168,S004,56.7,4,Tue,43
16169,S004,77.0,7,Tue,48
16170,S002,87.42,5,Fri,29
16171,S003,71.44,6,Sat,22
16172,S002,98.54,5,Sat,33
16173,S002,47.13,4,Sun,19
16174,S004,103.43,6,Wed,47
16175,S001,85.74,8,Fri,65
16176,S001,84.09,7,Sat,36
16177,S003,83.1,5,Tue,39
16178,S003,82.96,4,Mon,49
16179,S004,75.98,7,Thu,65
16180,S004,92.24,4,Tue,59
16181,S002,51.09,3,Fri,48
16182,S003,100.08,7,Mon,25
16183,S003,34.23,4,Sun,43
16184,S004,74.48,5,Wed,42
16185,S002,47.11,5,Wed,20
16186,S004,109.99,5,Wed,36
16187,S002,68.55,0,Thu,57
16188,S002,73.17,3,Sat,45
16189,S003,45.47,2,Wed,63
16190,S001,73.57,9,Sun,29
16191,S001,65.29,4,Sun,38
16192,S003,68.68,2,Sun,55
16193,S002,52.96,2,Tue,60
16194,S001,45.36,6,Tue,54
16195,S003,84.03,4,Sat,35
16196,S004,48.04,2,Sat,39
16197,S003,43.06,6,Fri,36
16198,S004,83.43,7,Wed,62
16199,S004,49.36,6,Wed,37
16200,S004,67.14,8,Sat,46
16201,S002,71.84,5,Wed,65
16202,S001,87.63,5,Tue,67
16203,S004,49.1,5,Sat,22
16204,S001,71.52,7,Mon,53
16205,S004,54.78,7,Tue,52
16206,S003,100.62,4,Fri,31
16207,S002,88.67,3,Fri,40
16208,S003,88.23,4,Fri,69
16209,S004,109.31,5,Wed,41
16210,S003,62.69,7,Tue,24
16211,S003,106.69,6,Sat,49
16212,S002,90.09,2,Thu,32
16213,S003,107.61,3,Sat,41
16214,S004,77.6,6,Thu,55
16215,S002,20.57,4,Tue,44
16216,S003,81.8,1,Wed,68
16217,S002,58.67,8,Tue,22
16218,S004,77.93,8,Tue,58
16219,S001,49.19,1,Thu,61
16220,S003,66.8,5,Tue,41
16221,S003,108.31,3,Mon,49
16222,S003,70.76,5,Sat,49
16223,S004,59.48,7,Wed,51
16224,S003,66.55,6,Mon,28
16225,S003,88.13,5,Mon,63
16226,S003,80.32,3,Sat,27
16227,S003,74.92,4,Tue,50
16228,S004,54.74,7,Wed,18
16229,S004,70.3,5,Sat,62
16230,S004,93.52,6,Sun,24
16231,S001,81.64,8,Mon,60
16232,S004,81.51,4,Wed,63
16233,S004,22.26,8,Thu,55
16234,S002,80.35,4,Sat,35
16235,S002,71.12,5,Fri,50
16236,S001,102.14,5,Thu,54
16237,S002,41.17,2,Tue,52
16238,S004,86.55,3,Sun,32
16239,S002,93.0,6,Sun,50
16240,S001,48.19,4,Sat,19
16241,S002,89.69,3,Sat,59
16242,S002,105.12,5,Mon,31
16243,S004,71.64,6,Wed,23
16244,S002,99.28,4,Wed,61
16245,S003,42.02,3,Tue,38
16246,S004,88.83,8,Sun,34
16247,S002,69.86,5,Sat,41
16248,S004,71.02,2,Fri,18
16249,S003,80.0,5,Wed,65
16250,S002,99.9,7,Sun,21
16251,S004,81.97,8,Thu,62
16252,S004,69.82,5,Sat,28
16253,S004,89.23,6,Wed,53
16254,S002,74.56,9,Sun,33
16255,S001,86.4,4,Thu,45
16256,S004,56.08,3,Fri,27
16257,S003,88.41,8,Sat,23
16258,S003,71.47,5,Wed,44
16259,S003,101.27,7,Mon,53
16260,S003,71.58,5,Thu,62
16261,S002,69.16,4,Fri,26
16262,S003,94.78,6,Fri,47
16263,S004,87.63,4,Sat,33
16264,S004,61.77,2,Sat,61
16265,S004,93.59,4,Sat,37
16266,S003,80.02,7,Tue,66
16267,S004,85.83,1,Mon,53
16268,S004,80.91,3,Fri,52
16269,S002,92.61,2,Fri,66
16270,S004,73.54,2,Sat,47
16271,S002,109.55,5,Sun,56
16272,S002,81.29,4,Sat,38
16273,S004,98.21,4,Mon,39
16274,S002,97.0,3,Tue,49
16275,S001,44.91,3,Sun,29
16276,S001,43.27,4,Fri,67
16277,S002,75.74,8,Tue,67
16278,S004,101.43,2,Mon,42
16279,S002,76.49,5,Thu,52
16280,S004,94.81,5,Tue,24
16281,S003,78.0,6,Wed,69
16282,S002,93.48,6,Fri,25
16283,S002,46.88,5,Sat,56
16284,S001,49.61,4,Fri,40
16285,S004,50.37,10,Wed,57
16286,S001,53.42,2,Wed,42
16287,S003,93.48,4,Sat,24
16288,S003,82.32,2,Thu,22
16289,S002,41.88,7,Thu,34
16290,S004,82.11,10,Mon,51
16291,S001,78.18,4,Tue,44
16292,S001,33.33,8,Sun,27
16293,S004,67.5,3,Wed,64
16294,S003,92.34,5,Sun,19
16295,S003,79.21,5,Sat,46
16296,S001,104.51,5,Sat,63
16297,S002,64.63,4,Tue,38
16298,S001,74.27,6,Thu,53
16299,S003,92.66,10,Mon,42
16300,S004,53.91,3,Sun,40
16301,S002,71.38,3,Mon,22
16302,S001,72.58,5,Sat,28
16303,S001,31.47,6,Wed,48
16304,S004,43.62,2,Sun,42
16305,S001,116.41,4,Sat,67
16306,S004,55.49,15,Thu,46
16307,S001,77.93,3,Tue,37
16308,S003,71.43,4,Wed,58
16309,S001,56.53,3,Sat,51
16310,S002,79.21,5,Wed,23
16311,S003,72.12,3,Thu,39
16312,S003,99.52,7,Sat,25
16313,S003,44.77,3,Fri,63
16314,S003,105.13,5,Wed,55
16315,S002,76.89,5,Wed,24
16316,S001,89.61,5,Thu,60
16317,S003,88.29,5,Thu,48
16318,S004,119.27,8,Mon,20
16319,S001,91.66,9,Mon,24
16320,S001,45.37,3,Tue,68
16321,S004,67.63,5,Tue,64
16322,S002,65.02,1,Fri,62
16323,S001,86.05,6,Tue,69
16324,S002,82.2,9,Thu,46
16325,S003,87.49,7,Wed,68
16326,S003,53.76,1,Sun,66
16327,S001,54.09,4,Sat,20
16328,S003,52.2,3,Sun,55
16329,S002,48.56,2,Wed,39
16330,S004,75.37,7,Thu,37
16331,S004,63.66,2,Wed,59
16332,S004,111.24,7,Thu,64
16333,S003,56.35,1,Thu,59
16334,S001,60.32,3,Sun,60
16335,S002,51.82,1,Sat,49
16336,S003,99.6,5,Thu,47
16337,S003,109.7,5,Fri,62
16338,S001,60.33,5,Tue,61
16339,S003,92.98,4,Sun,28
16340,S002,99.05,9,Thu,49
16341,S001,98.93,10,Mon,69
16342,S004,71.75,5,Tue,59
16343,S002,72.96,5,Fri,53
16344,S002,80.66,5,Wed,21
16345,S003,84.39,6,Wed,62
16346,S001,97.58,5,Sat,63
16347,S002,88.61,5,Tue,64
16348,S003,73.02,4,Fri,27
16349,S001,60.79,4,Thu,21
16350,S001,79.79,5,Mon,35
16351,S002,77.05,11,Fri,57
16352,S003,109.45,3,Fri,39
16353,S002,55.96,4,Wed,23
16354,S002,40.5,6,Mon,51
16355,S001,94.83,4,Sun,66
16356,S001,55.29,3,Thu,18
16357,S003,68.98,5,Wed,53
16358,S001,93.17,5,Sun,24
16359,S002,75.82,4,Thu,44
16360,S004,73.79,5,Tue,56
16361,S003,98.32,5,Fri,27
16362,S003,56.38,5,Wed,36
16363,S002,92.47,5,Mon,26
16364,S001,50.83,3,Sun,66
16365,S004,95.69,6,Thu,23
16366,S003,64.31,4,Tue,63
16367,S003,70.34,7,Tue,32
16368,S001,88.81,7,Mon,47
16369,S001,77.06,7,Thu,61
16370,S001,92.66,10,Thu,37
16371,S004,112.82,6,Fri,18
16372,S001,60.28,2,Fri,46
16373,S002,70.47,6,Fri,35
16374,S001,64.66,6,Wed,26
16375,S001,88.93,5,Thu,35
16376,S003,81.89,8,Mon,44
16377,S002,74.35,6,Fri,63
16378,S004,61.23,4,Mon,18
16379,S004,9.58,4,Thu,42
16380,S001,57.48,6,Thu,52
16381,S004,46.96,3,Tue,18
16382,S003,78.68,4,Sat,39
16383,S003,55.85,2,Sat,32
16384,S002,99.5,2,Thu,69
16385,S004,69.25,6,Thu,26
16386,S002,70.77,5,Tue,34
16387,S002,46.49,11,Sat,40
16388,S004,92.28,2,Sun,21
16389,S001,76.06,3,Fri,48
16390,S002,73.51,7,Thu,20
16391,S001,106.6,10,Wed,47
16392,S003,51.53,2,Fri,40
16393,S002,73.43,7,Thu,34
16394,S004,80.46,3,Sun,30
16395,S001,86.71,3,Sun,63
16396,S003,54.96,3,Fri,33
16397,S003,49.91,6,Tue,18
16398,S001,95.61,6,Fri,28
16399,S003,67.84,5,Mon,57
16400,S004,56.32,4,Fri,57
16401,S002,35.37,5,Tue,57
16402,S004,43.0,6,Sun,52
16403,S002,101.13,6,Tue,48
16404,S003,84.66,1,Wed,45
16405,S001,107.65,3,Sat,63
16406,S004,77.16,4,Fri,50
16407,S003,65.05,1,Thu,33
16408,S002,64.61,1,Mon,30
16409,S002,68.77,7,Sun,54
16410,S002,77.39,3,Tue,69
16411,S004,33.95,10,Mon,66
16412,S001,79.37,3,Wed,54
16413,S001,44.35,7,Mon,42
16414,S001,65.07,9,Mon,31
16415,S004,72.9,6,Sat,55
16416,S001,73.84,5,Mon,44
16417,S003,32.08,5,Sat,56
16418,S004,102.19,2,Fri,52
16419,S003,79.65,2,Wed,29
16420,S002,71.67,7,Fri,60
16421,S002,65.2,4,Wed,41
16422,S002,89.51,4,Thu,19
16423,S001,70.52,2,Sun,39
16424,S004,75.68,4,Mon,21
16425,S003,40.19,6,Fri,66
16426,S002,85.01,3,Sun,19
16427,S004,84.37,6,Fri,33
16428,S003,105.67,7,Wed,65
16429,S004,80.7,4,Fri,61
16430,S001,44.97,4,Thu,41
16431,S001,66.52,1,Tue,33
16432,S004,50.29,4,Thu,56
16433,S004,76.32,4,Thu,66
16434,S002,100.79,6,Fri,28
16435,S001,100.82,5,Thu,57
16436,S002,87.22,7,Sun,42
16437,S004,74.59,8,Sun,19
16438,S003,50.46,5,Wed,21
16439,S003,76.77,6,Fri,65
16440,S004,53.21,5,Tue,39
16441,S004,62.25,7,Tue,63
16442,S002,86.12,1,Sat,21
16443,S002,76.67,0,Tue,66
16444,S001,108.46,6,Tue,53
16445,S004,50.13,6,Fri,62
16446,S002,78.44,3,Thu,60
16447,S002,87.48,7,Mon,44
16448,S001,81.28,8,Mon,57
16449,S004,30.87,7,Thu,36
16450,S001,80.59,3,Fri,22
16451,S003,96.42,7,Wed,59
16452,S003,101.31,9,Fri,57
16453,S001,73.1,3,Sun,65
16454,S003,43.16,5,Fri,36
16455,S003,55.17,3,Thu,57
16456,S003,77.6,5,Fri,52
16457,S003,104.33,5,Wed,19
16458,S001,71.89,8,Wed,39
16459,S004,57.68,1,Mon,46
16460,S001,66.6,3,Fri,39
16461,S001,55.04,3,Sat,55
16462,S004,85.89,5,Wed,44
16463,S003,44.72,8,Fri,21
16464,S002,114.42,3,Tue,39
16465,S003,86.82,5,Wed,21
16466,S002,56.44,4,Sat,64
16467,S001,62.25,3,Tue,28
16468,S001,83.57,2,Wed,36
16469,S001,90.63,6,Tue,48
16470,S004,73.28,8,Fri,27
16471,S004,75.31,7,Fri,52
16472,S004,106.17,3,Thu,52
16473,S002,63.94,6,Wed,37
16474,S004,79.86,0,Tue,20
16475,S004,48.96,3,Wed,27
16476,S004,62.26,2,Wed,22
16477,S003,71.59,6,Tue,45
16478,S002,68.15,4,Thu,20
16479,S001,92.53,5,Fri,63
16480,S001,86.3,5,Thu,32
16481,S004,51.94,6,Wed,29
16482,S004,101.29,7,Mon,31
16483,S001,61.93,7,Tue,20
16484,S002,101.85,8,Tue,50
16485,S002,63.14,6,Thu,53
16486,S003,68.7,6,Tue,41
16487,S001,81.83,10,Mon,59
16488,S004,76.61,7,Thu,47
16489,S004,89.77,4,Tue,34
16490,S004,78.57,6,Wed,31
16491,S001,54.25,6,Fri,54
16492,S002,126.44,0,Sat,26
16493,S002,42.96,9,Sat,26
16494,S001,82.46,3,Thu,30
16495,S002,54.82,5,Wed,30
16496,S004,79.15,6,Mon,67
16497,S004,90.38,7,Wed,30
16498,S003,77.83,3,Sun,58
16499,S001,73.68,6,Wed,58
16500,S004,100.96,4,Mon,39
16501,S002,86.28,4,Tue,54
16502,S001,59.17,3,Tue,51
16503,S003,98.43,5,Mon,19
16504,S003,54.35,1,Thu,24
16505,S001,100.96,6,Tue,56
16506,S002,38.62,3,Wed,26
16507,S001,43.1,2,Wed,26
16508,S001,74.05,1,Thu,43
16509,S002,78.4,4,Sat,27
16510,S001,72.65,6,Thu,23
16511,S001,51.71,7,Sun,48
16512,S004,29.81,4,Sat,28
16513,S003,54.54,8,Fri,43
16514,S003,75.54,4,Sun,28
16515,S002,74.31,7,Sun,57
16516,S003,113.33,3,Wed,33
16517,S002,67.98,3,Sun,42
16518,S002,64.61,6,Thu,47
16519,S002,90.29,9,Sat,35
16520,S001,24.15,2,Thu,59
16521,S003,76.84,2,Thu,35
16522,S004,64.78,4,Mon,66
16523,S004,57.71,7,Wed,18
16524,S004,92.39,7,Fri,52
16525,S004,105.67,4,Tue,65
16526,S004,78.15,5,Sat,54
16527,S002,92.27,9,Sun,67
16528,S004,59.05,5,Sun,39
16529,S002,60.45,8,Thu,18
16530,S001,74.83,7,Mon,52
16531,S004,87.34,5,Fri,41
16532,S003,100.64,4,Thu,23
16533,S003,96.41,4,Sat,58
16534,S003,68.05,4,Sun,65
16535,S004,91.07,5,Sun,48
16536,S004,69.89,5,Thu,66
16537,S003,105.49,5,Tue,62
16538,S003,68.14,1,Thu,44
16539,S004,69.44,4,Thu,68
16540,S003,74.23,7,Thu,65
16541,S001,70.75,4,Wed,60
16542,S004,54.72,3,Sat,22
16543,S004,98.99,7,Mon,46
16544,S004,67.46,4,Tue,40
16545,S001,53.75,4,Wed,32
16546,S001,99.83,5,Tue,42
16547,S003,73.89,4,Sun,28
16548,S003,60.15,3,Sun,57
16549,S003,86.01,2,Sun,66
16550,S001,70.47,3,Mon,66
16551,S003,63.45,8,Sat,45
16552,S003,54.15,6,Sun,63
16553,S003,76.27,8,Wed,68
16554,S002,53.42,1,Fri,61
16555,S002,74.39,2,Tue,68
16556,S003,66.77,3,Sun,44
16557,S001,92.03,3,Mon,35
16558,S003,58.92,7,Fri,33
16559,S001,78.9,6,Fri,28
16560,S002,77.35,7,Tue,52
16561,S002,51.32,3,Sun,30
16562,S003,105.0,6,Fri,22
16563,S002,89.51,1,Tue,20
16564,S003,97.97,7,Fri,44
16565,S003,108.06,6,Tue,23
16566,S001,55.72,4,Wed,39
16567,S001,93.84,8,Sat,51
16568,S002,62.03,6,Sun,44
16569,S002,79.72,4,Tue,65
16570,S004,79.9,5,Tue,58
16571,S003,55.11,5,Thu,46
16572,S003,66.96,5,Wed,28
16573,S002,88.22,5,Wed,69
16574,S001,61.94,5,Wed,62
16575,S001,60.77,3,Wed,58
16576,S002,80.3,2,Tue,37
16577,S002,88.86,11,Sat,69
16578,S002,44.49,7,Fri,24
16579,S004,64.4,3,Thu,54
16580,S002,83.46,1,Sat,68
16581,S002,71.44,5,Mon,38
16582,S003,60.83,7,Sat,66
16583,S004,34.35,8,Mon,63
16584,S002,98.09,5,Mon,29
16585,S003,62.24,2,Thu,55
16586,S002,77.53,7,Fri,41
16587,S003,98.35,8,Fri,35
16588,S002,72.61,7,Sat,69
16589,S003,85.35,2,Mon,18
16590,S001,102.17,8,Mon,57
16591,S004,98.52,10,Tue,45
16592,S003,100.75,4,Fri,46
16593,S001,109.04,4,Fri,61
16594,S001,68.52,5,Thu,48
16595,S002,82.71,6,Wed,28
16596,S003,64.44,4,Thu,42
16597,S002,46.21,2,Wed,42
16598,S002,65.39,9,Sat,23
16599,S002,59.33,7,Tue,59
16600,S002,126.46,6,Tue,44
16601,S001,87.24,7,Wed,23
16602,S001,77.18,4,Sun,64
16603,S003,46.71,4,Wed,49
16604,S001,73.21,7,Tue,62
16605,S003,51.06,7,Thu,48
16606,S004,58.09,5,Thu,66
16607,S004,125.84,3,Tue,39
16608,S001,91.28,3,Mon,36
16609,S004,66.6,5,Fri,44
16610,S002,47.44,5,Mon,66
16611,S001,71.61,9,Sat,41
16612,S004,46.57,6,Mon,33
16613,S003,81.77,8,Wed,47
16614,S002,84.52,3,Sun,64
16615,S004,58.71,6,Fri,67
16616,S004,34.71,7,Tue,35
16617,S003,102.49,5,Sun,53
16618,S002,73.18,6,Mon,58
16619,S003,64.45,4,Wed,27
16620,S003,81.54,6,Wed,53
16621,S002,75.27,4,Mon,45
16622,S003,64.51,4,Sun,29
16623,S002,22.97,5,Thu,69
16624,S004,113.09,3,Thu,58
16625,S001,97.04,5,Mon,27
16626,S004,46.1,6,Mon,34
16627,S003,76.98,4,Thu,66
16628,S004,77.16,3,Tue,60
16629,S004,80.75,5,Tue,42
16630,S004,54.65,1,Wed,50
16631,S002,43.68,1,Wed,47
16632,S003,45.49,5,Mon,62
16633,S002,87.27,5,Sat,28
16634,S001,62.78,6,Mon,59
16635,S003,90.91,7,Thu,60
16636,S002,82.12,3,Sun,61
16637,S003,62.17,3,Sat,37
16638,S004,58.92,3,Wed,48
16639,S002,53.03,5,Sat,30
16640,S002,87.09,8,Mon,62
16641,S002,74.28,7,Thu,68
16642,S004,66.55,4,Mon,27
16643,S003,73.58,4,Sat,68
16644,S003,63.5,5,Fri,23
16645,S004,95.58,1,Fri,21
16646,S003,74.72,9,Tue,54
16647,S002,81.76,12,Sun,61
16648,S002,79.3,4,Wed,54
16649,S001,66.27,0,Wed,52
16650,S003,98.7,8,Thu,66
16651,S001,99.27,4,Tue,22
16652,S001,76.94,3,Fri,36
16653,S003,67.03,2,Fri,56
16654,S003,68.18,8,Sat,63
16655,S004,86.7,4,Fri,35
16656,S002,91.65,6,Fri,54
16657,S003,67.73,5,Thu,67
16658,S002,97.83,3,Mon,50
16659,S001,68.31,2,Fri,43
16660,S001,45.43,7,Tue,28
16661,S001,62.81,8,Fri,27
16662,S004,92.87,3,Sun,53
16663,S003,69.89,5,Thu,56
16664,S002,71.1,3,Sun,40
16665,S002,61.73,2,Tue,19
16666,S001,55.48,2,Sun,37
16667,S003,85.34,6,Thu,40
16668,S001,96.01,5,Sat,67
16669,S002,95.7,4,Thu,33
16670,S004,94.06,6,Thu,42
16671,S002,61.7,4,Sat,19
16672,S001,64.69,3,Wed,24
16673,S004,64.77,6,Thu,35
16674,S002,64.73,5,Fri,50
16675,S004,77.69,5,Tue,32
16676,S001,66.89,7,Thu,57
16677,S003,94.74,8,Sun,47
16678,S003,97.08,2,Wed,53
16679,S003,90.81,3,Thu,47
16680,S002,77.06,3,Wed,60
16681,S004,63.22,6,Sat,23
16682,S004,83.35,6,Thu,28
16683,S003,98.32,2,Wed,50
16684,S004,94.32,6,Tue,53
16685,S003,76.49,5,Mon,37
16686,S004,53.92,2,Sun,68
16687,S002,92.21,5,Mon,31
16688,S004,96.87,3,Sat,43
16689,S004,104.31,5,Fri,62
16690,S002,73.74,5,Tue,57
16691,S004,70.13,3,Thu,23
16692,S001,85.44,6,Mon,52
16693,S001,64.49,6,Sat,19
16694,S003,67.98,0,Fri,52
16695,S002,78.79,4,Fri,57
16696,S003,97.47,1,Sat,57
16697,S002,93.17,5,Mon,50
16698,S002,87.64,4,Thu,58
16699,S001,70.4,3,Mon,69
16700,S004,83.79,4,Wed,20
16701,S003,52.33,4,Tue,66
16702,S002,71.46,5,Wed,55
16703,S002,55.24,5,Sun,24
16704,S002,62.33,8,Fri,51
16705,S002,87.54,4,Wed,21
16706,S003,86.76,6,Wed,22
16707,S002,69.05,3,Mon,63
16708,S003,62.34,5,Wed,54
16709,S002,93.15,2,Wed,41
16710,S004,77.84,5,Mon,44
16711,S001,83.36,2,Sat,53
16712,S002,58.16,5,Thu,27
16713,S001,102.65,5,Wed,69
16714,S004,69.87,4,Mon,42
16715,S004,84.83,7,Fri,19
16716,S001,50.62,6,Wed,26
16717,S004,40.77,2,Sun,60
16718,S002,38.9,4,Tue,29
16719,S004,38.07,5,Wed,44
16720,S002,82.86,5,Sun,46
16721,S002,103.89,4,Tue,36
16722,S001,110.48,7,Wed,39
16723,S003,70.32,6,Tue,39
16724,S002,92.03,3,Mon,33
16725,S002,59.27,3,Tue,67
16726,S004,65.42,5,Sun,39
16727,S002,91.22,4,Sun,37
16728,S001,85.91,4,Mon,56
16729,S002,45.27,5,Mon,38
16730,S001,85.39,8,Tue,69
16731,S001,86.35,2,Wed,37
16732,S004,69.94,5,Mon,40
16733,S002,84.6,2,Tue,24
16734,S001,39.72,5,Tue,60
16735,S001,39.81,1,Sat,29
16736,S004,54.19,5,Fri,26
16737,S004,62.11,5,Thu,20
16738,S004,74.07,6,Fri,67
16739,S001,106.85,9,Sun,61
16740,S002,55.3,9,Thu,55
16741,S004,93.54,3,Fri,35
16742,S003,68.33,11,Wed,35
16743,S004,78.51,5,Sun,58
16744,S003,65.67,7,Fri,45
16745,S004,98.47,4,Sat,22
16746,S002,65.1,3,Wed,58
16747,S003,63.31,6,Thu,52
16748,S002,90.81,7,Wed,65
16749,S003,94.67,13,Sun,28
16750,S002,64.2,3,Mon,68
16751,S004,68.48,1,Tue,35
16752,S002,85.78,11,Sun,49
16753,S002,63.5,8,Fri,53
16754,S004,70.5,5,Mon,35
16755,S002,52.19,5,Tue,64
16756,S001,56.7,8,Sun,60
16757,S004,68.6,4,Sat,69
16758,S001,53.87,5,Sun,60
16759,S004,84.6,1,Thu,65
16760,S002,44.01,4,Fri,47
16761,S003,69.63,3,Fri,67
16762,S002,96.02,2,Fri,19
16763,S001,57.66,7,Thu,29
16764,S004,39.19,5,Sun,53
16765,S003,65.69,6,Tue,42
16766,S003,58.49,3,Sat,68
16767,S001,100.1,2,Fri,41
16768,S002,64.74,3,Mon,61
16769,S001,82.96,8,Tue,26
16770,S002,86.21,9,Fri,57
16771,S001,79.31,6,Tue,28
16772,S002,41.0,8,Sun,67
16773,S002,74.42,8,Tue,46
16774,S002,112.3,5,Sat,43
16775,S003,87.28,7,Wed,33
16776,S004,75.49,5,Mon,31
16777,S003,56.01,5,Fri,29
16778,S001,74.85,4,Sun,20
16779,S001,55.46,3,Sun,49
16780,S003,47.26,3,Tue,44
16781,S003,77.21,6,Tue,27
16782,S002,43.31,8,Thu,48
16783,S001,65.92,4,Sat,40
16784,S002,52.51,8,Mon,54
16785,S004,49.61,10,Tue,35
16786,S001,101.53,7,Wed,68
16787,S004,62.04,9,Sun,48
16788,S002,95.4,6,Thu,21
16789,S004,59.08,6,Thu,21
16790,S003,76.05,6,Sun,61
16791,S003,78.62,7,Thu,47
16792,S002,43.0,5,Mon,43
16793,S003,49.42,5,Wed,46
16794,S004,60.25,5,Wed,21
16795,S002,91.2,5,Sat,44
16796,S002,112.3,12,Tue,54
16797,S001,87.0,7,Tue,54
16798,S003,83.08,5,Sat,62
16799,S004,74.02,7,Wed,25
16800,S001,97.46,5,Sat,45
16801,S003,62.0,0,Wed,43
16802,S004,95.23,1,Wed,31
16803,S001,69.92,2,Fri,63
16804,S002,64.44,1,Tue,49
16805,S001,70.19,5,Tue,46
16806,S002,72.74,9,Tue,67
16807,S002,97.68,5,Sun,37
16808,S002,60.6,1,Mon,65
16809,S001,86.0,4,Sat,31
16810,S002,55.54,1,Tue,62
16811,S004,57.48,6,Fri,54
16812,S003,38.69,4,Mon,42
16813,S001,61.32,5,Sat,62
16814,S003,76.92,7,Fri,24
16815,S004,85.51,7,Sun,42
16816,S001,96.22,4,Sun,31
16817,S004,75.16,4,Wed,26
16818,S002,104.15,7,Sun,62
16819,S004,48.99,12,Tue,26
16820,S004,113.01,5,Wed,29
16821,S001,59.68,4,Sat,54
16822,S002,74.79,6,Thu,66
16823,S004,91.73,5,Wed,42
16824,S001,61.65,4,Mon,54
16825,S003,93.6,9,Tue,30
16826,S002,94.37,3,Sat,39
16827,S002,74.23,8,Sun,27
16828,S002,65.94,10,Fri,22
16829,S002,77.16,6,Sun,65
16830,S003,73.15,5,Sat,60
16831,S002,88.37,2,Mon,46
16832,S003,110.19,5,Wed,56
16833,S002,91.34,5,Tue,67
16834,S003,62.47,6,Wed,31
16835,S001,24.29,5,Sun,53
16836,S002,62.58,5,Tue,41
16837,S001,75.83,3,Mon,44
16838,S004,85.83,6,Thu,22
16839,S002,61.57,7,Thu,58
16840,S003,72.54,12,Thu,68
16841,S002,68.37,6,Sun,59
16842,S001,71.69,3,Mon,31
16843,S003,104.08,2,Sun,59
16844,S003,87.11,2,Mon,38
16845,S001,90.97,6,Sun,37
16846,S001,77.76,6,Tue,41
16847,S003,45.36,4,Sun,56
16848,S003,112.98,9,Fri,20
16849,S001,55.28,6,Wed,36
16850,S004,50.71,5,Thu,35
16851,S002,90.23,7,Fri,49
16852,S001,59.63,6,Mon,31
16853,S004,66.71,8,Fri,27
16854,S001,66.85,9,Fri,38
16855,S002,70.19,7,Sat,59
16856,S004,64.06,6,Wed,51
16857,S002,94.93,6,Sat,60
16858,S004,38.55,6,Mon,57
16859,S003,84.49,8,Sat,48
16860,S002,106.33,4,Fri,36
16861,S001,93.28,6,Wed,32
16862,S003,78.46,6,Fri,63
16863,S001,85.89,8,Thu,39
16864,S004,71.73,6,Sun,26
16865,S002,57.25,3,Tue,56
16866,S004,83.88,4,Wed,30
16867,S004,87.45,3,Fri,65
16868,S001,110.11,6,Fri,52
16869,S002,65.02,5,Sat,27
16870,S003,48.61,1,Thu,36
16871,S001,23.57,4,Wed,23
16872,S002,78.5,6,Tue,46
16873,S002,51.81,0,Thu,34
16874,S003,93.63,6,Wed,23
16875,S001,77.37,7,Thu,63
16876,S002,95.38,5,Sun,21
16877,S003,95.49,5,Wed,65
16878,S004,63.29,2,Sun,50
16879,S001,93.47,5,Wed,53
16880,S001,100.44,9,Fri,59
16881,S002,92.04,6,Thu,50
16882,S003,66.27,4,Fri,34
16883,S001,50.71,6,Tue,21
16884,S001,80.28,3,Tue,47
16885,S001,67.12,6,Wed,30
16886,S002,73.39,7,Wed,21
16887,S003,83.34,2,Tue,46
16888,S002,42.4,7,Wed,61
16889,S004,36.87,2,Fri,63
16890,S002,56.11,6,Sun,69
16891,S003,94.73,3,Thu,56
16892,S001,9.31,4,Fri,62
16893,S002,83.79,7,Wed,50
16894,S004,85.95,10,Mon,44
16895,S002,70.98,9,Sun,30
16896,S004,88.01,4,Sat,64
16897,S004,81.81,2,Mon,39
16898,S002,85.54,7,Sun,26
16899,S004,110.54,3,Wed,44
16900,S001,85.44,2,Sun,67
16901,S003,93.56,2,Mon,39
16902,S002,70.62,8,Sun,69
16903,S001,82.47,9,Thu,37
16904,S003,50.99,5,Fri,31
16905,S003,80.85,2,Sun,22
16906,S001,98.98,5,Fri,67
16907,S001,89.47,3,Fri,27
16908,S003,65.79,2,Fri,28
16909,S001,57.09,6,Wed,57
16910,S002,73.62,5,Fri,36
16911,S003,71.01,4,Tue,55
16912,S002,126.41,4,Tue,20
16913,S002,79.57,5,Sat,67
16914,S003,105.11,6,Sat,35
16915,S003,76.97,7,Tue,66
16916,S003,83.42,9,Wed,56
16917,S002,71.66,6,Fri,53
16918,S002,67.17,4,Wed,21
16919,S002,75.94,5,Fri,28
16920,S001,92.93,4,Tue,69
16921,S003,62.91,6,Mon,29
16922,S001,70.32,5,Thu,34
16923,S001,82.91,2,Sun,54
16924,S004,45.24,2,Mon,37
16925,S001,83.02,3,Sat,57
16926,S001,70.44,7,Wed,24
16927,S003,116.44,4,Mon,47
16928,S003,64.42,9,Fri,37
16929,S004,81.48,6,Wed,54
16930,S003,21.35,3,Sun,23
16931,S001,109.09,7,Tue,27
16932,S003,71.34,7,Fri,27
16933,S001,48.12,3,Tue,53
16934,S001,71.24,5,Fri,57
16935,S003,96.46,4,Thu,22
16936,S002,82.04,2,Tue,52
16937,S004,79.23,5,Thu,61
16938,S002,86.22,4,Wed,23
16939,S001,94.46,7,Wed,43
16940,S002,45.56,5,Fri,35
16941,S002,73.55,3,Tue,36
16942,S004,45.57,4,Sun,50
16943,S002,107.81,8,Tue,63
16944,S002,45.21,6,Thu,37
16945,S002,76.06,3,Mon,61
16946,S002,39.46,2,Sun,48
16947,S002,93.6,6,Thu,48
16948,S003,110.68,5,Wed,19
16949,S002,80.56,6,Thu,37
16950,S001,77.81,3,Sun,45
16951,S002,68.89,8,Mon,43
16952,S002,70.84,3,Tue,18
16953,S001,85.47,4,Wed,18
16954,S003,63.73,6,Sat,31
16955,S004,46.17,2,Sun,67
16956,S004,54.9,6,Sun,41
16957,S001,83.45,9,Wed,28
16958,S001,95.5,5,Sun,65
16959,S002,26.7,3,Sat,60
16960,S003,99.58,5,Wed,60
16961,S001,116.01,10,Wed,62
16962,S003,67.41,3,Thu,69
16963,S001,103.66,7,Sat,53
16964,S002,42.48,8,Mon,31
16965,S002,66.38,2,Thu,39
16966,S001,67.7,3,Fri,64
16967,S004,58.74,7,Mon,64
16968,S003,77.82,3,Thu,33
16969,S001,73.28,2,Wed,46
16970,S003,53.31,4,Sun,22
16971,S003,65.05,4,Fri,27
16972,S003,58.37,6,Mon,66
16973,S004,68.35,5,Tue,44
16974,S001,16.0,4,Tue,60
16975,S004,47.77,3,Fri,49
16976,S001,73.7,9,Tue,49
16977,S001,105.67,7,Tue,28
16978,S002,88.24,10,Sun,43
16979,S001,46.72,6,Sun,61
16980,S001,96.8,4,Mon,61
16981,S002,78.91,0,Mon,56
16982,S003,84.23,4,Sat,29
16983,S004,48.95,7,Mon,56
16984,S002,97.35,2,Fri,28
16985,S004,53.65,5,Thu,62
16986,S004,43.9,8,Fri,56
16987,S004,70.51,6,Wed,47
16988,S003,86.33,0,Sat,25
16989,S004,38.89,2,Sun,46
16990,S001,80.18,5,Sun,36
16991,S001,97.21,1,Thu,32
16992,S002,35.22,7,Fri,25
16993,S001,48.99,4,Fri,38
16994,S002,93.97,1,Wed,48
16995,S001,72.91,7,Sun,65
16996,S003,72.29,7,Mon,66
16997,S001,90.69,6,Fri,53
16998,S001,68.73,3,Sun,29
16999,S001,40.76,4,Mon,54
17000,S004,71.02,4,Thu,36
17001,S002,69.55,6,Thu,46
17002,S002,105.9,0,Tue,50
17003,S002,49.65,6,Fri,52
17004,S001,108.84,8,Mon,63
17005,S001,79.34,5,Tue,23
17006,S004,119.05,5,Sun,53
17007,S004,104.97,3,Fri,30
17008,S002,86.01,5,Fri,50
17009,S001,101.8,7,Sat,45
17010,S003,104.09,2,Wed,28
17011,S004,36.34,6,Wed,24
17012,S002,77.4,4,Wed,42
17013,S003,56.12,5,Sun,43
17014,S004,67.01,4,Wed,58
17015,S001,90.15,4,Fri,26
17016,S003,74.42,6,Mon,18
17017,S003,84.96,2,Wed,49
17018,S002,84.96,5,Tue,42
17019,S004,87.18,4,Thu,51
17020,S004,79.43,6,Wed,33
17021,S001,131.92,6,Sat,23
17022,S004,68.01,9,Thu,46
17023,S003,82.8,3,Fri,61
17024,S001,48.78,5,Fri,29
17025,S003,45.1,7,Tue,19
17026,S001,105.85,6,Thu,27
17027,S001,83.71,5,Wed,59
17028,S004,69.67,6,Tue,48
17029,S004,61.07,7,Tue,42
17030,S001,74.37,4,Thu,57
17031,S001,73.63,5,Wed,29
17032,S003,100.61,2,Sat,45
17033,S004,68.05,5,Fri,35
17034,S002,82.36,7,Tue,67
17035,S001,35.85,4,Fri,24
17036,S003,43.93,4,Tue,49
17037,S003,81.0,4,Sun,61
17038,S003,54.92,7,Tue,43
17039,S004,76.5,7,Wed,60
17040,S002,75.47,8,Fri,59
17041,S003,111.09,2,Thu,48
17042,S002,56.09,4,Fri,33
17043,S004,71.0,4,Sun,53
17044,S003,118.23,2,Wed,43
17045,S002,55.44,2,Thu,41
17046,S001,54.48,9,Fri,18
17047,S002,81.46,4,Mon,43
17048,S002,73.69,8,Thu,26
17049,S002,64.25,4,Sat,31
17050,S002,64.83,10,Wed,24
17051,S003,117.3,6,Fri,54
17052,S002,65.52,4,Mon,28
17053,S003,93.67,3,Thu,60
17054,S002,56.6,4,Wed,35
17055,S003,43.95,5,Tue,24
17056,S002,58.5,5,Thu,57
17057,S001,69.46,13,Sat,41
17058,S001,82.91,3,Tue,22
17059,S002,24.74,3,Mon,43
17060,S002,64.62,6,Sat,27
17061,S002,109.97,5,Tue,49
17062,S004,44.6,4,Wed,24
17063,S002,129.33,7,Mon,27
17064,S001,67.06,3,Thu,19
17065,S004,58.13,5,Tue,38
17066,S002,123.54,7,Sun,46
17067,S001,80.95,11,Sat,31
17068,S003,47.0,4,Sun,58
17069,S001,93.66,1,Tue,34
17070,S002,61.8,7,Tue,24
17071,S003,89.09,4,Sun,47
17072,S001,84.23,2,Tue,63
17073,S001,99.1,5,Fri,26
17074,S002,65.8,6,Tue,68
17075,S004,90.93,6,Fri,20
17076,S003,104.64,5,Sun,21
17077,S004,83.02,9,Sat,66
17078,S001,66.93,5,Tue,44
17079,S003,111.82,3,Fri,32
17080,S004,71.79,9,Sat,63
17081,S004,76.98,6,Tue,43
17082,S004,84.26,6,Mon,31
17083,S002,56.91,6,Mon,59
17084,S004,57.17,1,Mon,41
17085,S002,83.63,8,Mon,58
17086,S002,101.65,14,Fri,33
17087,S002,113.53,4,Sat,24
17088,S002,61.23,3,Thu,58
17089,S004,81.64,3,Sun,62
17090,S003,70.17,6,Mon,42
17091,S003,96.83,4,Sat,67
17092,S003,97.87,8,Thu,54
17093,S004,45.11,2,Fri,33
17094,S002,83.45,3,Mon,68
17095,S003,67.05,2,Wed,38
17096,S002,87.13,7,Sat,51
17097,S003,78.63,4,Wed,32
17098,S002,74.44,5,Mon,23
17099,S003,60.76,6,Wed,67
17100,S003,90.55,1,Sat,27
17101,S001,68.26,8,Fri,36
17102,S001,73.36,1,Tue,25
17103,S001,82.72,7,Thu,40
17104,S002,75.39,5,Thu,21
17105,S003,90.68,3,Thu,18
17106,S003,97.11,4,Sat,22
17107,S001,74.01,2,Mon,44
17108,S001,52.63,3,Fri,67
17109,S001,115.92,5,Wed,48
17110,S003,103.88,3,Sat,34
17111,S004,103.18,6,Sat,54
17112,S004,67.99,4,Sun,35
17113,S003,93.84,6,Wed,69
17114,S003,65.97,6,Tue,59
17115,S003,74.54,6,Tue,41
17116,S002,70.38,6,Mon,65
17117,S003,64.39,2,Sat,57
17118,S004,62.81,6,Wed,38
17119,S002,106.38,8,Mon,49
17120,S001,73.76,4,Thu,64
17121,S001,67.32,7,Thu,22
17122,S003,72.08,6,Wed,42
17123,S004,60.02,7,Sun,26
17124,S004,65.63,4,Tue,28
17125,S002,51.53,4,Tue,62
17126,S002,80.52,4,Fri,47
17127,S002,107.94,6,Fri,49
17128,S003,66.26,4,Wed,63
17129,S004,87.37,3,Sun,26
17130,S001,85.15,4,Wed,33
17131,S002,79.19,4,Sat,30
17132,S003,74.85,4,Fri,55
17133,S002,103.32,7,Thu,60
17134,S001,102.89,5,Sat,33
17135,S004,51.79,4,Mon,45
17136,S002,71.15,6,Thu,19
17137,S001,90.72,11,Sun,28
17138,S002,72.49,7,Fri,31
17139,S001,89.58,3,Wed,49
17140,S003,74.24,3,Tue,30
17141,S003,92.59,2,Wed,33
17142,S004,140.33,7,Tue,38
17143,S002,71.85,0,Sun,36
17144,S001,100.65,5,Fri,46
17145,S003,70.97,6,Tue,50
17146,S002,75.58,7,Tue,27
17147,S003,99.13,5,Wed,66
17148,S001,85.04,3,Mon,41
17149,S002,73.48,8,Wed,40
17150,S004,63.78,4,Thu,23
17151,S003,25.33,3,Sun,23
17152,S001,90.14,5,Tue,43
17153,S003,110.62,3,Thu,30
17154,S002,108.67,5,Thu,24
17155,S002,52.78,5,Tue,42
17156,S004,81.18,4,Thu,65
17157,S002,64.39,5,Fri,37
17158,S004,103.83,4,Tue,50
17159,S003,76.88,4,Thu,31
17160,S004,52.02,2,Mon,64
17161,S002,110.04,3,Fri,66
17162,S002,98.33,3,Thu,33
17163,S001,63.06,3,Sat,52
17164,S004,55.71,8,Sat,65
17165,S001,37.34,4,Wed,21
17166,S004,82.46,6,Wed,49
17167,S004,89.19,7,Sat,22
17168,S002,92.27,3,Sun,36
17169,S004,76.14,2,Fri,35
17170,S004,67.65,5,Sat,50
17171,S003,76.49,2,Tue,66
17172,S003,63.95,2,Wed,62
17173,S003,73.02,5,Sun,62
17174,S001,100.51,9,Sun,22
17175,S002,77.03,4,Mon,30
17176,S003,69.56,3,Fri,18
17177,S003,89.98,5,Tue,46
17178,S002,74.36,8,Mon,41
17179,S004,24.76,6,Thu,41
17180,S003,60.02,5,Mon,21
17181,S004,108.78,8,Thu,24
17182,S003,43.73,6,Sun,44
17183,S002,81.24,5,Thu,39
17184,S001,123.7,3,Sat,31
17185,S001,93.88,8,Wed,24
17186,S001,110.37,4,Sun,26
17187,S003,39.81,6,Sat,50
17188,S001,56.06,5,Thu,27
17189,S003,68.1,6,Sat,52
17190,S004,90.4,4,Tue,57
17191,S001,61.51,4,Thu,54
17192,S001,71.85,8,Sat,53
17193,S001,59.7,5,Tue,35
17194,S002,89.1,4,Tue,60
17195,S003,84.04,4,Mon,23
17196,S003,78.19,6,Thu,38
17197,S003,67.18,4,Tue,59
17198,S004,112.83,5,Fri,24
17199,S003,77.24,4,Tue,61
17200,S001,40.49,7,Mon,50
17201,S004,125.6,5,Thu,31
17202,S004,79.17,4,Mon,67
17203,S001,37.8,6,Fri,26
17204,S001,90.51,4,Thu,33
17205,S002,107.31,4,Sun,28
17206,S003,101.81,7,Thu,47
17207,S004,90.24,6,Thu,54
17208,S001,71.58,6,Thu,66
17209,S004,74.38,6,Tue,45
17210,S003,74.01,4,Tue,23
17211,S002,83.4,3,Mon,35
17212,S004,44.17,6,Sat,59
17213,S001,67.49,6,Tue,68
17214,S001,95.5,1,Fri,61
17215,S003,90.64,7,Sat,28
17216,S002,92.89,5,Wed,58
17217,S002,54.3,5,Mon,51
17218,S004,67.13,6,Sun,21
17219,S003,124.35,7,Sun,64
17220,S001,98.58,5,Fri,48
17221,S003,26.16,5,Fri,20
17222,S002,60.88,1,Mon,57
17223,S001,66.6,2,Tue,68
17224,S003,76.61,6,Mon,26
17225,S002,61.73,6,Tue,69
17226,S004,72.85,7,Thu,44
17227,S004,65.98,3,Sat,28
17228,S002,83.15,4,Fri,65
17229,S003,59.3,4,Sun,18
17230,S001,49.58,2,Fri,63
17231,S003,101.39,3,Sun,64
17232,S003,84.65,9,Wed,23
17233,S002,85.78,2,Thu,36
17234,S004,69.73,3,Tue,69
17235,S001,33.89,7,Wed,68
17236,S001,81.37,6,Sat,49
17237,S003,72.12,7,Mon,67
17238,S002,74.4,4,Sun,40
17239,S004,84.78,4,Tue,44
17240,S001,88.85,6,Sat,43
17241,S001,87.27,2,Mon,66
17242,S003,51.12,8,Sun,49
17243,S001,84.32,5,Wed,55
17244,S004,74.44,11,Wed,64
17245,S002,67.7,10,Tue,29
17246,S002,64.32,8,Wed,27
17247,S003,89.64,4,Mon,22
17248,S001,88.79,6,Sat,25
17249,S003,50.48,4,Tue,28
17250,S002,88.23,3,Sat,31
17251,S004,57.38,3,Sun,23
17252,S001,76.36,6,Wed,41
17253,S003,81.16,4,Sun,59
17254,S004,63.92,5,Sat,53
17255,S001,53.2,4,Sun,22
17256,S004,71.62,2,Mon,39
17257,S001,87.73,2,Mon,42
17258,S002,93.45,3,Sat,33
17259,S003,79.11,5,Thu,25
17260,S001,79.92,4,Tue,48
17261,S004,56.63,3,Sun,21
17262,S003,77.38,7,Wed,57
17263,S003,73.89,9,Wed,42
17264,S003,100.78,4,Fri,56
17265,S004,26.73,4,Wed,56
17266,S004,44.89,5,Sat,22
17267,S001,52.7,4,Tue,27
17268,S003,86.07,4,Wed,68
17269,S002,59.84,4,Sat,26
17270,S003,105.74,3,Mon,59
17271,S004,86.08,4,Fri,50
17272,S003,79.37,7,Mon,47
17273,S001,51.47,4,Thu,37
17274,S001,86.5,4,Sun,60
17275,S004,90.64,8,Tue,60
17276,S001,91.12,4,Fri,29
17277,S002,72.1,2,Fri,46
17278,S004,70.97,4,Tue,60
17279,S004,85.51,7,Sat,62
17280,S004,78.21,5,Thu,42
17281,S004,39.84,2,Sun,40
17282,S001,85.24,2,Fri,46
17283,S004,61.77,1,Thu,35
17284,S001,63.17,3,Mon,37
17285,S002,115.04,7,Sat,66
17286,S004,45.65,3,Tue,35
17287,S002,38.49,6,Tue,52
17288,S003,95.13,5,Mon,66
17289,S003,63.34,7,Fri,22
17290,S004,66.72,3,Sun,49
17291,S003,36.72,8,Sun,48
17292,S003,73.77,6,Thu,36
17293,S001,74.64,7,Tue,22
17294,S001,66.92,3,Mon,40
17295,S003,87.63,8,Wed,45
17296,S003,99.13,3,Wed,25
17297,S001,66.1,7,Mon,50
17298,S003,17.59,3,Sat,62
17299,S004,50.95,3,Sun,53
17300,S001,96.85,3,Tue,31
17301,S004,90.65,2,Sat,28
17302,S004,59.78,4,Thu,64
17303,S004,81.61,9,Tue,21
17304,S001,86.95,4,Thu,62
17305,S001,74.33,5,Wed,48
17306,S001,84.96,0,Wed,36
17307,S002,61.22,9,Wed,58
17308,S004,49.61,6,Mon,28
17309,S002,93.67,4,Wed,66
17310,S003,97.44,7,Tue,32
17311,S002,60.9,4,Fri,37
17312,S002,68.07,5,Fri,46
17313,S001,94.91,4,Sat,61
17314,S004,86.11,4,Sun,22
17315,S004,73.17,4,Tue,28
17316,S001,94.82,5,Fri,22
17317,S001,76.13,4,Tue,50
17318,S003,98.53,9,Tue,32
17319,S004,83.54,1,Fri,68
17320,S002,41.31,7,Fri,46
17321,S003,83.76,4,Tue,37
17322,S003,58.2,4,Tue,49
17323,S001,91.54,7,Thu,61
17324,S003,74.38,5,Mon,21
17325,S001,60.68,5,Fri,47
17326,S002,79.15,3,Wed,61
17327,S004,79.3,3,Wed,52
17328,S003,62.29,5,Sat,66
17329,S003,69.82,5,Tue,64
17330,S002,113.16,2,Sun,47
17331,S003,22.05,7,Mon,22
17332,S002,41.09,5,Mon,21
17333,S001,76.35,4,Sun,29
17334,S001,71.32,3,Fri,50
17335,S002,75.29,2,Thu,31
17336,S003,60.54,5,Fri,66
17337,S002,46.0,3,Mon,63
17338,S003,68.14,7,Fri,30
17339,S004,89.02,6,Wed,19
17340,S001,107.0,6,Fri,22
17341,S003,52.56,6,Fri,38
17342,S003,87.95,3,Sat,28
17343,S003,99.46,7,Mon,64
17344,S002,62.48,5,Sat,42
17345,S003,34.76,5,Thu,33
17346,S001,86.18,3,Sun,44
17347,S001,86.18,5,Sun,52
17348,S003,60.81,8,Fri,59
17349,S003,94.38,2,Thu,48
17350,S004,73.77,5,Sun,47
17351,S004,54.66,9,Thu,24
17352,S001,38.17,8,Tue,35
17353,S002,103.78,7,Thu,64
17354,S001,100.52,9,Sat,32
17355,S001,64.65,10,Mon,69
17356,S001,68.87,8,Sat,34
17357,S001,72.89,2,Mon,35
17358,S001,57.13,6,Sat,28
17359,S002,109.26,3,Sat,21
17360,S001,53.8,9,Mon,28
17361,S004,40.59,6,Wed,46
17362,S002,118.5,6,Mon,25
17363,S004,86.22,8,Sun,30
17364,S002,54.98,4,Mon,63
17365,S002,42.37,2,Wed,51
17366,S002,72.13,3,Tue,64
17367,S001,96.65,3,Tue,55
17368,S001,57.04,8,Mon,55
17369,S002,51.58,3,Tue,59
17370,S003,91.22,6,Wed,42
17371,S004,103.64,3,Sat,42
17372,S001,90.24,8,Wed,22
17373,S003,71.67,4,Sun,43
17374,S002,59.96,2,Fri,23
17375,S002,93.71,5,Tue,33
17376,S001,84.59,2,Wed,38
17377,S003,55.14,3,Sat,59
17378,S001,99.2,3,Mon,67
17379,S001,45.27,4,Thu,48
17380,S001,87.29,7,Thu,56
17381,S003,69.52,2,Sat,36
17382,S002,89.92,10,Tue,38
17383,S002,66.45,4,Sun,29
17384,S003,60.74,7,Thu,32
17385,S001,95.58,5,Sat,19
17386,S002,78.26,8,Thu,68
17387,S003,85.41,6,Wed,46
17388,S002,84.0,5,Fri,33
17389,S004,88.19,4,Sun,51
17390,S001,32.05,5,Tue,30
17391,S003,89.71,3,Tue,47
17392,S002,115.68,9,Wed,61
17393,S002,65.94,5,Mon,26
17394,S004,75.94,5,Tue,36
17395,S004,62.07,4,Wed,54
17396,S002,26.36,11,Fri,27
17397,S001,93.9,7,Wed,63
17398,S002,57.0,2,Fri,41
17399,S002,70.97,4,Mon,55
17400,S004,85.42,5,Sun,48
17401,S004,77.45,6,Sun,32
17402,S003,81.73,5,Fri,36
17403,S001,62.55,5,Tue,28
17404,S003,121.38,8,Sat,19
17405,S003,92.36,5,Sun,50
17406,S003,64.65,7,Sun,18
17407,S001,85.35,9,Tue,23
17408,S002,46.5,5,Thu,58
17409,S001,79.06,5,Sun,27
17410,S002,24.46,8,Wed,64
17411,S004,52.2,6,Tue,66
17412,S003,100.82,4,Mon,39
17413,S001,84.14,4,Mon,27
17414,S004,105.82,5,Mon,25
17415,S003,82.55,5,Sat,66
17416,S001,95.28,1,Thu,59
17417,S004,56.65,4,Fri,48
17418,S004,31.58,8,Sun,64
17419,S002,74.04,7,Wed,50
17420,S002,43.2,3,Tue,20
17421,S004,77.49,2,Sat,62
17422,S004,72.07,2,Fri,43
17423,S002,97.98,4,Wed,59
17424,S003,111.14,6,Sat,22
17425,S003,49.47,2,Mon,45
17426,S003,79.95,5,Sat,47
17427,S001,94.3,9,Mon,68
17428,S003,43.68,5,Sun,41
17429,S003,99.11,7,Fri,57
17430,S003,31.42,6,Tue,67
17431,S002,36.67,5,Mon,53
17432,S003,82.24,6,Tue,42
17433,S001,62.7,6,Mon,47
17434,S004,119.49,6,Sun,37
17435,S002,53.12,5,Fri,24
17436,S001,72.36,2,Fri,57
17437,S004,81.28,0,Sun,67
17438,S004,77.99,7,Thu,56
17439,S002,44.78,13,Sun,66
17440,S002,106.28,3,Fri,31
17441,S003,73.43,6,Fri,42
17442,S002,97.18,6,Mon,44
17443,S003,75.99,9,Thu,49
17444,S002,68.29,3,Tue,48
17445,S001,79.81,5,Fri,23
17446,S001,69.85,9,Sun,69
17447,S002,41.16,3,Wed,23
17448,S004,67.88,5,Sat,43
17449,S003,85.73,3,Thu,64
17450,S002,93.8,3,Sat,68
17451,S002,55.75,1,Fri,39
17452,S003,96.54,6,Sat,69
17453,S002,53.95,6,Sun,62
17454,S001,73.24,7,Sun,37
17455,S003,74.9,4,Sun,62
17456,S001,103.56,4,Mon,43
17457,S004,90.72,2,Wed,41
17458,S002,47.87,1,Sun,37
17459,S003,77.27,2,Thu,57
17460,S002,81.85,3,Sat,66
17461,S004,86.52,3,Thu,30
17462,S002,60.37,4,Sun,56
17463,S003,70.41,3,Tue,40
17464,S001,90.99,6,Mon,23
17465,S001,54.91,6,Fri,67
17466,S001,69.08,8,Sun,40
17467,S001,99.07,7,Thu,56
17468,S002,35.29,9,Wed,69
17469,S002,74.2,3,Thu,55
17470,S003,60.81,5,Sat,49
17471,S004,85.06,8,Mon,60
17472,S001,82.36,3,Sun,54
17473,S002,62.07,4,Mon,33
17474,S002,91.86,5,Sat,44
17475,S003,67.94,4,Tue,53
17476,S001,57.17,4,Fri,53
17477,S002,123.43,4,Fri,27
17478,S002,83.45,4,Fri,43
17479,S001,106.75,7,Sat,34
17480,S004,95.02,4,Sat,47
17481,S003,92.75,2,Sun,36
17482,S002,76.96,5,Sat,40
17483,S002,93.77,4,Sat,39
17484,S004,93.4,4,Wed,49
17485,S003,49.2,10,Mon,44
17486,S001,115.38,4,Sat,60
17487,S003,103.42,6,Fri,62
17488,S003,62.35,6,Sat,55
17489,S001,81.11,3,Mon,27
17490,S002,115.44,4,Mon,30
17491,S001,94.09,6,Sun,42
17492,S002,72.58,2,Fri,33
17493,S004,96.87,5,Sat,68
17494,S004,84.79,9,Sat,66
17495,S004,66.95,1,Sun,38
17496,S001,100.84,4,Mon,47
17497,S001,60.46,8,Fri,34
17498,S004,85.56,3,Wed,42
17499,S001,94.59,4,Tue,29
17500,S003,56.69,3,Thu,21
17501,S002,66.56,6,Sat,24
17502,S003,89.03,4,Tue,49
17503,S001,89.21,3,Wed,30
17504,S004,84.0,10,Fri,25
17505,S003,72.0,3,Sat,61
17506,S001,83.39,4,Sat,42
17507,S001,76.43,6,Tue,63
17508,S003,73.57,2,Mon,21
17509,S004,67.91,6,Sat,68
17510,S002,68.7,6,Sun,48
17511,S004,79.01,3,Tue,67
17512,S001,84.05,5,Sun,18
17513,S001,100.67,4,Wed,25
17514,S001,87.58,3,Tue,57
17515,S001,104.99,3,Fri,55
17516,S003,78.65,6,Sun,47
17517,S001,93.12,9,Wed,40
17518,S004,106.25,5,Tue,69
17519,S004,67.06,6,Thu,48
17520,S002,69.17,4,Tue,46
17521,S003,74.98,6,Fri,24
17522,S003,88.34,3,Fri,62
17523,S001,59.24,6,Mon,44
17524,S002,20.1,4,Wed,47
17525,S002,83.12,2,Thu,53
17526,S004,72.57,3,Sun,35
17527,S004,73.95,11,Tue,68
17528,S004,63.81,5,Tue,40
17529,S003,53.67,6,Sun,55
17530,S003,42.71,6,Sun,68
17531,S003,58.1,9,Mon,20
17532,S004,60.03,4,Sat,21
17533,S003,66.42,3,Mon,33
17534,S003,60.66,7,Mon,66
17535,S002,81.5,7,Sun,26
17536,S004,95.32,4,Sun,19
17537,S004,85.32,6,Sat,58
17538,S004,86.93,5,Sat,29
17539,S001,111.54,7,Sat,59
17540,S003,69.45,4,Sun,33
17541,S004,66.83,3,Fri,48
17542,S002,97.63,3,Sat,19
17543,S002,74.73,8,Wed,34
17544,S002,26.04,1,Sun,25
17545,S002,73.83,6,Fri,25
17546,S003,57.24,3,Mon,56
17547,S003,102.35,3,Fri,24
17548,S003,74.62,6,Mon,52
17549,S003,68.71,3,Fri,25
17550,S003,28.8,3,Sat,50
17551,S002,39.17,7,Thu,23
17552,S002,65.26,9,Sun,29
17553,S004,55.17,6,Sun,25
17554,S003,57.78,5,Wed,60
17555,S003,85.14,4,Wed,51
17556,S001,61.16,2,Tue,42
17557,S003,84.61,4,Wed,48
17558,S001,116.17,1,Sat,56
17559,S004,80.64,1,Sun,26
17560,S001,61.97,1,Sat,32
17561,S003,71.63,5,Sat,25
17562,S001,55.92,2,Mon,63
17563,S002,63.21,4,Sat,58
17564,S004,66.9,5,Mon,65
17565,S004,37.13,6,Fri,19
17566,S002,69.81,1,Wed,20
17567,S004,63.87,4,Sat,45
17568,S004,64.36,5,Thu,51
17569,S001,67.78,6,Sun,44
17570,S001,90.03,7,Thu,22
17571,S003,54.07,2,Sun,48
17572,S002,80.25,4,Sun,63
17573,S002,114.75,5,Sat,66
17574,S004,82.14,7,Sat,42
17575,S001,60.31,6,Thu,48
17576,S001,74.61,2,Mon,51
17577,S004,47.46,4,Wed,56
17578,S004,81.59,8,Mon,67
17579,S004,69.67,2,Sat,65
17580,S004,83.61,6,Tue,68
17581,S004,92.08,4,Thu,23
17582,S003,74.22,6,Fri,25
17583,S002,81.14,2,Mon,38
17584,S001,79.52,6,Sat,47
17585,S002,87.98,7,Sat,46
17586,S004,32.6,3,Sat,47
17587,S004,59.33,5,Sun,65
17588,S003,99.77,6,Thu,44
17589,S003,84.42,4,Sat,32
17590,S002,98.46,1,Fri,41
17591,S002,55.99,2,Mon,61
17592,S004,79.63,5,Sat,50
17593,S002,106.7,1,Thu,50
17594,S002,94.52,3,Fri,34
17595,S001,62.48,5,Tue,49
17596,S004,90.42,4,Sat,44
17597,S002,50.79,6,Sun,47
17598,S004,71.85,5,Sun,45
17599,S003,126.84,2,Tue,67
17600,S004,86.89,7,Thu,33
17601,S003,58.6,1,Wed,20
17602,S004,102.23,5,Tue,54
17603,S001,92.76,3,Wed,53
17604,S002,78.23,3,Sun,46
17605,S001,59.3,3,Thu,23
17606,S004,72.51,3,Tue,30
17607,S002,68.84,3,Wed,54
17608,S003,70.39,2,Fri,22
17609,S004,95.52,4,Tue,46
17610,S002,67.91,3,Mon,33
17611,S003,84.21,6,Tue,21
17612,S001,77.32,4,Thu,36
17613,S001,44.3,7,Tue,65
17614,S002,85.65,4,Thu,54
17615,S004,68.52,5,Wed,37
17616,S001,59.3,5,Tue,31
17617,S003,53.23,5,Sun,25
17618,S004,67.8,10,Sun,64
17619,S001,81.96,6,Sun,52
17620,S001,91.7,7,Fri,21
17621,S003,71.16,2,Sat,18
17622,S003,42.68,7,Sun,65
17623,S001,66.45,2,Wed,40
17624,S004,56.69,2,Thu,26
17625,S004,44.06,1,Wed,18
17626,S002,74.32,6,Sun,29
17627,S001,81.59,5,Fri,41
17628,S003,78.02,1,Thu,39
17629,S001,72.65,9,Wed,42
17630,S004,75.88,7,Mon,26
17631,S004,76.44,6,Sun,33
17632,S002,74.06,4,Wed,68
17633,S004,64.02,3,Fri,40
17634,S004,61.4,8,Thu,34
17635,S002,78.48,5,Fri,30
17636,S001,56.12,3,Sun,23
17637,S004,86.84,1,Mon,23
17638,S001,74.99,6,Fri,66
17639,S002,61.46,5,Wed,46
17640,S002,93.11,6,Sat,67
17641,S001,100.75,8,Sat,35
17642,S003,91.18,8,Mon,48
17643,S002,77.2,2,Tue,60
17644,S001,94.81,6,Sun,67
17645,S002,86.52,9,Wed,35
17646,S004,82.53,3,Sat,46
17647,S002,96.64,6,Sun,53
17648,S003,70.21,3,Fri,19
17649,S002,92.56,0,Thu,51
17650,S002,78.13,4,Fri,26
17651,S003,67.48,5,Thu,61
17652,S001,56.45,9,Wed,50
17653,S002,113.33,9,Tue,47
17654,S003,54.34,4,Wed,23
17655,S004,78.02,3,Tue,47
17656,S003,63.24,3,Sun,54
17657,S004,90.87,3,Mon,50
17658,S003,63.46,5,Fri,23
17659,S001,115.44,7,Sun,37
17660,S004,59.99,6,Fri,33
17661,S001,93.4,4,Sun,33
17662,S003,82.83,2,Mon,64
17663,S002,79.94,6,Sat,21
17664,S003,107.38,3,Fri,46
17665,S001,73.62,6,Thu,37
17666,S001,133.3,5,Fri,47
17667,S001,87.48,4,Thu,31
17668,S003,88.72,6,Sat,23
17669,S003,81.58,6,Fri,39
17670,S002,74.07,7,Fri,38
17671,S002,71.62,4,Thu,23
17672,S002,79.3,6,Sat,54
17673,S001,91.04,6,Fri,47
17674,S002,65.86,6,Wed,46
17675,S003,67.83,4,Sun,57
17676,S001,58.42,2,Tue,59
17677,S002,93.44,9,Wed,26
17678,S003,81.33,7,Mon,60
17679,S004,102.58,6,Tue,54
17680,S001,66.52,5,Sun,48
17681,S001,61.33,9,Wed,42
17682,S001,27.15,8,Wed,57
17683,S001,101.87,6,Tue,28
17684,S001,66.39,7,Sat,62
17685,S003,75.21,7,Sat,50
17686,S002,75.38,2,Mon,42
17687,S002,77.63,6,Fri,38
17688,S004,79.8,4,Tue,25
17689,S002,81.71,5,Mon,56
17690,S002,66.85,4,Thu,41
17691,S003,94.81,4,Fri,65
17692,S003,78.52,5,Mon,42
17693,S003,98.29,8,Tue,36
17694,S003,77.0,6,Sun,22
17695,S004,65.64,4,Mon,28
17696,S003,47.42,5,Sun,49
17697,S003,82.01,6,Sat,48
17698,S004,76.82,4,Fri,55
17699,S002,60.81,4,Wed,60
17700,S003,84.65,3,Mon,50
17701,S002,35.58,10,Sat,24
17702,S003,39.52,6,Wed,68
17703,S003,100.56,7,Mon,66
17704,S003,96.42,4,Sat,46
17705,S004,51.84,2,Thu,23
17706,S002,73.37,6,Tue,45
17707,S004,47.75,4,Wed,49
17708,S002,82.05,5,Wed,55
17709,S002,60.8,1,Thu,23
17710,S003,48.39,3,Sun,60
17711,S002,53.53,5,Mon,43
17712,S004,89.06,8,Mon,38
17713,S004,107.56,4,Fri,36
17714,S002,81.43,7,Fri,40
17715,S001,41.75,8,Sat,43
17716,S004,63.28,5,Tue,30
17717,S001,89.33,7,Tue,48
17718,S002,86.19,11,Mon,25
17719,S001,82.92,2,Tue,59
17720,S001,71.87,5,Mon,29
17721,S003,90.13,6,Wed,32
17722,S001,92.57,2,Fri,24
17723,S003,88.23,6,Sat,62
17724,S004,56.67,2,Fri,57
17725,S004,114.87,5,Sat,37
17726,S001,89.09,2,Mon,34
17727,S001,85.6,3,Mon,43
17728,S002,67.97,3,Wed,57
17729,S003,69.94,12,Sun,20
17730,S003,61.36,6,Tue,39
17731,S004,84.02,3,Tue,54
17732,S001,67.61,2,Wed,61
17733,S004,80.67,2,Mon,47
17734,S004,76.93,4,Sat,47
17735,S001,94.0,5,Sun,26
17736,S002,23.77,7,Sun,32
17737,S003,86.58,5,Tue,64
17738,S004,83.18,3,Sat,53
17739,S003,50.05,6,Wed,49
17740,S003,48.63,6,Sun,19
17741,S002,121.14,2,Thu,59
17742,S004,64.42,3,Fri,68
17743,S002,65.94,9,Mon,32
17744,S001,46.56,8,Thu,29
17745,S001,83.48,4,Sat,23
17746,S004,52.71,6,Mon,49
17747,S004,98.24,7,Wed,57
17748,S002,102.22,4,Mon,65
17749,S003,71.7,5,Wed,32
17750,S004,61.99,4,Mon,19
17751,S002,101.0,5,Mon,30
17752,S001,66.55,9,Sat,20
17753,S004,75.2,8,Thu,45
17754,S004,91.36,5,Tue,40
17755,S003,72.04,8,Sat,54
17756,S002,52.22,4,Mon,55
17757,S001,56.51,5,Thu,29
17758,S003,108.16,5,Thu,28
17759,S001,87.31,3,Sat,39
17760,S001,47.89,3,Sat,27
17761,S004,95.79,8,Mon,24
17762,S002,75.11,4,Tue,58
17763,S004,53.53,6,Thu,67
17764,S003,72.01,6,Sat,30
17765,S003,76.5,4,Mon,52
17766,S002,84.7,5,Sat,59
17767,S004,73.72,5,Sat,33
17768,S002,99.06,5,Mon,36
17769,S002,75.62,9,Sat,55
17770,S001,71.74,6,Sat,43
17771,S001,85.11,5,Wed,34
17772,S004,62.86,8,Sun,56
17773,S004,60.48,7,Wed,53
17774,S004,93.67,4,Thu,49
17775,S001,83.98,2,Thu,63
17776,S002,94.22,4,Thu,27
17777,S004,65.57,7,Fri,59
17778,S001,76.51,5,Tue,40
17779,S003,50.0,3,Mon,19
17780,S004,76.97,4,Mon,28
17781,S004,73.63,8,Tue,51
17782,S004,104.0,7,Wed,35
17783,S004,78.7,6,Sat,26
17784,S003,59.88,7,Sat,51
17785,S004,38.43,9,Sat,62
17786,S004,87.19,2,Sun,29
17787,S001,76.17,13,Wed,41
17788,S004,79.06,5,Fri,19
17789,S004,88.13,1,Mon,65
17790,S004,63.7,2,Sun,64
17791,S004,120.53,5,Tue,39
17792,S004,56.83,5,Tue,61
17793,S003,87.71,3,Sun,19
17794,S003,85.23,9,Wed,30
17795,S001,43.14,4,Wed,46
17796,S001,77.65,8,Tue,18
17797,S004,78.63,9,Fri,31
17798,S004,110.01,6,Fri,18
17799,S001,93.48,7,Fri,53
17800,S002,111.07,6,Mon,65
17801,S004,80.4,9,Wed,63
17802,S003,72.28,5,Sat,30
17803,S004,38.02,2,Fri,19
17804,S003,44.46,4,Fri,39
17805,S001,46.82,3,Tue,58
17806,S001,66.88,5,Mon,56
17807,S002,98.37,7,Tue,36
17808,S004,82.9,3,Wed,57
17809,S004,67.54,6,Fri,34
17810,S004,93.87,3,Fri,41
17811,S002,65.98,2,Sun,68
17812,S003,117.95,1,Wed,27
17813,S001,84.48,2,Thu,63
17814,S004,107.62,10,Fri,66
17815,S003,83.41,3,Wed,48
17816,S003,43.49,8,Sat,19
17817,S004,56.95,5,Fri,45
17818,S001,103.5,4,Mon,55
17819,S004,96.73,4,Tue,43
17820,S001,64.71,3,Thu,62
17821,S003,93.46,5,Fri,66
17822,S003,55.75,5,Sun,57
17823,S002,86.04,3,Mon,41
17824,S004,74.35,4,Tue,67
17825,S002,99.12,5,Wed,35
17826,S004,71.38,6,Thu,30
17827,S001,46.61,4,Sat,65
17828,S004,94.26,2,Thu,19
17829,S003,61.81,3,Wed,38
17830,S004,53.5,4,Sat,38
17831,S004,104.41,7,Tue,37
17832,S002,111.5,4,Sat,30
17833,S001,60.59,4,Mon,55
17834,S003,54.49,3,Sun,58
17835,S001,103.28,5,Mon,62
17836,S001,136.08,5,Thu,31
17837,S003,53.4,6,Fri,57
17838,S004,61.53,7,Sun,23
17839,S004,71.91,4,Sun,24
17840,S004,91.2,7,Thu,41
17841,S002,73.83,4,Tue,53
17842,S001,54.85,5,Tue,63
17843,S004,40.27,5,Sat,67
17844,S003,70.63,5,Tue,25
17845,S004,127.11,6,Sun,46
17846,S003,67.96,4,Tue,33
17847,S002,46.75,8,Tue,49
17848,S001,55.27,5,Sun,51
17849,S002,68.73,10,Mon,55
17850,S002,80.52,4,Wed,21
17851,S001,74.23,1,Mon,24
17852,S003,69.18,2,Fri,35
17853,S001,50.33,7,Mon,67
17854,S004,61.12,5,Thu,21
17855,S002,83.92,5,Thu,35
17856,S003,68.31,4,Wed,43
17857,S003,80.08,2,Wed,57
17858,S002,59.49,5,Tue,53
17859,S003,88.96,8,Sun,45
17860,S001,71.06,3,Mon,38
17861,S001,66.54,3,Mon,64
17862,S003,69.31,2,Tue,64
17863,S002,32.49,4,Fri,56
17864,S002,41.03,5,Wed,32
17865,S002,92.83,7,Sat,33
17866,S004,75.74,3,Wed,47
17867,S002,65.49,3,Fri,21
17868,S003,93.95,7,Sat,65
17869,S004,51.61,0,Thu,37
17870,S002,76.92,7,Mon,57
17871,S004,35.71,4,Wed,64
17872,S002,91.9,4,Tue,27
17873,S003,53.72,7,Wed,32
17874,S003,39.08,4,Mon,32
17875,S003,95.67,2,Fri,19
17876,S001,54.3,4,Mon,65
17877,S001,101.86,4,Sat,52
17878,S002,86.23,4,Mon,19
17879,S001,47.28,11,Wed,51
17880,S004,80.55,5,Sun,32
17881,S001,79.07,6,Sun,21
17882,S002,65.54,3,Sat,38
17883,S002,56.19,9,Tue,62
17884,S004,89.73,5,Fri,27
17885,S001,102.23,6,Fri,27
17886,S003,75.42,5,Fri,50
17887,S001,83.19,3,Tue,32
17888,S001,76.74,9,Thu,58
17889,S003,34.06,3,Sat,42
17890,S004,62.63,2,Wed,68
17891,S002,85.74,5,Mon,29
17892,S004,55.88,4,Wed,27
17893,S003,84.59,4,Tue,38
17894,S004,35.14,5,Sat,34
17895,S002,99.95,6,Sat,48
17896,S003,75.14,7,Mon,61
17897,S004,106.58,12,Wed,56
17898,S001,96.96,3,Tue,39
17899,S004,73.72,10,Mon,31
17900,S001,63.19,5,Wed,31
17901,S002,74.88,6,Wed,60
17902,S004,116.27,6,Wed,65
17903,S003,64.19,10,Mon,48
17904,S004,58.18,8,Mon,29
17905,S003,68.63,3,Tue,62
17906,S004,68.12,7,Sun,52
17907,S004,34.5,3,Wed,21
17908,S001,78.17,3,Mon,37
17909,S002,65.69,5,Sat,23
17910,S004,84.81,7,Sat,58
17911,S003,98.17,4,Sun,69
17912,S001,62.24,5,Sun,41
17913,S002,68.24,11,Wed,52
17914,S003,78.44,8,Sun,59
17915,S004,111.1,2,Thu,28
17916,S001,62.73,5,Fri,66
17917,S003,98.66,5,Sun,22
17918,S002,65.91,5,Wed,54
17919,S001,86.09,3,Tue,55
17920,S001,53.48,10,Sun,41
17921,S004,81.52,7,Wed,61
17922,S001,42.75,6,Sat,23
17923,S002,97.81,6,Wed,43
17924,S001,94.93,8,Thu,61
17925,S004,67.18,5,Tue,40
17926,S004,80.08,4,Sat,47
17927,S001,64.38,8,Mon,60
17928,S004,91.44,4,Tue,32
17929,S002,104.46,6,Mon,52
17930,S001,88.96,6,Wed,67
17931,S004,114.23,4,Sat,63
17932,S002,100.75,2,Tue,55
17933,S003,79.37,4,Sat,25
17934,S004,117.6,5,Fri,43
17935,S002,52.88,9,Thu,65
17936,S004,57.14,9,Sun,58
17937,S002,41.26,2,Thu,56
17938,S001,55.81,4,Sat,23
17939,S003,107.69,3,Mon,38
17940,S002,70.53,5,Sat,36
17941,S002,80.54,4,Mon,18
17942,S002,65.35,6,Wed,59
17943,S004,87.38,10,Sun,69
17944,S001,59.94,1,Sat,58
17945,S003,37.97,5,Wed,35
17946,S004,64.1,1,Mon,54
17947,S003,70.42,10,Thu,31
17948,S001,70.45,1,Wed,40
17949,S002,78.17,4,Tue,68
17950,S003,56.72,5,Thu,66
17951,S001,66.6,6,Sat,20
17952,S002,93.72,1,Sun,26
17953,S003,92.34,2,Sun,52
17954,S002,74.56,4,Thu,25
17955,S001,72.73,6,Tue,50
17956,S004,91.48,5,Tue,35
17957,S001,53.13,7,Mon,42
17958,S002,71.11,4,Wed,64
17959,S001,91.01,7,Fri,23
17960,S002,70.21,7,Tue,49
17961,S001,98.09,3,Mon,49
17962,S001,78.69,8,Mon,63
17963,S001,111.3,4,Mon,65
17964,S002,49.24,3,Tue,37
17965,S003,70.58,6,Tue,18
17966,S003,91.09,8,Thu,24
17967,S003,73.09,6,Tue,59
17968,S004,64.57,2,Thu,59
17969,S001,75.77,5,Mon,25
17970,S002,74.83,4,Sun,22
17971,S001,90.07,5,Fri,19
17972,S004,63.9,4,Tue,36
17973,S002,49.81,3,Tue,44
17974,S001,88.42,5,Fri,49
17975,S004,85.45,4,Sat,39
17976,S003,82.28,3,Wed,40
17977,S003,66.63,9,Thu,25
17978,S004,69.51,4,Sat,36
17979,S003,47.93,3,Wed,51
17980,S004,60.67,5,Tue,58
17981,S003,65.62,10,Sun,30
17982,S004,60.87,7,Tue,42
17983,S002,77.6,6,Tue,32
17984,S001,84.64,6,Mon,57
17985,S003,107.46,6,Wed,69
17986,S001,73.71,5,Fri,58
17987,S001,97.12,6,Sun,42
17988,S001,101.95,3,Wed,30
17989,S003,74.66,7,Sun,69
17990,S003,78.44,5,Sat,44
17991,S002,60.71,3,Thu,33
17992,S002,43.03,5,Wed,35
17993,S002,47.74,8,Sun,40
17994,S003,84.83,4,Mon,59
17995,S004,79.13,7,Wed,54
17996,S003,90.8,8,Fri,60
17997,S001,91.28,6,Thu,65
17998,S004,90.61,7,Thu,62
17999,S003,51.18,4,Sat,31
18000,S003,90.32,3,Fri,37
18001,S004,80.76,5,Wed,40
18002,S003,65.89,6,Sun,42
18003,S004,74.61,3,Wed,66
18004,S001,80.17,2,Mon,27
18005,S002,72.2,6,Tue,27
18006,S003,84.32,7,Tue,26
18007,S003,70.09,10,Sun,66
18008,S003,53.94,6,Tue,32
18009,S003,71.93,7,Tue,22
18010,S003,45.04,5,Sat,59
18011,S004,85.09,4,Thu,35
18012,S002,78.08,3,Mon,37
18013,S003,64.32,5,Mon,67
18014,S002,68.08,8,Thu,29
18015,S004,77.98,3,Wed,27
18016,S004,89.97,2,Fri,46
18017,S003,73.31,5,Mon,32
18018,S002,69.02,5,Thu,60
18019,S001,44.9,5,Mon,31
18020,S003,70.52,5,Thu,49
18021,S004,77.6,6,Sat,33
18022,S002,81.95,4,Tue,46
18023,S001,72.0,9,Sun,55
18024,S004,87.91,4,Mon,58
18025,S002,75.88,4,Sat,64
18026,S001,87.75,2,Sun,39
18027,S004,63.7,8,Tue,57
18028,S001,88.79,6,Wed,54
18029,S002,115.47,3,Thu,44
18030,S001,53.04,11,Wed,23
18031,S002,71.84,6,Tue,54
18032,S002,96.93,0,Fri,67
18033,S001,87.7,2,Wed,58
18034,S002,107.46,5,Wed,66
18035,S002,49.92,2,Mon,64
18036,S002,37.53,5,Tue,69
18037,S003,79.39,6,Sat,62
18038,S002,46.77,6,Sat,42
18039,S003,68.6,5,Mon,21
18040,S001,85.48,5,Sat,29
18041,S003,45.52,6,Wed,51
18042,S003,57.13,5,Tue,64
18043,S003,47.27,2,Sun,63
18044,S003,77.69,4,Sun,24
18045,S003,54.57,6,Wed,40
18046,S001,94.07,1,Sun,28
18047,S003,66.74,2,Tue,55
18048,S004,69.78,7,Mon,38
18049,S002,34.18,8,Mon,68
18050,S001,74.33,4,Sat,62
18051,S003,74.33,5,Tue,18
18052,S004,93.34,3,Tue,27
18053,S001,59.19,2,Mon,42
18054,S001,99.52,4,Sun,51
18055,S003,98.5,2,Mon,40
18056,S002,66.43,5,Thu,34
18057,S001,85.34,10,Thu,58
18058,S004,46.33,7,Tue,29
18059,S001,57.95,5,Fri,69
18060,S002,84.67,4,Tue,42
18061,S002,86.26,5,Sat,43
18062,S004,99.65,4,Wed,42
18063,S004,104.61,4,Mon,25
18064,S002,91.94,6,Mon,32
18065,S002,83.85,7,Wed,45
18066,S002,55.29,7,Fri,20
18067,S002,75.59,5,Mon,38
18068,S001,44.77,10,Thu,48
18069,S002,94.88,6,Fri,42
18070,S002,64.73,4,Mon,67
18071,S002,111.85,3,Tue,50
18072,S001,68.55,5,Mon,63
18073,S001,101.97,6,Mon,46
18074,S003,78.22,8,Sat,67
18075,S002,121.56,6,Thu,28
18076,S004,82.37,3,Sat,51
18077,S004,92.0,2,Thu,44
18078,S004,50.83,8,Mon,49
18079,S002,107.85,9,Tue,45
18080,S001,108.14,10,Tue,35
18081,S001,125.33,3,Wed,38
18082,S001,63.97,5,Mon,23
18083,S003,60.82,3,Sun,42
18084,S003,86.07,4,Tue,55
18085,S001,77.09,2,Tue,22
18086,S003,86.7,4,Thu,56
18087,S002,63.52,6,Wed,51
18088,S003,52.33,4,Sun,36
18089,S003,84.93,4,Tue,53
18090,S003,66.14,6,Mon,68
18091,S003,64.11,6,Sat,65
18092,S004,74.63,3,Fri,36
18093,S004,95.98,5,Tue,19
18094,S001,47.43,5,Sat,69
18095,S001,48.18,5,Thu,62
18096,S002,57.88,5,Wed,25
18097,S003,34.76,6,Mon,58
18098,S001,117.75,4,Sat,62
18099,S003,85.15,5,Tue,25
18100,S001,56.79,11,Mon,26
18101,S001,95.07,5,Wed,43
18102,S003,64.01,2,Sat,40
18103,S001,91.21,2,Fri,25
18104,S002,85.23,7,Fri,67
18105,S002,103.7,6,Fri,29
18106,S002,69.76,5,Thu,28
18107,S002,58.17,5,Tue,41
18108,S002,67.03,7,Thu,28
18109,S003,103.9,5,Sun,36
18110,S004,63.86,3,Mon,64
18111,S002,36.08,5,Fri,29
18112,S003,77.33,6,Sun,21
18113,S003,73.18,3,Thu,58
18114,S001,89.39,5,Mon,22
18115,S002,79.49,6,Thu,42
18116,S001,62.88,8,Tue,33
18117,S003,49.13,7,Sat,42
18118,S004,68.44,3,Fri,49
18119,S001,76.25,6,Tue,45
18120,S002,128.67,2,Tue,28
18121,S004,55.47,4,Thu,19
18122,S001,72.39,5,Tue,59
18123,S003,65.02,9,Sat,47
18124,S003,75.81,5,Thu,41
18125,S003,60.01,13,Sat,22
18126,S004,75.92,5,Mon,23
18127,S001,77.74,2,Tue,19
18128,S002,94.67,1,Thu,19
18129,S001,48.99,5,Tue,40
18130,S003,68.14,4,Sun,45
18131,S004,41.04,5,Thu,68
18132,S001,62.06,2,Sat,48
18133,S004,63.71,4,Mon,59
18134,S002,81.21,5,Wed,27
18135,S003,55.22,8,Sat,26
18136,S004,40.69,5,Tue,50
18137,S004,87.63,13,Wed,47
18138,S004,35.04,0,Wed,28
18139,S002,82.67,3,Thu,27
18140,S002,67.23,8,Thu,48
18141,S001,39.32,4,Mon,53
18142,S003,89.86,6,Wed,62
18143,S002,90.99,6,Fri,24
18144,S003,49.92,4,Thu,32
18145,S003,101.99,7,Sun,50
18146,S001,54.3,6,Tue,40
18147,S001,52.96,2,Fri,41
18148,S004,37.62,9,Sat,65
18149,S001,46.94,6,Tue,66
18150,S003,78.94,2,Mon,23
18151,S003,65.41,3,Fri,57
18152,S003,79.32,2,Tue,55
18153,S001,98.46,4,Sun,28
18154,S003,79.83,6,Fri,62
18155,S001,37.5,7,Sun,21
18156,S003,62.88,5,Thu,67
18157,S004,82.79,9,Tue,32
18158,S004,67.74,5,Mon,62
18159,S002,59.78,7,Wed,21
18160,S001,47.11,8,Thu,28
18161,S002,82.49,6,Wed,69
18162,S004,59.39,6,Tue,41
18163,S004,58.98,5,Thu,48
18164,S004,52.91,2,Thu,60
18165,S001,57.75,7,Wed,35
18166,S002,80.25,7,Wed,29
18167,S001,58.71,4,Thu,60
18168,S003,52.19,7,Sun,35
18169,S001,46.35,7,Thu,57
18170,S001,49.06,3,Mon,49
18171,S003,97.16,3,Thu,24
18172,S002,99.77,9,Tue,44
18173,S001,54.81,4,Fri,52
18174,S002,84.33,4,Wed,33
18175,S001,36.89,4,Sun,46
18176,S004,68.24,6,Thu,64
18177,S001,56.04,6,Tue,64
18178,S002,71.37,8,Tue,53
18179,S002,32.49,6,Thu,43
18180,S002,82.61,1,Fri,54
18181,S002,82.23,4,Sun,29
18182,S003,67.39,5,Wed,41
18183,S001,88.02,5,Wed,33
18184,S004,52.72,5,Fri,30
18185,S002,42.61,2,Tue,67
18186,S002,77.75,4,Sat,53
18187,S003,91.35,4,Fri,39
18188,S004,41.67,2,Sat,43
18189,S003,107.33,7,Sun,22
18190,S003,85.6,6,Thu,58
18191,S001,62.14,3,Tue,23
18192,S002,83.9,3,Wed,44
18193,S002,67.77,2,Sun,67
18194,S003,83.5,6,Mon,20
18195,S001,68.62,4,Tue,63
18196,S003,62.39,7,Mon,63
18197,S002,62.01,5,Fri,30
18198,S001,82.88,6,Thu,62
18199,S004,90.58,6,Mon,25
18200,S001,60.64,5,Tue,40
18201,S004,85.7,4,Wed,41
18202,S002,67.4,6,Mon,68
18203,S003,68.12,3,Thu,42
18204,S003,87.23,4,Tue,46
18205,S004,91.49,6,Wed,62
18206,S002,77.97,8,Mon,23
18207,S001,92.32,4,Thu,19
18208,S001,66.15,6,Sun,67
18209,S001,79.73,5,Wed,63
18210,S001,58.47,6,Tue,51
18211,S004,69.91,4,Tue,60
18212,S001,89.21,2,Thu,61
18213,S001,100.87,2,Sun,67
18214,S002,74.88,7,Tue,20
18215,S003,47.02,6,Mon,39
18216,S004,69.63,3,Thu,35
18217,S001,85.96,10,Sun,46
18218,S004,63.28,4,Sat,44
18219,S004,99.22,2,Fri,53
18220,S003,100.66,7,Fri,50
18221,S004,124.25,5,Sat,30
18222,S003,110.61,5,Sat,27
18223,S003,76.61,3,Mon,31
18224,S002,71.08,4,Sun,52
18225,S001,75.72,5,Tue,65
18226,S001,72.14,3,Sun,59
18227,S003,84.31,7,Wed,59
18228,S001,60.76,3,Sun,44
18229,S001,45.97,5,Mon,65
18230,S003,67.35,4,Mon,44
18231,S003,82.54,8,Sat,57
18232,S003,70.12,7,Tue,47
18233,S004,80.3,5,Wed,54
18234,S004,64.47,0,Sun,28
18235,S001,71.3,9,Sun,37
18236,S001,64.27,4,Fri,43
18237,S001,99.29,9,Tue,25
18238,S004,75.76,4,Tue,18
18239,S002,80.97,5,Fri,26
18240,S003,47.68,4,Wed,25
18241,S004,88.16,3,Sat,34
18242,S002,67.62,1,Mon,25
18243,S001,51.95,3,Mon,44
18244,S001,79.41,3,Mon,36
18245,S002,67.82,5,Sat,43
18246,S002,64.83,7,Tue,29
18247,S004,83.47,7,Wed,20
18248,S002,69.97,5,Fri,23
18249,S001,45.53,6,Mon,19
18250,S003,82.97,7,Mon,57
18251,S002,103.69,8,Fri,67
18252,S002,62.77,5,Sun,61
18253,S001,74.06,6,Sat,60
18254,S002,89.18,2,Fri,40
18255,S002,50.93,6,Wed,67
18256,S002,50.05,8,Fri,35
18257,S001,70.14,5,Fri,67
18258,S004,75.21,10,Fri,42
18259,S004,94.78,4,Fri,32
18260,S004,64.53,7,Sun,31
18261,S004,61.92,8,Sun,40
18262,S001,134.44,5,Sun,25
18263,S001,58.8,4,Sun,23
18264,S001,50.56,5,Thu,21
18265,S002,87.73,2,Wed,33
18266,S002,81.87,5,Wed,64
18267,S003,79.77,3,Sat,47
18268,S002,43.3,4,Tue,53
18269,S002,78.36,7,Fri,38
18270,S001,89.78,9,Wed,69
18271,S003,51.95,6,Sun,56
18272,S002,85.3,5,Sat,36
18273,S001,80.75,3,Fri,51
18274,S001,67.7,4,Sun,21
18275,S001,86.3,2,Mon,56
18276,S002,45.21,6,Thu,33
18277,S003,92.55,7,Wed,52
18278,S004,48.33,6,Mon,61
18279,S002,59.44,2,Fri,48
18280,S001,111.99,5,Mon,47
18281,S004,80.22,6,Wed,35
18282,S002,90.52,4,Fri,40
18283,S003,75.41,3,Sat,57
18284,S003,54.44,7,Thu,64
18285,S003,138.93,3,Tue,58
18286,S003,80.64,3,Mon,37
18287,S002,50.78,10,Thu,63
18288,S001,58.36,5,Sun,65
18289,S002,48.65,7,Sun,23
18290,S002,99.76,7,Mon,49
18291,S003,70.37,4,Fri,55
18292,S001,57.73,7,Wed,32
18293,S004,71.34,7,Wed,36
18294,S002,58.65,4,Wed,63
18295,S003,66.73,2,Tue,50
18296,S004,43.98,5,Thu,36
18297,S003,78.25,12,Fri,22
18298,S002,54.2,10,Fri,41
18299,S004,69.35,8,Mon,26
18300,S004,59.94,7,Wed,35
18301,S004,21.21,3,Sat,26
18302,S004,30.14,3,Tue,57
18303,S002,73.91,7,Wed,21
18304,S001,78.24,2,Fri,31
18305,S001,72.22,6,Thu,30
18306,S002,53.24,6,Thu,51
18307,S001,70.33,9,Sat,49
18308,S003,95.15,5,Fri,20
18309,S002,94.56,3,Thu,49
18310,S003,76.71,2,Wed,51
18311,S002,67.61,5,Thu,50
18312,S001,51.92,7,Sun,29
18313,S001,93.38,3,Tue,31
18314,S003,50.8,2,Sun,36
18315,S004,61.44,7,Mon,28
18316,S001,72.72,4,Sun,69
18317,S003,65.09,10,Mon,54
18318,S002,60.95,6,Thu,19
18319,S001,78.12,12,Fri,45
18320,S004,71.28,8,Sun,38
18321,S001,106.27,6,Fri,36
18322,S001,79.87,6,Sun,38
18323,S003,79.33,5,Fri,24
18324,S001,36.39,5,Mon,21
18325,S004,65.51,3,Tue,48
18326,S002,56.0,6,Tue,62
18327,S001,81.48,8,Mon,50
18328,S002,70.08,9,Sat,63
18329,S004,65.89,2,Thu,49
18330,S003,60.4,5,Sat,27
18331,S001,67.84,4,Tue,47
18332,S001,117.35,7,Tue,18
18333,S003,57.47,5,Thu,38
18334,S001,86.27,4,Sun,54
18335,S002,76.25,3,Tue,23
18336,S004,55.61,5,Wed,68
18337,S002,98.68,3,Thu,56
18338,S001,83.46,3,Wed,31
18339,S004,84.75,6,Sat,26
18340,S004,63.63,7,Sat,57
18341,S003,112.88,6,Sun,37
18342,S004,71.11,1,Wed,24
18343,S001,104.59,4,Wed,30
18344,S002,48.47,5,Thu,47
18345,S003,57.79,10,Sat,57
18346,S004,79.38,7,Mon,55
18347,S001,89.38,5,Mon,62
18348,S003,75.02,8,Tue,51
18349,S001,88.15,6,Fri,69
18350,S003,91.13,5,Fri,56
18351,S003,92.62,9,Mon,48
18352,S004,64.93,2,Mon,37
18353,S002,59.48,5,Wed,37
18354,S001,78.33,7,Thu,51
18355,S004,77.31,3,Thu,44
18356,S002,58.29,6,Sat,55
18357,S003,63.2,7,Wed,49
18358,S003,68.57,4,Thu,38
18359,S001,55.05,6,Wed,39
18360,S001,62.63,5,Tue,55
18361,S004,80.4,3,Tue,44
18362,S003,100.65,5,Wed,34
18363,S004,71.84,5,Fri,18
18364,S001,31.93,4,Tue,18
18365,S001,60.66,4,Mon,60
18366,S001,61.7,5,Sat,33
18367,S002,80.36,1,Sat,53
18368,S002,65.36,4,Tue,36
18369,S001,76.4,5,Tue,68
18370,S003,88.58,4,Sat,27
18371,S001,100.03,8,Wed,69
18372,S004,75.09,9,Tue,66
18373,S003,75.17,4,Tue,41
18374,S003,62.16,4,Sat,49
18375,S002,26.69,3,Fri,26
18376,S003,66.69,11,Thu,42
18377,S003,62.32,2,Sun,56
18378,S004,90.0,2,Sun,26
18379,S003,64.74,8,Sat,57
18380,S002,86.49,9,Thu,24
18381,S003,72.63,5,Tue,20
18382,S004,69.7,4,Sat,54
18383,S001,33.36,8,Mon,40
18384,S002,60.72,2,Wed,61
18385,S001,55.52,5,Sun,27
18386,S002,90.07,5,Mon,22
18387,S002,80.07,4,Thu,53
18388,S003,87.34,5,Thu,35
18389,S002,45.89,4,Tue,26
18390,S001,82.01,5,Thu,66
18391,S003,89.87,4,Thu,18
18392,S004,102.37,5,Fri,34
18393,S001,103.17,6,Tue,36
18394,S004,93.74,2,Sun,55
18395,S004,51.98,6,Sat,43
18396,S003,58.41,5,Fri,21
18397,S004,13.28,3,Tue,69
18398,S001,98.08,7,Wed,44
18399,S003,54.37,3,Sun,52
18400,S002,83.14,4,Fri,65
18401,S004,28.32,6,Sun,31
18402,S002,26.25,1,Fri,61
18403,S002,43.64,6,Mon,22
18404,S002,86.96,2,Wed,20
18405,S002,93.99,3,Tue,49
18406,S003,52.4,5,Sat,36
18407,S001,106.4,7,Sat,59
18408,S001,74.78,2,Wed,22
18409,S002,65.27,8,Fri,24
18410,S002,62.36,10,Sun,36
18411,S004,119.4,4,Sat,45
18412,S002,71.33,4,Fri,55
18413,S001,52.47,4,Tue,38
18414,S002,101.01,4,Sat,41
18415,S001,57.56,3,Mon,18
18416,S003,54.65,5,Mon,44
18417,S004,77.46,8,Thu,49
18418,S004,100.69,3,Tue,28
18419,S001,67.02,5,Fri,55
18420,S002,51.36,3,Mon,41
18421,S003,43.45,4,Sun,32
18422,S004,37.17,7,Thu,52
18423,S001,95.97,4,Thu,62
18424,S002,84.26,5,Sun,50
18425,S002,85.91,9,Fri,39
18426,S001,50.57,5,Thu,28
18427,S001,49.78,3,Thu,50
18428,S004,82.45,5,Sat,33
18429,S002,60.89,6,Sat,68
18430,S003,86.0,1,Mon,35
18431,S003,46.85,6,Sun,34
18432,S002,70.06,3,Sun,55
18433,S004,71.01,6,Sun,33
18434,S003,62.17,2,Mon,21
18435,S002,33.35,7,Mon,65
18436,S003,96.15,5,Tue,36
18437,S001,70.14,4,Sun,42
18438,S003,94.35,8,Mon,58
18439,S004,80.58,7,Fri,57
18440,S002,73.84,5,Thu,18
18441,S004,88.49,2,Fri,30
18442,S002,59.62,6,Mon,61
18443,S001,78.42,4,Thu,44
18444,S001,79.62,4,Sun,38
18445,S001,46.98,3,Mon,39
18446,S001,43.69,5,Thu,26
18447,S003,29.2,5,Sun,26
18448,S001,98.95,3,Tue,28
18449,S001,90.31,6,Fri,50
18450,S004,42.88,6,Wed,57
18451,S001,88.86,4,Sat,24
18452,S004,87.03,10,Thu,35
18453,S004,43.73,10,Tue,28
18454,S001,67.83,6,Sat,41
18455,S002,109.69,11,Fri,68
18456,S004,66.46,6,Wed,40
18457,S003,88.15,7,Thu,39
18458,S001,89.42,6,Thu,62
18459,S002,83.34,7,Wed,38
18460,S004,108.97,5,Thu,33
18461,S003,62.86,7,Sun,53
18462,S003,78.97,7,Wed,59
18463,S001,101.8,3,Sun,56
18464,S001,78.1,6,Fri,52
18465,S004,97.13,7,Wed,63
18466,S003,102.3,3,Fri,53
18467,S002,49.12,5,Mon,38
18468,S001,77.26,1,Mon,43
18469,S001,83.3,1,Fri,29
18470,S004,112.26,3,Mon,42
18471,S003,89.0,6,Sat,43
18472,S001,59.29,5,Wed,60
18473,S002,90.49,5,Sun,39
18474,S001,97.06,5,Mon,49
18475,S003,61.37,4,Sat,63
18476,S001,61.47,4,Thu,62
18477,S003,89.53,8,Sun,29
18478,S001,78.41,8,Wed,61
18479,S004,105.18,8,Fri,48
18480,S004,45.45,2,Thu,60
18481,S001,73.83,3,Sat,59
18482,S002,97.01,5,Sat,65
18483,S003,89.84,5,Sat,61
18484,S004,108.18,6,Sat,62
18485,S003,77.41,6,Sun,22
18486,S001,74.96,8,Wed,67
18487,S001,119.43,4,Thu,30
18488,S004,95.67,8,Fri,63
18489,S004,89.34,2,Tue,41
18490,S001,90.35,7,Thu,29
18491,S004,66.54,3,Fri,53
18492,S003,37.91,5,Mon,54
18493,S001,71.41,7,Sun,67
18494,S001,67.1,13,Sun,45
18495,S002,71.41,5,Wed,44
18496,S004,80.36,6,Sun,35
18497,S003,70.71,6,Sun,60
18498,S004,94.77,7,Sat,69
18499,S001,87.19,2,Tue,53
18500,S004,91.81,5,Thu,20
18501,S004,20.45,1,Sat,56
18502,S003,23.32,5,Sat,39
18503,S001,83.57,5,Tue,26
18504,S003,58.11,6,Thu,30
18505,S003,85.8,7,Fri,58
18506,S001,77.42,5,Sun,51
18507,S004,93.76,6,Fri,34
18508,S003,68.36,5,Thu,23
18509,S003,53.01,2,Thu,68
18510,S002,75.83,10,Wed,58
18511,S003,68.52,2,Sun,56
18512,S004,81.79,9,Sat,49
18513,S004,87.67,7,Mon,56
18514,S002,89.38,7,Sun,19
18515,S001,59.48,5,Sun,55
18516,S001,78.42,7,Sat,30
18517,S001,144.61,8,Sat,31
18518,S003,56.59,9,Sat,58
18519,S003,66.9,5,Mon,32
18520,S004,53.49,3,Sun,32
18521,S003,57.34,5,Thu,27
18522,S001,63.09,8,Sat,42
18523,S002,32.43,6,Fri,60
18524,S002,64.98,5,Mon,68
18525,S004,83.76,5,Fri,44
18526,S002,77.9,3,Fri,31
18527,S004,76.1,6,Thu,64
18528,S001,90.89,8,Thu,27
18529,S002,106.48,8,Mon,30
18530,S002,83.48,3,Sat,60
18531,S002,97.76,4,Thu,40
18532,S001,28.2,7,Sat,40
18533,S003,80.24,4,Mon,62
18534,S004,63.15,7,Thu,48
18535,S002,87.83,7,Tue,39
18536,S002,73.0,1,Tue,51
18537,S003,76.59,8,Wed,49
18538,S004,99.19,1,Fri,59
18539,S003,87.36,4,Sat,41
18540,S001,72.55,8,Fri,50
18541,S004,97.97,4,Sat,40
18542,S003,49.94,2,Tue,66
18543,S001,91.67,7,Sun,51
18544,S002,63.29,3,Sun,33
18545,S002,57.76,3,Sun,39
18546,S004,54.75,8,Wed,66
18547,S001,69.58,3,Tue,36
18548,S001,98.62,1,Thu,33
18549,S002,96.33,5,Tue,47
18550,S004,64.18,6,Mon,20
18551,S003,79.84,3,Tue,25
18552,S002,73.7,4,Fri,59
18553,S001,47.63,2,Mon,39
18554,S002,88.29,5,Sun,23
18555,S004,99.47,6,Sun,64
18556,S004,50.39,0,Fri,32
18557,S003,67.58,4,Mon,52
18558,S003,27.74,4,Tue,36
18559,S001,73.35,9,Wed,61
18560,S003,47.81,5,Mon,58
18561,S004,74.48,8,Wed,40
18562,S004,83.67,1,Mon,41
18563,S002,79.72,5,Tue,53
18564,S001,41.82,4,Fri,49
18565,S003,61.58,6,Thu,58
18566,S001,95.75,4,Wed,59
18567,S003,86.79,2,Sun,50
18568,S001,77.78,6,Tue,33
18569,S004,84.23,4,Thu,45
18570,S003,51.84,7,Tue,59
18571,S001,62.24,2,Sun,46
18572,S001,64.53,1,Tue,31
18573,S003,79.91,7,Tue,66
18574,S001,61.63,3,Wed,41
18575,S003,69.54,5,Thu,27
18576,S001,76.17,3,Mon,68
18577,S004,71.72,3,Sun,44
18578,S004,128.39,2,Sun,50
18579,S004,60.65,5,Fri,55
18580,S004,97.18,6,Thu,21
18581,S003,85.66,7,Mon,22
18582,S004,75.89,3,Fri,42
18583,S001,63.18,9,Sun,50
18584,S004,109.01,4,Mon,52
18585,S003,72.18,6,Wed,28
18586,S003,51.66,6,Mon,54
18587,S002,88.66,4,Sat,62
18588,S002,71.51,5,Thu,66
18589,S001,80.73,6,Sat,30
18590,S001,38.33,9,Sun,31
18591,S002,84.6,7,Sat,46
18592,S003,82.11,3,Sun,26
18593,S001,85.54,3,Mon,66
18594,S003,84.2,3,Mon,40
18595,S003,86.74,7,Sat,52
18596,S001,73.84,10,Thu,39
18597,S001,53.85,4,Tue,22
18598,S003,94.4,6,Sun,64
18599,S003,72.05,7,Sat,59
18600,S001,93.44,3,Wed,62
18601,S004,51.21,6,Sun,62
18602,S001,62.87,5,Mon,28
18603,S003,58.52,2,Sun,67
18604,S003,87.27,8,Wed,22
18605,S003,87.81,5,Mon,59
18606,S004,49.6,3,Sat,45
18607,S004,59.06,6,Thu,51
18608,S001,90.49,4,Fri,46
18609,S004,56.12,4,Mon,23
18610,S004,74.73,5,Sun,38
18611,S003,68.47,5,Tue,49
18612,S001,52.1,5,Sun,33
18613,S002,21.02,5,Mon,23
18614,S003,52.06,2,Thu,19
18615,S004,108.05,8,Wed,20
18616,S003,71.73,4,Mon,55
18617,S001,59.88,8,Sun,62
18618,S001,96.42,4,Mon,35
18619,S004,93.12,5,Tue,35
18620,S004,87.03,2,Tue,68
18621,S002,38.43,4,Thu,66
18622,S004,109.18,4,Sun,23
18623,S001,72.12,5,Sun,58
18624,S002,94.49,2,Sat,65
18625,S003,98.51,3,Sat,27
18626,S003,61.29,2,Tue,58
18627,S001,55.39,4,Mon,58
18628,S004,60.35,6,Mon,37
18629,S001,88.56,6,Sat,63
18630,S002,55.56,5,Fri,56
18631,S001,46.62,5,Thu,39
18632,S004,106.83,5,Sun,24
18633,S004,107.77,8,Tue,54
18634,S003,88.64,5,Sun,20
18635,S003,93.9,5,Wed,55
18636,S004,31.06,4,Thu,52
18637,S004,87.23,4,Tue,52
18638,S001,51.36,7,Sat,54
18639,S003,67.62,1,Fri,56
18640,S003,106.03,5,Sat,21
18641,S003,63.19,6,Fri,44
18642,S003,65.47,5,Sun,58
18643,S001,91.41,7,Sun,62
18644,S004,96.78,5,Fri,37
18645,S001,98.16,8,Wed,21
18646,S001,43.88,4,Wed,50
18647,S002,52.21,4,Tue,33
18648,S003,92.74,8,Sat,50
18649,S001,78.72,6,Tue,34
18650,S003,80.39,6,Sun,18
18651,S004,56.81,5,Sat,44
18652,S004,81.14,7,Mon,69
18653,S004,99.32,7,Fri,54
18654,S003,70.07,3,Fri,59
18655,S001,82.73,5,Tue,42
18656,S004,68.55,3,Tue,39
18657,S004,79.89,6,Wed,64
18658,S001,61.35,5,Wed,33
18659,S001,77.0,4,Mon,18
18660,S001,61.4,5,Wed,29
18661,S004,51.32,4,Mon,54
18662,S004,86.26,4,Mon,43
18663,S002,87.74,7,Mon,37
18664,S001,95.51,5,Wed,20
18665,S002,81.94,4,Wed,18
18666,S002,46.58,1,Thu,57
18667,S003,68.68,4,Mon,55
18668,S002,63.51,5,Mon,34
18669,S003,72.07,10,Sat,19
18670,S002,85.4,2,Fri,57
18671,S004,83.76,4,Thu,52
18672,S001,56.12,7,Tue,48
18673,S004,52.66,5,Thu,34
18674,S004,42.76,6,Sat,28
18675,S003,106.54,4,Sun,48
18676,S004,102.81,7,Sat,21
18677,S003,99.0,4,Fri,27
18678,S004,101.04,7,Sun,24
18679,S001,62.32,3,Wed,31
18680,S004,73.01,5,Sat,42
18681,S004,42.2,6,Thu,55
18682,S003,62.76,2,Tue,50
18683,S004,77.76,6,Wed,43
18684,S002,62.52,2,Sat,27
18685,S003,97.03,3,Mon,65
18686,S003,36.29,9,Tue,58
18687,S004,86.27,6,Fri,26
18688,S003,84.3,5,Mon,29
18689,S002,86.38,5,Tue,47
18690,S002,61.19,2,Wed,65
18691,S001,95.86,4,Sat,31
18692,S002,55.37,12,Fri,44
18693,S004,73.11,2,Sat,22
18694,S002,93.05,5,Tue,61
18695,S001,55.14,2,Fri,60
18696,S003,89.49,7,Thu,51
18697,S002,42.88,7,Thu,33
18698,S003,87.1,6,Fri,34
18699,S004,73.51,5,Mon,64
18700,S001,80.39,4,Tue,39
18701,S002,76.67,8,Thu,60
18702,S003,62.41,4,Mon,68
18703,S001,70.29,6,Mon,30
18704,S002,68.02,2,Fri,50
18705,S002,104.82,2,Tue,24
18706,S004,120.13,0,Sat,46
18707,S002,97.0,5,Sun,26
18708,S004,77.38,5,Tue,62
18709,S002,80.95,8,Wed,19
18710,S001,61.39,4,Sat,63
18711,S002,84.66,8,Tue,56
18712,S004,88.54,5,Sun,51
18713,S003,57.41,4,Wed,31
18714,S002,64.96,6,Tue,60
18715,S002,84.36,5,Fri,34
18716,S003,76.05,5,Fri,24
18717,S002,99.04,5,Sat,28
18718,S001,99.03,5,Wed,54
18719,S002,79.32,7,Wed,42
18720,S001,88.67,4,Sun,66
18721,S001,64.94,4,Mon,42
18722,S002,57.85,7,Sat,52
18723,S002,59.04,4,Mon,25
18724,S002,48.9,4,Fri,67
18725,S001,53.19,3,Sat,34
18726,S004,32.86,4,Fri,33
18727,S003,80.4,3,Mon,24
18728,S001,72.29,10,Sun,64
18729,S004,78.86,2,Sun,31
18730,S002,89.03,5,Sat,56
18731,S004,69.84,7,Thu,28
18732,S004,75.9,4,Sun,41
18733,S002,91.58,9,Fri,36
18734,S003,124.84,7,Fri,21
18735,S001,88.51,5,Wed,44
18736,S004,87.48,4,Sun,24
18737,S002,113.16,7,Tue,57
18738,S004,69.8,3,Sun,22
18739,S001,115.53,7,Sat,69
18740,S003,88.34,3,Sat,56
18741,S004,78.86,3,Sun,64
18742,S003,63.13,5,Wed,49
18743,S001,100.81,9,Fri,55
18744,S001,97.61,3,Mon,32
18745,S004,111.43,7,Wed,34
18746,S003,78.26,8,Tue,42
18747,S001,59.64,3,Fri,51
18748,S001,69.74,3,Fri,43
18749,S001,71.23,4,Fri,19
18750,S004,65.72,7,Mon,63
18751,S003,97.33,5,Thu,28
18752,S004,75.25,5,Sun,64
18753,S002,98.65,10,Sat,45
18754,S004,63.73,5,Tue,40
18755,S002,83.19,1,Mon,40
18756,S001,86.0,8,Sat,23
18757,S003,88.46,4,Sun,64
18758,S001,97.77,4,Sun,45
18759,S002,74.36,6,Fri,45
18760,S002,85.5,6,Thu,46
18761,S001,94.13,10,Sat,29
18762,S001,71.34,3,Fri,19
18763,S004,58.03,1,Tue,28
18764,S001,78.7,4,Thu,49
18765,S002,62.77,2,Sun,57
18766,S003,83.08,0,Sat,56
18767,S002,97.51,6,Mon,33
18768,S003,101.41,1,Sun,20
18769,S003,115.97,6,Sun,38
18770,S004,79.04,1,Fri,64
18771,S001,96.19,1,Tue,31
18772,S004,99.63,4,Tue,53
18773,S003,82.49,9,Mon,54
18774,S002,104.33,5,Sun,51
18775,S002,95.52,3,Wed,68
18776,S001,93.89,8,Tue,45
18777,S003,60.58,2,Sun,63
18778,S002,81.66,6,Sat,58
18779,S002,98.04,3,Mon,68
18780,S001,75.69,5,Thu,59
18781,S001,72.79,4,Sat,22
18782,S004,51.05,10,Sun,56
18783,S003,68.17,2,Fri,35
18784,S003,91.44,3,Tue,26
18785,S001,90.55,3,Sat,66
18786,S001,43.63,3,Sun,43
18787,S004,107.05,5,Thu,20
18788,S003,42.32,7,Sun,35
18789,S003,93.8,6,Fri,49
18790,S001,65.4,6,Mon,28
18791,S001,77.67,7,Fri,61
18792,S002,74.62,3,Wed,43
18793,S001,76.49,6,Mon,47
18794,S002,60.07,4,Tue,39
18795,S001,54.72,4,Tue,41
18796,S001,109.87,1,Thu,29
18797,S004,70.35,7,Sun,67
18798,S004,69.33,1,Mon,62
18799,S001,58.59,7,Tue,51
18800,S004,50.11,4,Sun,23
18801,S004,70.87,4,Sat,53
18802,S001,91.96,5,Tue,46
18803,S002,92.7,3,Sun,49
18804,S003,57.17,6,Fri,53
18805,S003,81.17,3,Tue,49
18806,S003,37.79,5,Sun,30
18807,S002,82.18,7,Sat,46
18808,S004,72.07,5,Sun,68
18809,S001,91.33,2,Fri,20
18810,S003,102.56,6,Mon,60
18811,S001,64.6,11,Tue,30
18812,S001,61.3,2,Tue,38
18813,S002,57.55,2,Sun,34
18814,S004,69.26,4,Sat,69
18815,S002,76.94,5,Thu,57
18816,S002,74.62,6,Mon,38
18817,S004,86.81,4,Tue,60
18818,S003,43.19,2,Thu,42
18819,S004,102.94,3,Tue,18
18820,S004,70.65,6,Wed,26
18821,S001,90.78,3,Thu,60
18822,S003,92.05,8,Fri,21
18823,S004,93.19,1,Tue,48
18824,S001,97.45,3,Fri,39
18825,S003,32.23,3,Sun,23
18826,S004,92.3,2,Thu,67
18827,S001,92.65,4,Wed,37
18828,S004,52.9,3,Fri,47
18829,S004,55.87,6,Sat,36
18830,S004,58.23,3,Fri,42
18831,S001,45.76,5,Thu,59
18832,S001,71.84,5,Tue,55
18833,S003,70.76,8,Wed,39
18834,S003,99.46,4,Mon,47
18835,S003,86.48,3,Mon,61
18836,S003,75.72,7,Tue,51
18837,S003,-18.2,5,Sat,23
18838,S004,73.04,3,Mon,57
18839,S004,92.55,2,Tue,54
18840,S004,93.51,4,Tue,65
18841,S002,43.19,4,Tue,29
18842,S004,81.37,3,Sun,49
18843,S004,90.93,7,Sat,62
18844,S003,53.15,6,Sat,52
18845,S004,72.29,3,Tue,31
18846,S002,20.75,6,Sun,18
18847,S001,89.45,7,Thu,61
18848,S002,47.62,7,Fri,31
18849,S003,50.95,10,Sun,41
18850,S001,90.59,6,Sat,39
18851,S003,51.05,9,Tue,59
18852,S001,109.35,8,Sat,56
18853,S002,76.9,4,Wed,53
18854,S003,125.14,3,Mon,37
18855,S004,43.67,1,Sun,33
18856,S001,62.74,4,Fri,34
18857,S003,78.26,9,Fri,28
18858,S001,85.76,4,Thu,26
18859,S001,85.48,5,Sat,67
18860,S004,80.72,10,Thu,66
18861,S002,52.47,5,Thu,41
18862,S004,77.89,2,Sat,25
18863,S003,64.02,5,Wed,31
18864,S004,68.51,4,Mon,62
18865,S002,47.7,7,Sat,55
18866,S001,61.56,4,Wed,61
18867,S004,67.59,7,Sat,27
18868,S001,58.34,8,Wed,35
18869,S001,102.48,6,Sat,32
18870,S004,103.11,4,Wed,42
18871,S003,87.29,8,Fri,65
18872,S001,82.6,5,Tue,28
18873,S002,35.35,6,Mon,49
18874,S004,86.04,5,Sat,46
18875,S004,56.21,6,Sat,69
18876,S002,66.44,5,Sat,69
18877,S003,76.27,5,Wed,23
18878,S001,58.76,2,Wed,67
18879,S004,63.61,3,Wed,58
18880,S001,93.11,4,Fri,37
18881,S001,45.99,5,Mon,39
18882,S002,89.21,7,Wed,50
18883,S003,49.88,5,Tue,68
18884,S002,75.98,3,Wed,36
18885,S004,124.04,3,Wed,41
18886,S001,56.6,4,Wed,30
18887,S004,79.81,5,Fri,54
18888,S004,75.4,2,Wed,23
18889,S004,100.0,4,Fri,39
18890,S003,100.41,2,Sun,47
18891,S002,68.84,3,Sat,68
18892,S001,92.61,5,Fri,52
18893,S003,40.69,9,Thu,45
18894,S002,69.87,9,Mon,59
18895,S001,78.28,6,Mon,22
18896,S003,46.97,8,Mon,18
18897,S004,89.2,7,Sat,61
18898,S002,113.19,6,Wed,36
18899,S004,94.99,7,Fri,23
18900,S001,66.35,5,Fri,57
18901,S003,61.87,4,Thu,27
18902,S004,78.64,1,Tue,21
18903,S004,95.07,10,Mon,18
18904,S001,67.04,3,Thu,29
18905,S001,116.07,4,Tue,51
18906,S003,112.24,2,Mon,68
18907,S001,102.21,6,Thu,18
18908,S004,66.0,7,Fri,55
18909,S004,116.29,2,Wed,68
18910,S003,93.42,7,Thu,32
18911,S003,69.86,5,Sat,67
18912,S003,67.54,7,Mon,51
18913,S002,91.15,2,Tue,32
18914,S001,101.36,3,Fri,22
18915,S001,77.34,5,Thu,45
18916,S001,102.22,6,Tue,54
18917,S003,72.18,6,Wed,69
18918,S004,72.94,7,Fri,50
18919,S003,36.08,7,Fri,41
18920,S003,84.44,5,Tue,51
18921,S002,46.96,3,Sat,26
18922,S002,96.13,11,Fri,28
18923,S001,117.66,8,Sat,49
18924,S001,59.28,4,Wed,48
18925,S003,76.65,0,Wed,46
18926,S001,47.54,6,Tue,26
18927,S003,109.95,6,Tue,22
18928,S001,53.72,2,Sun,33
18929,S003,49.68,6,Sun,28
18930,S004,79.46,8,Wed,23
18931,S004,83.5,7,Sun,43
18932,S001,84.61,5,Mon,35
18933,S002,58.05,4,Sat,27
18934,S004,68.23,5,Mon,52
18935,S001,91.05,4,Fri,48
18936,S001,63.88,2,Thu,23
18937,S004,66.92,5,Thu,31
18938,S002,64.73,8,Fri,24
18939,S002,48.67,4,Sun,52
18940,S001,72.59,4,Thu,53
18941,S002,105.24,7,Tue,68
18942,S002,74.79,6,Mon,58
18943,S002,70.62,5,Thu,36
18944,S003,72.47,7,Sat,27
18945,S003,52.26,4,Fri,20
18946,S002,64.82,4,Sat,48
18947,S003,71.11,4,Thu,38
18948,S002,92.2,6,Sun,19
18949,S004,76.28,5,Sat,41
18950,S001,4.57,7,Sat,54
18951,S001,95.09,2,Sat,46
18952,S004,86.13,5,Tue,38
18953,S001,61.23,3,Wed,28
18954,S001,46.89,3,Thu,68
18955,S001,67.65,10,Thu,57
18956,S002,16.59,2,Mon,62
18957,S002,52.51,6,Wed,65
18958,S001,68.91,3,Wed,59
18959,S004,60.66,2,Sat,62
18960,S002,62.73,9,Tue,61
18961,S001,98.61,5,Mon,55
18962,S003,74.56,7,Mon,59
18963,S002,98.6,7,Tue,58
18964,S004,81.49,5,Tue,65
18965,S001,69.23,6,Fri,27
18966,S001,34.46,3,Sat,47
18967,S004,45.13,7,Wed,36
18968,S004,77.51,2,Mon,19
18969,S002,85.47,11,Sun,20
18970,S004,90.39,2,Sun,49
18971,S004,78.47,5,Wed,35
18972,S001,102.76,4,Tue,41
18973,S004,93.67,8,Sun,61
18974,S002,70.78,1,Fri,34
18975,S003,53.99,5,Mon,67
18976,S002,33.35,4,Thu,42
18977,S002,104.22,2,Fri,34
18978,S003,73.29,9,Mon,59
18979,S003,40.86,7,Sun,65
18980,S003,51.27,3,Wed,21
18981,S004,117.75,3,Thu,37
18982,S001,91.7,5,Tue,26
18983,S004,79.14,8,Sun,19
18984,S003,110.08,3,Fri,66
18985,S002,82.07,1,Tue,38
18986,S001,37.51,2,Thu,62
18987,S001,73.89,3,Tue,35
18988,S003,91.96,7,Thu,54
18989,S003,55.01,2,Thu,54
18990,S003,82.8,10,Sat,33
18991,S001,77.69,3,Sat,63
18992,S003,108.3,2,Thu,25
18993,S004,99.28,7,Thu,34
18994,S004,81.44,5,Thu,56
18995,S003,104.77,6,Wed,36
18996,S003,78.11,6,Sun,49
18997,S003,96.17,4,Wed,67
18998,S003,74.42,4,Sat,69
18999,S001,40.67,7,Sat,69
19000,S001,65.86,7,Thu,63
19001,S002,88.19,6,Sat,38
19002,S004,82.33,5,Fri,20
19003,S002,54.98,2,Tue,23
19004,S002,88.99,7,Wed,23
19005,S001,50.74,1,Wed,49
19006,S004,64.27,6,Fri,44
19007,S004,95.12,10,Tue,46
19008,S004,53.9,5,Mon,44
19009,S004,64.1,5,Thu,65
19010,S003,69.0,7,Sun,46
19011,S003,80.09,4,Thu,34
19012,S004,69.61,6,Sat,65
19013,S003,40.94,7,Wed,31
19014,S002,57.98,5,Sun,38
19015,S004,83.22,2,Mon,32
19016,S001,92.88,4,Thu,31
19017,S004,84.19,3,Sat,24
19018,S004,33.55,1,Sun,37
19019,S002,43.21,7,Sat,42
19020,S002,87.14,9,Tue,57
19021,S002,47.98,7,Sun,26
19022,S003,92.92,5,Thu,40
19023,S003,62.05,8,Tue,58
19024,S003,79.97,4,Fri,27
19025,S002,49.57,5,Wed,51
19026,S004,74.92,5,Fri,30
19027,S004,49.62,1,Sun,69
19028,S002,60.21,5,Wed,50
19029,S001,74.47,5,Wed,40
19030,S003,68.86,4,Wed,28
19031,S002,81.27,8,Tue,30
19032,S004,73.43,6,Sun,33
19033,S004,91.08,6,Tue,18
19034,S001,80.11,4,Tue,22
19035,S002,36.17,7,Thu,68
19036,S002,55.48,4,Thu,19
19037,S002,98.19,4,Sun,35
19038,S001,87.19,3,Thu,65
19039,S001,93.2,2,Tue,47
19040,S001,52.87,7,Thu,63
19041,S003,92.19,4,Mon,55
19042,S001,69.31,2,Thu,35
19043,S003,87.13,4,Tue,20
19044,S002,69.67,6,Wed,49
19045,S003,82.03,5,Sun,42
19046,S001,74.52,5,Sun,59
19047,S003,87.51,1,Mon,35
19048,S001,59.19,1,Sat,24
19049,S002,34.47,5,Sat,59
19050,S001,51.87,3,Thu,56
19051,S001,77.46,3,Fri,59
19052,S003,76.5,5,Sat,63
19053,S001,82.68,5,Mon,30
19054,S001,87.21,7,Thu,68
19055,S004,103.57,10,Mon,54
19056,S003,105.78,4,Fri,46
19057,S003,75.43,5,Thu,58
19058,S001,62.23,5,Thu,60
19059,S001,74.35,5,Tue,38
19060,S003,65.49,6,Mon,36
19061,S004,73.81,3,Sun,61
19062,S004,79.61,7,Fri,51
19063,S004,43.57,6,Mon,50
19064,S002,79.67,6,Fri,41
19065,S004,97.35,5,Wed,25
19066,S004,66.45,6,Tue,52
19067,S003,70.4,5,Wed,44
19068,S003,59.03,4,Thu,19
19069,S001,85.13,6,Sun,59
19070,S003,89.19,5,Sun,22
19071,S003,76.42,11,Fri,39
19072,S002,81.52,6,Wed,48
19073,S004,64.67,5,Sun,26
19074,S001,90.51,5,Fri,58
19075,S001,103.42,6,Mon,41
19076,S002,83.95,3,Fri,33
19077,S003,105.26,7,Thu,24
19078,S004,64.82,12,Fri,61
19079,S004,72.07,6,Tue,27
19080,S004,50.39,3,Sun,53
19081,S002,91.34,3,Sat,59
19082,S003,58.53,2,Sun,44
19083,S003,107.54,4,Thu,46
19084,S002,48.17,5,Wed,24
19085,S001,75.97,3,Wed,53
19086,S001,58.99,4,Fri,23
19087,S003,62.46,5,Sun,44
19088,S004,111.9,10,Sat,33
19089,S004,84.9,3,Tue,19
19090,S004,48.57,2,Mon,19
19091,S001,87.69,1,Sat,57
19092,S002,79.18,5,Sun,20
19093,S002,65.44,2,Sun,45
19094,S004,81.15,5,Tue,50
19095,S002,41.81,3,Sun,39
19096,S004,102.46,6,Mon,48
19097,S002,70.58,4,Tue,31
19098,S002,64.58,6,Fri,63
19099,S001,80.7,8,Mon,39
19100,S003,92.99,13,Thu,28
19101,S002,23.76,4,Sat,22
19102,S003,73.65,6,Sun,59
19103,S003,75.47,10,Tue,40
19104,S004,95.29,6,Fri,50
19105,S002,55.91,5,Thu,64
19106,S004,91.92,4,Thu,48
19107,S003,73.7,2,Sun,21
19108,S004,62.26,5,Sun,42
19109,S001,102.95,8,Wed,27
19110,S004,82.49,9,Thu,42
19111,S004,90.36,4,Fri,66
19112,S003,80.19,8,Thu,18
19113,S003,109.11,6,Tue,33
19114,S004,78.23,3,Mon,21
19115,S002,76.71,5,Fri,41
19116,S004,58.73,5,Sat,47
19117,S001,93.87,6,Thu,67
19118,S004,56.15,8,Sat,46
19119,S002,86.6,6,Sun,55
19120,S004,77.64,8,Wed,50
19121,S004,69.3,2,Fri,68
19122,S002,77.67,6,Thu,49
19123,S001,86.75,4,Tue,36
19124,S002,68.64,2,Tue,41
19125,S003,74.74,6,Fri,52
19126,S001,76.73,5,Wed,35
19127,S001,81.64,4,Wed,22
19128,S002,70.5,7,Wed,54
19129,S001,75.48,4,Mon,59
19130,S004,87.38,5,Mon,27
19131,S004,82.15,5,Wed,68
19132,S002,93.18,7,Sat,33
19133,S003,76.39,2,Sat,40
19134,S002,83.81,3,Tue,64
19135,S004,71.07,6,Tue,26
19136,S002,65.6,6,Thu,68
19137,S004,31.52,6,Tue,60
19138,S001,68.0,7,Sat,54
19139,S001,78.03,4,Mon,34
19140,S002,79.47,11,Mon,37
19141,S004,80.71,4,Tue,30
19142,S003,87.48,4,Mon,66
19143,S002,77.25,5,Tue,45
19144,S003,81.81,2,Mon,20
19145,S002,45.87,10,Mon,49
19146,S001,82.47,6,Sat,40
19147,S003,117.69,6,Tue,39
19148,S002,56.47,7,Wed,65
19149,S004,82.86,6,Thu,36
19150,S003,34.78,6,Thu,67
19151,S003,74.3,6,Mon,25
19152,S002,86.28,4,Wed,23
19153,S004,67.84,5,Sun,32
19154,S004,77.61,5,Fri,67
19155,S004,69.02,4,Sun,52
19156,S003,60.78,5,Mon,64
19157,S002,101.09,7,Sat,69
19158,S002,83.03,6,Wed,43
19159,S003,64.7,5,Thu,32
19160,S004,73.17,6,Mon,43
19161,S002,57.45,6,Sat,24
19162,S001,81.96,4,Wed,28
19163,S004,53.6,7,Fri,56
19164,S004,49.97,8,Thu,67
19165,S004,87.47,3,Fri,68
19166,S003,85.47,4,Sat,58
19167,S001,42.49,5,Fri,45
19168,S001,49.33,3,Sun,30
19169,S004,53.13,9,Tue,24
19170,S001,96.32,1,Fri,36
19171,S001,103.48,6,Sun,59
19172,S001,78.44,4,Fri,20
19173,S004,65.61,4,Sun,21
19174,S004,82.33,3,Tue,27
19175,S001,110.54,5,Mon,46
19176,S004,55.92,8,Fri,54
19177,S002,95.73,5,Sat,40
19178,S004,27.34,6,Mon,34
19179,S002,67.16,8,Sun,25
19180,S003,63.3,5,Mon,63
19181,S004,70.66,6,Tue,21
19182,S001,101.86,3,Sat,43
19183,S004,87.11,3,Tue,39
19184,S002,62.43,4,Tue,39
19185,S001,81.83,5,Mon,18
19186,S003,102.89,5,Wed,25
19187,S002,67.3,4,Mon,32
19188,S002,64.58,5,Fri,47
19189,S002,58.32,4,Fri,36
19190,S001,112.56,5,Sat,27
19191,S001,84.99,2,Tue,47
19192,S004,93.39,9,Fri,64
19193,S004,104.42,3,Sat,26
19194,S002,48.43,2,Sun,19
19195,S001,37.5,4,Tue,47
19196,S004,61.92,4,Fri,43
19197,S004,66.13,4,Fri,64
19198,S004,81.29,8,Mon,19
19199,S003,70.27,7,Wed,34
19200,S002,51.87,4,Sat,19
19201,S002,60.35,3,Fri,48
19202,S001,58.81,5,Sun,69
19203,S001,78.93,3,Sun,25
19204,S003,112.84,4,Sun,65
19205,S002,77.02,5,Mon,65
19206,S003,96.43,7,Tue,41
19207,S004,52.75,4,Thu,36
19208,S003,58.02,2,Tue,52
19209,S002,95.05,2,Fri,40
19210,S003,37.6,6,Sun,59
19211,S004,84.82,7,Thu,25
19212,S002,48.98,2,Sun,21
19213,S001,59.88,2,Fri,50
19214,S002,50.88,11,Wed,20
19215,S004,48.97,8,Wed,36
19216,S001,120.96,5,Wed,50
19217,S004,67.32,0,Wed,51
19218,S001,66.83,8,Tue,23
19219,S001,64.84,1,Sun,66
19220,S003,95.48,4,Mon,27
19221,S003,74.53,6,Wed,33
19222,S001,60.92,4,Thu,20
19223,S004,61.49,5,Sat,32
19224,S004,64.26,4,Tue,51
19225,S004,83.83,4,Wed,53
19226,S003,70.54,6,Fri,69
19227,S003,106.71,9,Fri,37
19228,S002,82.45,4,Sat,30
19229,S002,58.32,0,Mon,57
19230,S001,68.2,3,Thu,29
19231,S002,83.71,5,Tue,69
19232,S004,83.24,2,Sat,41
19233,S001,85.08,4,Sat,40
19234,S003,49.38,2,Fri,43
19235,S003,68.82,5,Sat,24
19236,S001,79.19,4,Sat,35
19237,S003,55.22,3,Sat,31
19238,S004,86.74,6,Tue,58
19239,S002,66.16,4,Wed,42
19240,S004,40.29,6,Sun,60
19241,S002,106.27,3,Sun,52
19242,S001,98.01,7,Thu,18
19243,S004,75.8,3,Wed,63
19244,S004,91.3,8,Mon,48
19245,S002,108.97,5,Thu,44
19246,S002,54.13,2,Fri,39
19247,S003,66.62,5,Sun,60
19248,S004,82.22,4,Wed,41
19249,S004,43.81,6,Wed,41
19250,S004,67.53,6,Tue,68
19251,S004,79.04,11,Sat,67
19252,S001,87.58,3,Sun,32
19253,S001,92.6,7,Mon,36
19254,S003,85.69,7,Mon,37
19255,S001,78.01,3,Mon,29
19256,S003,59.37,6,Thu,67
19257,S004,80.95,4,Sun,58
19258,S001,89.67,3,Tue,24
19259,S001,60.88,4,Mon,25
19260,S001,75.74,4,Mon,32
19261,S004,82.55,3,Thu,55
19262,S004,63.77,4,Mon,68
19263,S003,75.67,2,Wed,27
19264,S003,90.26,8,Tue,63
19265,S003,51.69,3,Thu,24
19266,S002,66.55,6,Sun,25
19267,S001,66.64,4,Sun,35
19268,S004,40.21,6,Tue,55
19269,S002,100.17,3,Sun,24
19270,S002,45.43,5,Tue,42
19271,S001,79.16,6,Thu,37
19272,S003,61.42,5,Wed,29
19273,S004,115.2,4,Mon,64
19274,S004,79.98,9,Tue,21
19275,S001,44.4,7,Sun,20
19276,S002,68.88,6,Fri,27
19277,S003,48.61,10,Thu,67
19278,S004,114.13,10,Sun,63
19279,S004,88.72,6,Fri,32
19280,S001,79.08,3,Sun,27
19281,S001,77.48,3,Fri,19
19282,S004,74.88,6,Sat,33
19283,S001,84.79,2,Tue,65
19284,S001,31.14,4,Sun,32
19285,S003,84.07,4,Sat,66
19286,S004,47.49,5,Sat,21
19287,S003,60.72,1,Mon,62
19288,S003,86.67,1,Sat,64
19289,S004,66.47,5,Thu,67
19290,S003,59.58,9,Tue,53
19291,S003,73.73,4,Wed,39
19292,S003,33.53,5,Sun,46
19293,S002,84.76,5,Sat,24
19294,S002,90.38,11,Mon,60
19295,S003,30.72,4,Sat,39
19296,S003,72.53,11,Mon,54
19297,S004,60.17,4,Mon,66
19298,S003,98.27,4,Mon,35
19299,S002,90.02,3,Tue,69
19300,S004,71.17,6,Thu,56
19301,S004,62.09,6,Wed,45
19302,S003,66.42,3,Wed,20
19303,S003,60.54,7,Mon,27
19304,S002,54.79,5,Wed,27
19305,S003,64.68,1,Fri,44
19306,S001,65.62,4,Sun,38
19307,S002,87.14,3,Wed,49
19308,S002,80.92,2,Fri,41
19309,S002,90.62,5,Sun,61
19310,S002,99.39,7,Fri,49
19311,S002,60.27,5,Mon,44
19312,S002,63.48,9,Sun,34
19313,S002,75.04,2,Fri,27
19314,S002,65.49,10,Sun,54
19315,S002,50.35,4,Thu,33
19316,S004,117.17,4,Sat,59
19317,S004,82.05,8,Fri,60
19318,S004,55.21,7,Fri,28
19319,S003,83.43,4,Thu,64
19320,S004,67.26,3,Mon,45
19321,S001,60.2,10,Fri,43
19322,S001,87.53,6,Wed,43
19323,S001,98.83,9,Sun,53
19324,S003,86.82,4,Wed,58
19325,S001,93.76,2,Fri,38
19326,S004,42.02,4,Mon,38
19327,S004,93.72,8,Sat,38
19328,S002,73.42,9,Sat,69
19329,S003,60.36,5,Wed,30
19330,S003,83.26,5,Sat,62
19331,S002,62.65,4,Thu,61
19332,S004,63.19,2,Sat,43
19333,S003,69.42,7,Sun,30
19334,S002,72.06,12,Wed,27
19335,S002,49.47,5,Fri,62
19336,S003,72.56,4,Thu,26
19337,S003,100.58,6,Thu,26
19338,S002,61.76,5,Mon,38
19339,S001,88.25,8,Fri,44
19340,S002,85.64,8,Thu,29
19341,S002,65.9,3,Sun,69
19342,S002,64.96,3,Mon,66
19343,S003,111.47,4,Tue,30
19344,S001,88.83,4,Sat,43
19345,S003,81.05,5,Tue,66
19346,S004,78.63,4,Wed,31
19347,S001,80.0,9,Sat,57
19348,S001,49.99,7,Tue,43
19349,S004,74.12,4,Sun,69
19350,S003,72.57,6,Fri,48
19351,S001,85.6,4,Thu,60
19352,S003,44.11,7,Fri,23
19353,S001,66.96,4,Thu,52
19354,S002,73.68,8,Fri,18
19355,S003,73.36,6,Sat,61
19356,S004,46.63,4,Fri,69
19357,S002,47.63,4,Fri,41
19358,S002,73.22,5,Wed,37
19359,S003,109.42,3,Thu,38
19360,S004,67.0,10,Sun,48
19361,S003,75.88,3,Sat,53
19362,S003,88.88,6,Fri,28
19363,S004,74.67,4,Wed,48
19364,S003,69.46,5,Fri,67
19365,S003,81.09,8,Sat,19
19366,S004,69.99,5,Sun,36
19367,S003,68.37,6,Wed,40
19368,S001,80.49,5,Tue,34
19369,S003,49.75,4,Fri,67
19370,S003,70.35,2,Sun,34
19371,S001,75.36,2,Fri,33
19372,S002,58.44,7,Mon,52
19373,S004,96.93,4,Tue,21
19374,S003,79.9,2,Sun,60
19375,S002,105.06,1,Wed,65
19376,S001,46.43,3,Sat,58
19377,S002,86.67,9,Sun,49
19378,S004,85.47,5,Fri,48
19379,S004,110.69,6,Fri,58
19380,S002,82.14,5,Wed,57
19381,S003,50.14,4,Mon,22
19382,S002,63.1,2,Mon,29
19383,S004,110.57,6,Sat,23
19384,S001,56.65,9,Tue,38
19385,S004,106.36,8,Mon,53
19386,S002,110.01,6,Fri,63
19387,S003,110.66,2,Sun,57
19388,S003,60.44,5,Sat,32
19389,S002,83.75,4,Wed,36
19390,S001,50.2,3,Mon,39
19391,S003,75.23,2,Sat,47
19392,S001,75.12,5,Thu,22
19393,S003,43.36,4,Tue,45
19394,S002,84.09,1,Sat,56
19395,S001,51.63,6,Mon,50
19396,S003,79.52,2,Wed,65
19397,S004,64.93,6,Sat,57
19398,S001,65.68,5,Thu,35
19399,S001,76.86,3,Wed,61
19400,S001,124.06,3,Tue,36
19401,S004,87.58,4,Sat,22
19402,S002,108.08,8,Sat,18
19403,S002,81.01,6,Sun,39
19404,S004,81.19,5,Fri,30
19405,S002,61.71,11,Sat,48
19406,S001,43.95,2,Thu,62
19407,S002,66.94,6,Wed,33
19408,S003,42.88,4,Sat,18
19409,S002,130.64,8,Mon,35
19410,S001,53.83,3,Wed,34
19411,S003,72.21,6,Fri,18
19412,S003,72.59,5,Sun,48
19413,S003,77.05,11,Sun,32
19414,S004,92.44,4,Wed,24
19415,S001,104.66,5,Fri,52
19416,S001,65.07,4,Tue,58
19417,S001,95.66,6,Fri,57
19418,S002,81.75,8,Fri,20
19419,S001,122.97,4,Mon,37
19420,S004,77.46,6,Mon,29
19421,S003,87.01,11,Sat,61
19422,S001,60.21,4,Thu,63
19423,S003,103.16,3,Tue,24
19424,S001,73.62,4,Fri,52
19425,S003,69.22,2,Mon,59
19426,S003,76.17,9,Sat,23
19427,S004,90.21,4,Tue,21
19428,S003,60.2,6,Sun,58
19429,S003,61.91,1,Sun,51
19430,S002,97.48,3,Tue,57
19431,S002,102.71,3,Tue,24
19432,S002,80.0,7,Sat,61
19433,S004,74.51,7,Wed,32
19434,S004,90.15,2,Tue,37
19435,S001,100.56,8,Wed,27
19436,S004,105.57,8,Sat,63
19437,S004,87.37,8,Wed,27
19438,S003,85.08,6,Sat,41
19439,S001,69.39,5,Sat,47
19440,S004,77.43,2,Thu,54
19441,S003,61.31,1,Sun,63
19442,S003,90.88,6,Mon,20
19443,S002,74.27,4,Tue,30
19444,S002,61.03,3,Fri,46
19445,S001,37.95,7,Sun,45
19446,S001,80.09,7,Wed,32
19447,S002,9.34,1,Fri,63
19448,S003,82.91,9,Sun,67
19449,S003,64.97,12,Mon,66
19450,S004,88.0,5,Tue,27
19451,S001,52.45,3,Thu,29
19452,S001,98.01,5,Sat,69
19453,S001,78.81,6,Fri,38
19454,S002,50.54,5,Thu,40
19455,S004,61.85,7,Mon,62
19456,S004,65.33,5,Sun,29
19457,S001,65.72,4,Thu,59
19458,S003,102.72,3,Mon,57
19459,S003,61.96,6,Sat,57
19460,S004,77.77,5,Mon,20
19461,S002,82.61,2,Tue,60
19462,S004,77.28,8,Sun,33
19463,S003,26.78,4,Sun,47
19464,S004,92.75,3,Thu,37
19465,S003,108.1,1,Sun,69
19466,S003,68.61,6,Sun,53
19467,S004,47.02,4,Thu,55
19468,S001,84.18,9,Wed,60
19469,S004,70.8,3,Thu,67
19470,S004,83.19,3,Tue,30
19471,S003,56.31,3,Sat,59
19472,S004,87.21,4,Sun,54
19473,S003,74.56,5,Thu,37
19474,S003,91.22,3,Wed,47
19475,S002,72.35,5,Mon,69
19476,S003,63.14,1,Mon,25
19477,S001,76.79,2,Thu,36
19478,S003,45.42,3,Thu,26
19479,S003,62.28,5,Sun,34
19480,S004,71.18,5,Wed,29
19481,S004,25.5,5,Fri,59
19482,S001,64.36,4,Fri,58
19483,S002,85.48,6,Sat,27
19484,S004,61.01,3,Mon,60
19485,S003,92.06,2,Sun,21
19486,S002,65.19,4,Thu,63
19487,S004,57.36,3,Sun,22
19488,S003,48.04,5,Fri,22
19489,S003,74.36,5,Wed,54
19490,S004,100.97,4,Wed,68
19491,S002,68.07,6,Wed,27
19492,S001,63.38,1,Fri,44
19493,S004,75.15,6,Tue,29
19494,S002,60.45,5,Mon,68
19495,S003,91.28,6,Mon,67
19496,S002,84.04,2,Fri,36
19497,S003,80.57,1,Mon,35
19498,S004,111.56,6,Mon,28
19499,S003,64.62,2,Tue,32
19500,S002,57.17,9,Mon,58
19501,S003,80.38,5,Tue,39
19502,S002,55.68,7,Tue,44
19503,S001,62.06,5,Wed,62
19504,S003,80.83,3,Sat,67
19505,S001,58.69,3,Thu,29
19506,S004,47.52,5,Tue,26
19507,S002,27.3,2,Mon,31
19508,S004,52.58,8,Mon,21
19509,S004,58.64,4,Sat,36
19510,S003,72.64,8,Fri,50
19511,S004,68.2,8,Mon,37
19512,S004,83.93,5,Sat,35
19513,S001,79.93,3,Sat,60
19514,S002,96.17,4,Thu,34
19515,S003,70.48,5,Wed,45
19516,S002,48.27,3,Fri,53
19517,S002,31.44,5,Sat,52
19518,S003,27.92,6,Mon,67
19519,S004,94.73,4,Tue,33
19520,S002,92.05,3,Mon,32
19521,S001,53.94,10,Thu,61
19522,S002,58.75,3,Sat,29
19523,S003,68.41,7,Thu,35
19524,S004,51.87,6,Sat,68
19525,S004,90.47,5,Mon,51
19526,S004,93.89,3,Tue,25
19527,S002,52.33,7,Sun,27
19528,S003,81.39,4,Fri,51
19529,S004,79.48,2,Fri,44
19530,S004,35.51,3,Fri,55
19531,S001,56.16,5,Wed,66
19532,S002,70.04,4,Sun,27
19533,S003,82.22,5,Sat,25
19534,S003,92.87,3,Tue,36
19535,S001,51.86,5,Sat,48
19536,S002,63.51,4,Thu,36
19537,S001,76.42,6,Tue,50
19538,S002,70.6,3,Fri,60
19539,S003,53.44,8,Fri,23
19540,S004,72.68,4,Thu,22
19541,S003,74.35,1,Tue,61
19542,S003,65.0,5,Wed,18
19543,S004,40.26,5,Sat,38
19544,S003,73.63,4,Wed,67
19545,S004,57.94,6,Mon,64
19546,S002,64.18,7,Sat,22
19547,S003,98.02,6,Thu,58
19548,S001,71.56,8,Wed,57
19549,S001,77.69,5,Sat,29
19550,S002,63.72,7,Sun,33
19551,S002,67.01,11,Thu,20
19552,S004,62.0,4,Thu,25
19553,S002,93.93,4,Tue,52
19554,S001,113.78,6,Sun,56
19555,S004,63.63,2,Mon,43
19556,S001,105.35,3,Tue,21
19557,S003,62.43,10,Fri,64
19558,S001,56.16,4,Sat,64
19559,S002,75.29,5,Sat,58
19560,S001,76.78,5,Sun,47
19561,S004,70.34,2,Sun,46
19562,S001,80.95,6,Sun,32
19563,S004,99.72,5,Fri,27
19564,S001,77.9,7,Thu,47
19565,S002,60.42,10,Thu,44
19566,S004,59.88,5,Thu,32
19567,S004,98.74,5,Tue,27
19568,S004,79.83,6,Fri,40
19569,S003,80.97,3,Fri,54
19570,S004,89.92,5,Sun,60
19571,S003,118.71,3,Wed,30
19572,S001,91.8,3,Mon,58
19573,S003,90.1,11,Sun,23
19574,S004,89.65,5,Fri,67
19575,S002,74.36,6,Sun,35
19576,S003,61.85,7,Fri,54
19577,S001,75.4,0,Mon,54
19578,S003,61.97,4,Sat,41
19579,S001,65.39,7,Sun,31
19580,S004,88.98,5,Tue,53
19581,S002,119.2,3,Thu,22
19582,S003,39.27,5,Wed,32
19583,S002,61.74,1,Fri,54
19584,S002,51.46,9,Mon,25
19585,S004,61.93,5,Sat,53
19586,S003,83.11,7,Sun,50
19587,S003,61.8,3,Mon,35
19588,S001,60.07,8,Thu,59
19589,S002,80.49,7,Fri,51
19590,S004,107.32,7,Thu,21
19591,S002,40.88,3,Sat,27
19592,S003,80.84,5,Sun,32
19593,S004,77.51,4,Sat,50
19594,S004,60.96,11,Thu,61
19595,S003,79.01,2,Sat,25
19596,S004,81.02,4,Wed,56
19597,S003,92.86,7,Sun,29
19598,S004,49.94,5,Sat,58
19599,S001,56.04,4,Tue,37
19600,S002,90.44,7,Sun,42
19601,S003,57.37,5,Fri,57
19602,S004,54.61,4,Sun,54
19603,S004,76.84,10,Tue,18
19604,S004,59.28,3,Wed,31
19605,S004,93.36,6,Sat,61
19606,S003,59.86,1,Wed,64
19607,S003,73.92,2,Wed,25
19608,S002,96.82,4,Fri,66
19609,S004,51.66,3,Sat,37
19610,S001,67.69,5,Thu,22
19611,S004,87.64,12,Mon,21
19612,S001,126.73,5,Mon,34
19613,S001,56.95,7,Mon,56
19614,S004,72.99,2,Thu,49
19615,S001,75.87,4,Thu,54
19616,S003,62.95,6,Fri,29
19617,S001,59.98,4,Wed,55
19618,S003,32.07,7,Tue,41
19619,S003,48.71,4,Mon,23
19620,S002,54.12,1,Tue,29
19621,S002,108.69,7,Thu,59
19622,S002,56.32,8,Tue,42
19623,S004,68.18,6,Sun,33
19624,S003,40.09,2,Mon,69
19625,S001,63.53,3,Thu,20
19626,S003,67.91,8,Thu,47
19627,S002,91.92,8,Tue,54
19628,S004,74.7,6,Thu,23
19629,S003,96.57,7,Tue,62
19630,S002,46.91,6,Mon,58
19631,S002,63.04,6,Tue,56
19632,S002,90.29,7,Sun,66
19633,S002,69.86,2,Wed,59
19634,S003,65.5,6,Sun,51
19635,S002,81.93,4,Sun,59
19636,S004,74.08,7,Sat,38
19637,S004,81.34,4,Sat,57
19638,S001,68.52,3,Thu,18
19639,S002,18.89,4,Mon,41
19640,S002,93.05,7,Thu,18
19641,S004,64.11,5,Mon,62
19642,S002,94.43,8,Sat,64
19643,S004,84.12,7,Tue,65
19644,S004,72.13,4,Wed,60
19645,S001,77.73,7,Mon,43
19646,S003,85.54,5,Sun,68
19647,S002,83.82,8,Fri,62
19648,S003,81.27,6,Mon,69
19649,S001,81.15,6,Wed,53
19650,S003,63.7,8,Sun,25
19651,S002,58.54,10,Wed,27
19652,S001,55.87,1,Wed,46
19653,S002,56.5,5,Sun,64
19654,S003,69.13,6,Fri,63
19655,S001,97.81,6,Wed,66
19656,S004,93.32,3,Tue,60
19657,S004,73.61,7,Sun,57
19658,S004,53.29,10,Wed,61
19659,S003,83.49,6,Mon,26
19660,S002,53.41,3,Sun,51
19661,S001,52.94,3,Fri,34
19662,S002,103.3,4,Thu,31
19663,S003,65.89,10,Wed,43
19664,S003,103.74,9,Thu,34
19665,S003,76.98,3,Wed,56
19666,S001,60.66,1,Mon,49
19667,S004,45.99,2,Sun,35
19668,S003,70.35,5,Mon,18
19669,S002,90.12,5,Sun,58
19670,S003,77.05,12,Wed,54
19671,S004,87.04,9,Sun,69
19672,S003,45.63,6,Sun,33
19673,S001,41.19,6,Sun,50
19674,S002,55.92,6,Thu,19
19675,S001,33.21,6,Sat,60
19676,S001,84.45,1,Sat,54
19677,S001,66.94,3,Sun,65
19678,S003,75.02,6,Sun,32
19679,S003,72.25,4,Thu,25
19680,S004,73.43,8,Fri,34
19681,S003,59.35,3,Thu,26
19682,S004,81.29,5,Tue,48
19683,S001,94.67,7,Fri,68
19684,S002,48.78,7,Tue,68
19685,S003,78.59,5,Mon,49
19686,S004,64.09,9,Tue,29
19687,S002,50.45,4,Thu,65
19688,S001,52.89,5,Thu,60
19689,S003,78.79,1,Fri,27
19690,S001,49.51,3,Sat,65
19691,S003,82.4,6,Fri,66
19692,S001,73.21,6,Mon,67
19693,S004,77.77,3,Sat,60
19694,S002,71.2,5,Wed,42
19695,S004,58.44,5,Wed,56
19696,S002,70.8,4,Thu,20
19697,S004,51.57,2,Wed,27
19698,S003,111.41,4,Fri,68
19699,S004,77.7,6,Tue,66
19700,S002,95.34,4,Mon,41
19701,S004,59.47,4,Sat,18
19702,S002,56.49,4,Tue,68
19703,S003,82.36,5,Sat,57
19704,S001,72.33,7,Mon,40
19705,S003,96.81,5,Fri,37
19706,S002,63.96,2,Sat,40
19707,S002,71.54,6,Tue,54
19708,S001,118.81,5,Thu,23
19709,S002,76.35,5,Wed,52
19710,S004,76.17,6,Mon,41
19711,S003,63.86,2,Mon,25
19712,S003,25.33,3,Sun,35
19713,S004,49.74,3,Mon,22
19714,S002,56.47,4,Fri,18
19715,S003,67.56,4,Mon,57
19716,S001,69.15,6,Fri,25
19717,S003,75.93,6,Tue,32
19718,S001,59.97,3,Sat,18
19719,S002,63.14,8,Fri,20
19720,S003,103.68,2,Sat,41
19721,S004,81.88,8,Sun,24
19722,S003,65.49,2,Mon,67
19723,S004,81.06,3,Mon,36
19724,S001,83.46,3,Thu,56
19725,S001,92.18,10,Mon,22
19726,S001,93.37,2,Thu,47
19727,S003,55.61,4,Sat,64
19728,S004,57.16,5,Sat,44
19729,S004,60.08,9,Mon,33
19730,S002,67.22,2,Sat,40
19731,S002,60.52,9,Mon,68
19732,S001,80.46,4,Tue,19
19733,S004,86.08,3,Fri,26
19734,S003,98.9,3,Mon,18
19735,S001,72.3,3,Fri,46
19736,S004,73.74,5,Sat,63
19737,S001,54.34,6,Tue,69
19738,S002,91.15,3,Sun,23
19739,S002,83.01,3,Tue,24
19740,S001,43.76,3,Tue,42
19741,S003,69.96,3,Fri,31
19742,S001,60.04,6,Mon,19
19743,S004,59.8,7,Sun,34
19744,S003,24.87,3,Sat,26
19745,S003,79.93,5,Tue,39
19746,S001,88.92,3,Fri,19
19747,S001,91.09,4,Wed,36
19748,S001,60.54,3,Wed,62
19749,S004,112.03,9,Mon,18
19750,S003,64.74,5,Mon,64
19751,S004,113.09,6,Sat,18
19752,S004,89.97,3,Thu,69
19753,S001,81.47,8,Tue,64
19754,S003,69.24,4,Fri,54
19755,S003,90.35,1,Fri,58
19756,S003,67.01,2,Sat,44
19757,S003,96.62,2,Mon,36
19758,S002,62.61,3,Fri,20
19759,S003,77.21,13,Thu,34
19760,S001,103.33,2,Thu,33
19761,S004,66.97,8,Mon,53
19762,S004,57.04,7,Sun,30
19763,S001,100.12,4,Thu,58
19764,S004,84.28,4,Sun,37
19765,S001,114.28,4,Wed,57
19766,S004,37.71,1,Tue,66
19767,S003,83.81,9,Fri,61
19768,S001,79.91,0,Sun,33
19769,S004,57.16,4,Fri,35
19770,S003,70.31,4,Mon,64
19771,S001,94.39,6,Sun,48
19772,S003,43.92,5,Thu,41
19773,S002,84.64,3,Wed,32
19774,S002,97.08,6,Tue,27
19775,S004,75.91,5,Fri,20
19776,S004,68.61,5,Sat,44
19777,S002,71.28,7,Sat,25
19778,S003,63.82,3,Mon,40
19779,S004,80.48,5,Tue,32
19780,S002,105.55,0,Fri,68
19781,S002,14.25,2,Fri,20
19782,S002,64.15,7,Mon,28
19783,S001,74.7,5,Thu,65
19784,S004,61.48,6,Sat,63
19785,S004,53.98,2,Thu,25
19786,S004,65.43,5,Thu,27
19787,S003,79.65,7,Thu,41
19788,S004,86.4,10,Tue,48
19789,S004,127.16,7,Thu,19
19790,S003,106.65,7,Tue,18
19791,S001,65.66,8,Thu,62
19792,S003,94.56,9,Sat,19
19793,S001,56.6,4,Tue,51
19794,S003,71.59,7,Tue,26
19795,S003,83.6,3,Sat,48
19796,S004,89.31,4,Sun,45
19797,S001,84.17,4,Wed,33
19798,S003,58.02,3,Mon,42
19799,S003,103.74,5,Sun,64
19800,S004,92.75,9,Sun,65
19801,S004,71.41,4,Tue,60
19802,S004,74.71,5,Tue,46
19803,S001,100.29,2,Sat,53
19804,S003,16.68,7,Sun,65
19805,S002,83.81,7,Tue,46
19806,S001,47.62,4,Sun,59
19807,S002,91.67,6,Sat,20
19808,S003,85.49,7,Fri,50
19809,S002,80.98,3,Sun,29
19810,S002,93.61,8,Sat,28
19811,S003,88.42,6,Mon,63
19812,S003,94.59,6,Tue,35
19813,S004,101.2,7,Wed,27
19814,S001,51.81,6,Tue,59
19815,S004,57.37,5,Fri,66
19816,S003,63.69,5,Mon,62
19817,S002,94.84,2,Thu,63
19818,S003,84.57,3,Sat,60
19819,S003,64.42,6,Sat,59
19820,S002,52.51,4,Sun,66
19821,S001,81.8,4,Wed,31
19822,S001,58.28,5,Fri,38
19823,S002,103.64,5,Tue,26
19824,S001,91.14,5,Sat,34
19825,S002,119.03,5,Fri,63
19826,S004,71.12,1,Thu,25
19827,S001,66.28,6,Wed,61
19828,S003,82.06,7,Mon,42
19829,S003,58.55,4,Tue,28
19830,S002,79.45,8,Sat,40
19831,S003,74.59,5,Sat,32
19832,S004,77.91,4,Mon,67
19833,S001,50.67,4,Mon,18
19834,S001,76.86,3,Fri,50
19835,S001,52.92,6,Wed,29
19836,S001,103.23,6,Sat,32
19837,S003,62.65,6,Tue,39
19838,S001,113.73,5,Wed,57
19839,S001,100.12,5,Thu,48
19840,S001,19.44,1,Mon,59
19841,S003,90.07,10,Mon,61
19842,S001,102.24,10,Thu,46
19843,S001,98.37,6,Fri,68
19844,S003,58.21,3,Sun,56
19845,S001,113.15,4,Tue,37
19846,S003,83.16,7,Fri,43
19847,S001,70.49,3,Fri,46
19848,S002,63.31,5,Tue,61
19849,S001,76.61,6,Sat,62
19850,S001,107.74,4,Tue,26
19851,S001,101.83,9,Mon,34
19852,S004,62.89,5,Mon,31
19853,S001,54.09,4,Tue,30
19854,S002,102.24,7,Thu,64
19855,S002,69.63,5,Sun,56
19856,S003,73.52,6,Fri,29
19857,S003,85.69,3,Tue,62
19858,S003,48.86,8,Sat,33
19859,S004,93.77,6,Thu,36
19860,S004,67.01,6,Wed,54
19861,S004,84.09,4,Tue,60
19862,S004,89.64,3,Fri,30
19863,S002,89.61,9,Mon,28
19864,S004,63.77,8,Fri,55
19865,S002,97.28,7,Tue,35
19866,S004,88.05,4,Fri,60
19867,S004,73.56,4,Fri,21
19868,S004,93.2,7,Wed,48
19869,S004,110.28,4,Sun,44
19870,S003,83.47,7,Wed,57
19871,S003,61.62,4,Sat,55
19872,S002,86.78,2,Tue,57
19873,S001,36.68,8,Sat,61
19874,S003,54.93,5,Wed,66
19875,S003,94.94,5,Mon,59
19876,S004,91.58,6,Fri,60
19877,S003,89.27,8,Sat,44
19878,S001,83.75,4,Thu,23
19879,S004,68.7,3,Thu,60
19880,S002,72.44,3,Thu,55
19881,S001,81.12,3,Sat,35
19882,S001,124.76,8,Thu,37
19883,S001,41.4,4,Fri,52
19884,S002,103.0,2,Tue,44
19885,S002,77.63,6,Wed,61
19886,S001,44.99,6,Fri,43
19887,S001,70.89,13,Tue,53
19888,S004,63.72,9,Tue,61
19889,S004,102.65,3,Thu,63
19890,S004,44.87,5,Sun,57
19891,S002,72.07,9,Thu,64
19892,S003,76.83,7,Fri,28
19893,S002,43.47,5,Mon,26
19894,S001,82.61,7,Thu,37
19895,S002,82.19,6,Fri,31
19896,S001,108.24,5,Sat,51
19897,S004,34.02,4,Tue,57
19898,S002,86.53,9,Wed,22
19899,S003,77.11,6,Mon,61
19900,S003,62.6,5,Thu,26
19901,S002,78.24,10,Mon,45
19902,S001,70.66,2,Wed,40
19903,S003,48.15,9,Mon,33
19904,S001,115.33,2,Tue,59
19905,S004,72.88,4,Wed,50
19906,S003,78.16,8,Mon,44
19907,S002,70.46,8,Sat,43
19908,S002,50.95,6,Mon,18
19909,S003,78.87,3,Wed,57
19910,S002,50.4,8,Fri,50
19911,S004,91.07,5,Tue,43
19912,S002,83.69,1,Sat,27
19913,S004,92.9,3,Wed,28
19914,S002,50.15,4,Sat,34
19915,S003,111.98,5,Wed,69
19916,S001,39.82,1,Wed,35
19917,S004,73.96,8,Wed,20
19918,S004,66.96,5,Sun,64
19919,S001,64.99,6,Wed,33
19920,S002,68.81,4,Fri,23
19921,S001,46.23,4,Tue,20
19922,S001,54.22,6,Sat,32
19923,S004,78.53,3,Fri,25
19924,S001,33.22,5,Sun,21
19925,S003,44.98,5,Fri,22
19926,S001,40.31,3,Thu,69
19927,S001,64.0,5,Tue,53
19928,S001,66.82,5,Thu,43
19929,S002,64.83,8,Fri,50
19930,S004,40.48,9,Sun,32
19931,S004,98.81,4,Fri,28
19932,S002,103.02,4,Tue,47
19933,S002,60.06,6,Wed,55
19934,S004,48.01,3,Mon,28
19935,S002,89.49,4,Sun,48
19936,S003,45.65,1,Fri,36
19937,S002,86.1,6,Sat,66
19938,S002,94.79,4,Wed,57
19939,S004,84.11,12,Thu,47
19940,S003,56.25,4,Thu,59
19941,S004,79.47,8,Fri,32
19942,S004,104.77,12,Wed,24
19943,S004,49.28,4,Sun,25
19944,S004,88.07,6,Thu,57
19945,S003,84.1,4,Fri,43
19946,S004,66.91,7,Wed,60
19947,S003,97.92,4,Wed,54
19948,S001,53.55,6,Wed,23
19949,S004,110.53,6,Mon,27
19950,S003,87.67,2,Mon,29
19951,S001,117.63,5,Thu,46
19952,S003,75.67,10,Thu,44
19953,S004,85.36,3,Thu,23
19954,S002,73.01,6,Fri,36
19955,S004,59.52,8,Sat,29
19956,S003,37.61,10,Fri,23
19957,S003,59.15,2,Thu,41
19958,S004,78.52,9,Mon,31
19959,S003,60.94,7,Sun,43
19960,S001,85.82,6,Mon,49
19961,S004,56.84,5,Tue,57
19962,S002,84.88,5,Fri,57
19963,S003,98.05,9,Tue,24
19964,S001,98.98,9,Mon,32
19965,S002,41.19,5,Mon,53
19966,S003,62.44,4,Wed,29
19967,S003,79.56,4,Wed,67
19968,S001,84.87,7,Sun,64
19969,S001,54.87,4,Wed,65
19970,S003,75.0,9,Thu,55
19971,S002,57.13,4,Thu,60
19972,S001,78.94,5,Sat,62
19973,S002,88.35,9,Fri,42
19974,S001,64.37,5,Sun,27
19975,S003,82.82,5,Tue,54
19976,S003,30.71,6,Mon,59
19977,S003,93.05,4,Sat,66
19978,S001,104.89,2,Tue,52
19979,S002,93.1,4,Mon,39
19980,S002,79.59,6,Sun,22
19981,S001,94.15,3,Sun,18
19982,S001,50.55,1,Sat,45
19983,S002,77.54,7,Fri,25
19984,S001,66.7,11,Fri,69
19985,S001,96.81,9,Tue,65
19986,S001,107.89,7,Sat,68
19987,S003,43.22,6,Sat,41
19988,S001,77.86,8,Fri,21
19989,S003,101.52,8,Sun,67
19990,S004,100.07,8,Thu,54
19991,S003,91.92,3,Sun,66
19992,S003,89.22,2,Wed,27
19993,S004,72.66,3,Sat,22
19994,S001,59.01,8,Thu,30
19995,S001,89.3,8,Wed,22
19996,S004,96.99,10,Thu,29
19997,S002,58.87,3,Fri,57
19998,S001,105.85,4,Fri,23
19999,S001,36.39,3,Sat,65
20000,S003,64.78,5,Sat,32
20001,S001,110.65,7,Wed,25
20002,S001,67.46,1,Sun,59
20003,S004,63.15,7,Fri,22
20004,S001,95.93,7,Mon,21
20005,S002,94.04,7,Tue,41
20006,S003,92.67,1,Tue,44
20007,S002,109.67,3,Sun,45
20008,S004,84.28,6,Thu,59
20009,S003,49.61,8,Sun,60
20010,S001,71.82,3,Mon,40
20011,S004,39.0,1,Fri,18
20012,S002,56.17,6,Sat,62
20013,S002,72.46,5,Fri,63
20014,S004,73.84,7,Wed,49
20015,S003,49.07,8,Thu,51
20016,S001,117.45,1,Sun,18
20017,S001,75.91,5,Tue,28
20018,S004,80.82,8,Thu,66
20019,S003,68.26,7,Fri,36
20020,S004,62.84,2,Mon,20
20021,S001,44.19,0,Sun,55
20022,S001,71.98,11,Thu,27
20023,S001,62.0,6,Fri,68
20024,S002,100.26,4,Sat,31
20025,S001,96.7,5,Sat,55
20026,S004,46.24,8,Mon,67
20027,S004,111.51,4,Tue,39
20028,S002,67.06,1,Sat,55
20029,S001,65.49,6,Tue,42
20030,S002,57.36,4,Thu,64
20031,S003,74.77,5,Mon,35
20032,S004,100.1,6,Tue,23
20033,S002,61.55,5,Sat,32
20034,S003,50.33,4,Thu,59
20035,S004,41.88,6,Wed,62
20036,S004,65.73,7,Tue,20
20037,S004,61.82,3,Fri,19
20038,S001,58.81,6,Thu,41
20039,S004,73.45,3,Fri,19
20040,S001,55.84,9,Fri,68
20041,S001,54.97,4,Tue,43
20042,S002,81.87,6,Fri,61
20043,S003,59.15,6,Wed,52
20044,S002,83.54,6,Fri,34
20045,S001,108.99,5,Fri,43
20046,S003,78.26,4,Fri,20
20047,S001,128.51,4,Thu,30
20048,S003,47.49,4,Mon,65
20049,S001,97.0,8,Sun,25
20050,S004,112.06,3,Sun,69
20051,S002,69.82,4,Mon,39
20052,S001,43.32,2,Fri,22
20053,S001,100.94,6,Sun,21
20054,S003,77.91,8,Mon,61
20055,S003,95.53,5,Tue,51
20056,S004,55.79,4,Fri,51
20057,S001,80.26,2,Wed,54
20058,S001,61.06,6,Tue,22
20059,S001,59.02,2,Thu,22
20060,S004,87.65,5,Wed,40
20061,S001,85.58,2,Fri,53
20062,S004,57.17,2,Fri,22
20063,S004,45.03,3,Sun,28
20064,S001,78.62,4,Mon,48
20065,S001,73.13,8,Wed,34
20066,S004,90.17,4,Mon,66
20067,S002,49.57,6,Mon,62
20068,S003,72.25,3,Fri,31
20069,S003,117.74,3,Wed,41
20070,S001,76.71,2,Wed,33
20071,S003,56.22,7,Wed,46
20072,S001,102.05,3,Wed,42
20073,S003,114.47,6,Fri,49
20074,S004,111.48,7,Mon,24
20075,S002,35.83,6,Wed,22
20076,S003,81.17,5,Tue,46
20077,S003,51.11,6,Tue,23
20078,S001,66.01,1,Mon,37
20079,S004,99.43,7,Wed,54
20080,S003,78.46,7,Tue,39
20081,S002,74.3,6,Tue,22
20082,S003,99.06,7,Tue,69
20083,S003,85.81,4,Wed,44
20084,S004,74.85,3,Sat,31
20085,S003,53.47,2,Tue,20
20086,S002,59.6,7,Fri,20
20087,S002,98.67,4,Wed,43
20088,S002,86.1,3,Thu,21
20089,S002,93.31,4,Wed,42
20090,S001,55.29,2,Fri,69
20091,S004,69.43,4,Sun,58
20092,S001,64.63,4,Fri,51
20093,S001,101.11,4,Fri,46
20094,S001,96.26,4,Sat,38
20095,S003,77.55,2,Fri,41
20096,S001,70.2,9,Sun,51
20097,S004,77.96,6,Sat,66
20098,S003,73.84,3,Sat,33
20099,S003,73.42,7,Tue,43
20100,S001,96.44,5,Tue,20
20101,S004,89.06,6,Tue,63
20102,S004,36.73,4,Mon,42
20103,S004,82.61,5,Mon,53
20104,S004,86.79,5,Sat,24
20105,S004,70.61,4,Sat,25
20106,S002,62.49,7,Wed,22
20107,S001,62.15,4,Mon,22
20108,S002,56.2,5,Mon,62
20109,S003,86.68,5,Thu,48
20110,S003,101.57,6,Fri,42
20111,S003,101.23,3,Sun,50
20112,S001,44.46,3,Wed,56
20113,S004,67.08,6,Mon,22
20114,S001,87.59,8,Wed,48
20115,S002,124.65,4,Sun,59
20116,S002,56.52,4,Fri,58
20117,S002,64.37,3,Mon,61
20118,S001,53.67,6,Thu,49
20119,S003,50.1,4,Thu,60
20120,S002,86.8,2,Thu,53
20121,S002,79.14,7,Sat,51
20122,S003,93.86,4,Thu,68
20123,S002,54.53,7,Mon,41
20124,S003,88.0,4,Thu,33
20125,S001,74.22,6,Sun,62
20126,S003,72.24,7,Sat,40
20127,S004,71.64,2,Tue,54
20128,S004,49.25,5,Fri,21
20129,S003,43.96,3,Tue,43
20130,S003,92.26,1,Sun,18
20131,S003,67.76,5,Sun,62
20132,S003,69.48,5,Sun,24
20133,S002,58.01,9,Tue,63
20134,S004,110.16,3,Fri,26
20135,S003,94.2,7,Wed,60
20136,S001,37.98,3,Fri,48
20137,S004,55.59,7,Sat,26
20138,S003,107.38,8,Sat,30
20139,S003,117.53,5,Wed,64
20140,S004,76.63,8,Sat,22
20141,S003,66.95,6,Thu,59
20142,S003,51.89,3,Mon,50
20143,S002,69.31,3,Thu,50
20144,S004,80.35,5,Sun,22
20145,S001,58.83,6,Sat,40
20146,S004,58.73,6,Mon,40
20147,S003,97.44,3,Sun,42
20148,S002,75.54,5,Tue,20
20149,S001,29.64,5,Mon,34
20150,S002,56.64,4,Sun,39
20151,S001,79.73,6,Sun,67
20152,S002,80.75,2,Thu,45
20153,S002,91.73,2,Wed,66
20154,S004,73.71,6,Thu,42
20155,S001,43.88,6,Tue,24
20156,S004,107.87,4,Wed,25
20157,S003,86.89,6,Wed,60
20158,S001,83.41,7,Fri,67
20159,S002,75.22,4,Tue,40
20160,S001,87.37,4,Wed,23
20161,S004,66.43,6,Mon,46
20162,S001,68.92,4,Sun,46
20163,S001,79.26,5,Sat,34
20164,S004,75.92,4,Mon,59
20165,S002,105.67,3,Mon,59
20166,S002,113.21,3,Sat,61
20167,S004,76.38,8,Thu,57
20168,S003,95.79,4,Fri,27
20169,S004,77.36,7,Sat,36
20170,S002,59.75,8,Sat,33
20171,S003,87.12,10,Thu,65
20172,S002,66.98,8,Mon,64
20173,S003,63.29,4,Sun,24
20174,S001,44.77,5,Sat,20
20175,S002,94.54,4,Mon,38
20176,S003,100.11,9,Wed,30
20177,S002,82.42,5,Fri,31
20178,S004,81.1,4,Sun,22
20179,S003,85.08,3,Fri,55
20180,S001,77.71,6,Mon,38
20181,S002,88.08,9,Tue,63
20182,S001,73.0,4,Mon,27
20183,S001,57.73,6,Sun,64
20184,S001,59.52,7,Tue,54
20185,S004,57.19,9,Mon,23
20186,S001,75.61,5,Thu,30
20187,S004,43.41,4,Sat,27
20188,S003,37.38,4,Tue,42
20189,S002,84.43,4,Sun,23
20190,S001,89.02,1,Mon,54
20191,S003,66.6,9,Thu,26
20192,S003,62.56,3,Sat,31
20193,S001,73.92,3,Fri,34
20194,S003,88.63,6,Mon,54
20195,S003,49.01,6,Sun,37
20196,S003,90.28,9,Fri,65
20197,S004,77.26,0,Wed,65
20198,S004,81.95,6,Mon,35
20199,S002,92.88,2,Mon,28
20200,S002,76.52,7,Tue,44
20201,S003,108.31,6,Thu,64
20202,S004,84.3,8,Thu,69
20203,S001,89.22,6,Wed,26
20204,S001,32.3,2,Tue,54
20205,S003,93.54,4,Tue,57
20206,S004,102.99,6,Wed,50
20207,S002,45.53,6,Fri,69
20208,S003,81.67,5,Sat,63
20209,S001,100.84,4,Mon,35
20210,S002,73.13,6,Sun,46
20211,S001,45.45,5,Sun,65
20212,S004,30.63,7,Tue,23
20213,S001,54.69,8,Thu,53
20214,S004,74.66,4,Wed,32
20215,S004,83.86,6,Thu,50
20216,S003,73.66,4,Sat,49
20217,S002,116.91,7,Wed,18
20218,S004,49.22,4,Fri,42
20219,S003,68.37,5,Mon,44
20220,S001,78.02,7,Wed,63
20221,S002,54.57,6,Sun,54
20222,S002,87.1,3,Mon,63
20223,S004,68.55,5,Mon,48
20224,S002,62.21,2,Wed,39
20225,S002,60.29,4,Mon,19
20226,S001,86.9,4,Wed,69
20227,S001,76.03,0,Fri,36
20228,S003,68.03,5,Tue,48
20229,S004,81.0,1,Thu,37
20230,S004,27.17,2,Wed,53
20231,S003,113.78,5,Mon,56
20232,S003,102.33,7,Sat,40
20233,S004,69.48,1,Fri,22
20234,S004,67.45,6,Wed,40
20235,S003,75.58,6,Tue,67
20236,S003,83.54,4,Fri,49
20237,S003,45.59,4,Mon,60
20238,S004,58.52,6,Thu,69
20239,S004,56.32,9,Fri,58
20240,S003,73.07,2,Mon,31
20241,S002,68.74,6,Fri,57
20242,S001,32.8,6,Sun,52
20243,S003,65.08,4,Mon,68
20244,S001,62.53,6,Tue,22
20245,S003,65.7,4,Fri,45
20246,S001,94.4,5,Wed,20
20247,S004,71.51,4,Mon,65
20248,S001,105.36,7,Mon,43
20249,S002,87.72,3,Tue,26
20250,S002,69.09,6,Tue,54
20251,S002,60.33,6,Sun,18
20252,S003,82.09,5,Sun,59
20253,S004,77.88,5,Thu,52
20254,S003,75.23,1,Tue,63
20255,S003,121.28,3,Fri,56
20256,S002,87.33,3,Tue,59
20257,S004,85.19,4,Fri,39
20258,S001,79.05,8,Fri,35
20259,S004,58.12,5,Sat,38
20260,S001,63.85,5,Tue,49
20261,S001,82.73,7,Sun,21
20262,S004,93.47,5,Wed,65
20263,S003,79.81,3,Wed,27
20264,S003,94.82,4,Thu,35
20265,S003,86.79,5,Sat,68
20266,S001,81.49,7,Mon,64
20267,S004,73.74,3,Tue,22
20268,S002,58.06,7,Thu,65
20269,S001,84.41,5,Thu,64
20270,S002,86.39,2,Sat,60
20271,S004,77.79,6,Sun,52
20272,S004,70.03,4,Fri,25
20273,S002,97.52,9,Mon,31
20274,S002,54.95,3,Wed,58
20275,S003,54.32,3,Sat,21
20276,S001,97.14,6,Tue,33
20277,S002,59.21,9,Tue,52
20278,S002,108.9,2,Wed,39
20279,S002,77.88,3,Fri,30
20280,S004,76.45,9,Fri,24
20281,S003,104.25,7,Thu,66
20282,S002,88.88,8,Sun,68
20283,S004,76.39,4,Mon,36
20284,S004,118.46,6,Thu,63
20285,S002,67.06,5,Thu,34
20286,S001,96.64,4,Sun,23
20287,S003,81.09,4,Wed,63
20288,S004,104.97,4,Thu,21
20289,S004,88.87,8,Sat,64
20290,S002,85.29,3,Wed,62
20291,S004,60.82,4,Sat,31
20292,S001,115.51,6,Mon,33
20293,S003,115.7,3,Sat,50
20294,S001,64.72,6,Fri,69
20295,S002,66.23,8,Thu,50
20296,S003,77.1,9,Mon,54
20297,S001,89.14,6,Thu,26
20298,S002,97.6,5,Wed,49
20299,S001,94.05,3,Mon,69
20300,S002,68.19,3,Sun,41
20301,S004,82.36,1,Sun,63
20302,S001,63.82,6,Wed,21
20303,S001,86.01,6,Thu,43
20304,S002,49.89,9,Sun,57
20305,S001,93.43,8,Tue,63
20306,S001,82.58,0,Wed,28
20307,S004,83.32,3,Sat,63
20308,S001,92.77,4,Wed,34
20309,S004,92.91,2,Mon,46
20310,S002,102.53,7,Fri,59
20311,S003,78.34,10,Sun,41
20312,S001,118.9,6,Tue,63
20313,S004,53.47,8,Thu,65
20314,S003,66.17,4,Wed,55
20315,S001,58.89,7,Sun,38
20316,S002,64.21,7,Sat,34
20317,S004,103.78,5,Tue,61
20318,S002,53.9,2,Sun,59
20319,S003,68.13,6,Tue,60
20320,S001,60.32,6,Wed,64
20321,S002,64.22,6,Sun,29
20322,S004,69.16,7,Tue,66
20323,S001,124.91,8,Thu,33
20324,S001,110.08,9,Sat,49
20325,S001,83.0,4,Mon,27
20326,S002,63.69,7,Thu,50
20327,S003,45.97,4,Thu,35
20328,S001,76.35,3,Sun,64
20329,S001,101.62,1,Mon,51
20330,S002,56.93,3,Sun,58
20331,S001,51.2,7,Thu,40
20332,S004,93.16,3,Mon,65
20333,S004,63.4,5,Fri,27
20334,S004,54.25,7,Sun,56
20335,S001,62.26,7,Sun,57
20336,S004,82.06,3,Fri,22
20337,S004,83.44,12,Fri,27
20338,S003,71.35,8,Thu,56
20339,S001,63.11,8,Sat,37
20340,S003,120.03,5,Sun,63
20341,S004,89.25,6,Thu,27
20342,S001,63.99,4,Sat,62
20343,S001,57.66,5,Fri,64
20344,S003,69.93,3,Tue,23
20345,S002,55.78,2,Mon,49
20346,S004,85.22,2,Fri,24
20347,S004,55.42,4,Tue,60
20348,S002,90.42,6,Mon,58
20349,S001,76.04,1,Wed,67
20350,S003,71.72,7,Wed,43
20351,S004,70.2,5,Thu,45
20352,S002,96.44,4,Fri,27
20353,S004,69.46,6,Mon,29
20354,S004,91.68,4,Mon,47
20355,S002,56.74,3,Sun,46
20356,S002,87.05,4,Sat,68
20357,S002,51.26,3,Tue,51
20358,S004,86.77,3,Sat,60
20359,S002,59.32,6,Tue,58
20360,S001,75.06,5,Fri,48
20361,S002,93.3,5,Tue,64
20362,S001,74.95,4,Wed,30
20363,S004,68.15,7,Thu,55
20364,S004,70.31,4,Wed,44
20365,S004,69.82,3,Thu,62
20366,S002,86.72,8,Fri,55
20367,S003,80.8,5,Sat,53
20368,S002,35.16,4,Sat,31
20369,S002,64.85,6,Tue,34
20370,S004,53.89,6,Sat,24
20371,S002,47.19,2,Wed,20
20372,S003,57.77,3,Mon,50
20373,S004,111.39,6,Wed,57
20374,S002,104.82,9,Mon,49
20375,S002,98.15,8,Thu,25
20376,S004,3.38,8,Fri,52
20377,S003,56.11,2,Tue,57
20378,S003,61.87,9,Wed,68
20379,S004,35.08,5,Fri,47
20380,S003,66.45,3,Sat,44
20381,S001,35.05,4,Sat,68
20382,S001,96.03,4,Sun,19
20383,S003,103.07,7,Tue,60
20384,S004,58.52,2,Thu,44
20385,S003,70.64,2,Thu,54
20386,S004,92.69,5,Wed,50
20387,S001,83.73,5,Sun,31
20388,S004,56.7,5,Tue,34
20389,S004,85.19,10,Sun,54
20390,S004,66.35,4,Mon,28
20391,S004,69.2,1,Fri,42
20392,S003,78.22,4,Sat,66
20393,S003,75.87,4,Mon,44
20394,S002,89.45,3,Sat,65
20395,S001,27.59,3,Sun,35
20396,S001,72.69,6,Mon,51
20397,S001,70.11,1,Sun,60
20398,S004,40.87,6,Mon,49
20399,S001,29.99,3,Wed,18
20400,S003,94.25,3,Thu,48
20401,S003,56.59,6,Tue,50
20402,S004,86.11,4,Tue,52
20403,S001,104.87,3,Tue,23
20404,S001,57.92,4,Mon,54
20405,S004,83.24,4,Sun,28
20406,S003,83.4,6,Sun,61
20407,S002,96.67,2,Tue,32
20408,S003,90.39,5,Tue,61
20409,S004,93.12,7,Mon,60
20410,S003,39.11,4,Sun,31
20411,S003,41.13,3,Sun,29
20412,S004,96.6,5,Thu,59
20413,S003,133.3,6,Fri,35
20414,S001,62.45,4,Sat,40
20415,S002,53.59,2,Fri,59
20416,S004,53.07,12,Sun,33
20417,S003,100.39,1,Fri,48
20418,S003,73.66,4,Sun,32
20419,S003,84.37,3,Fri,46
20420,S004,70.44,5,Sat,20
20421,S003,41.06,5,Mon,18
20422,S003,72.41,3,Mon,64
20423,S002,102.82,12,Sat,61
20424,S001,57.33,6,Sat,41
20425,S004,64.26,3,Sat,34
20426,S003,19.36,7,Thu,38
20427,S004,95.1,11,Sat,37
20428,S004,75.58,4,Sat,41
20429,S004,77.14,3,Sat,21
20430,S001,78.08,8,Sun,66
20431,S003,83.63,4,Tue,40
20432,S004,73.94,6,Sat,55
20433,S001,70.56,5,Sun,60
20434,S004,49.15,2,Wed,20
20435,S004,115.93,8,Mon,63
20436,S004,88.44,3,Sat,40
20437,S001,45.71,9,Mon,50
20438,S004,64.68,5,Wed,63
20439,S001,92.41,7,Thu,56
20440,S003,60.2,5,Wed,65
20441,S003,110.04,9,Mon,19
20442,S004,89.79,8,Fri,31
20443,S003,97.15,8,Sat,47
20444,S003,56.01,4,Fri,46
20445,S001,69.06,4,Tue,37
20446,S003,39.41,9,Tue,50
20447,S002,67.67,3,Mon,30
20448,S004,82.55,8,Tue,47
20449,S002,67.72,5,Mon,19
20450,S001,95.76,6,Sat,69
20451,S003,93.54,5,Sat,59
20452,S003,94.82,2,Tue,41
20453,S004,84.24,6,Mon,64
20454,S001,39.29,5,Sat,50
20455,S004,97.15,5,Mon,34
20456,S002,65.89,4,Thu,22
20457,S001,71.21,5,Tue,67
20458,S003,89.69,1,Tue,26
20459,S001,71.83,3,Thu,44
20460,S004,77.51,7,Fri,46
20461,S004,66.21,6,Mon,64
20462,S002,110.8,8,Fri,68
20463,S002,83.58,7,Wed,64
20464,S002,52.14,5,Sat,57
20465,S003,77.71,9,Thu,27
20466,S003,80.41,6,Thu,31
20467,S001,16.94,7,Sat,60
20468,S002,80.27,5,Sat,64
20469,S001,70.39,4,Sat,18
20470,S002,103.82,7,Mon,31
20471,S003,90.8,2,Sun,36
20472,S002,89.2,7,Tue,54
20473,S001,71.66,3,Thu,50
20474,S004,51.73,6,Fri,48
20475,S001,91.63,7,Mon,66
20476,S002,64.55,8,Mon,64
20477,S003,62.95,3,Sun,33
20478,S002,54.15,8,Mon,27
20479,S003,53.06,1,Wed,27
20480,S003,76.5,5,Mon,69
20481,S003,74.88,3,Sun,18
20482,S002,85.72,4,Tue,49
20483,S001,68.01,4,Thu,30
20484,S002,78.89,4,Sun,39
20485,S001,53.8,6,Wed,56
20486,S001,68.89,1,Fri,65
20487,S004,90.83,8,Thu,21
20488,S003,62.01,13,Wed,66
20489,S001,78.12,7,Tue,43
20490,S002,76.36,7,Wed,52
20491,S002,78.77,7,Tue,61
20492,S004,74.32,4,Sun,60
20493,S003,73.17,2,Sat,22
20494,S004,140.63,7,Tue,21
20495,S001,89.94,8,Fri,29
20496,S001,59.58,9,Wed,23
20497,S001,61.69,2,Thu,28
20498,S002,88.23,3,Mon,35
20499,S003,91.8,3,Thu,45
20500,S002,78.35,7,Fri,54
20501,S003,79.52,9,Wed,54
20502,S004,86.29,7,Thu,48
20503,S002,56.02,8,Sun,59
20504,S001,66.76,13,Thu,46
20505,S004,91.18,4,Tue,26
20506,S002,121.98,2,Mon,40
20507,S001,75.12,4,Sun,44
20508,S003,77.56,4,Mon,34
20509,S002,84.66,10,Mon,35
20510,S003,71.03,4,Wed,28
20511,S004,102.52,3,Fri,35
20512,S004,94.12,6,Wed,57
20513,S004,68.45,2,Fri,69
20514,S003,36.53,7,Sun,62
20515,S003,74.45,1,Fri,59
20516,S002,99.13,4,Thu,52
20517,S001,85.08,4,Mon,54
20518,S001,116.1,7,Sat,32
20519,S003,54.97,1,Sat,33
20520,S001,50.19,3,Sun,22
20521,S001,42.65,7,Fri,62
20522,S004,38.79,4,Fri,41
20523,S001,29.83,7,Wed,42
20524,S002,104.82,7,Fri,59
20525,S003,85.15,7,Thu,57
20526,S004,78.16,4,Wed,32
20527,S004,69.26,10,Sun,21
20528,S002,80.96,7,Sun,43
20529,S004,79.77,14,Tue,49
20530,S003,57.99,1,Mon,20
20531,S001,89.24,4,Wed,52
20532,S004,80.26,10,Wed,26
20533,S003,66.47,9,Sun,56
20534,S004,49.8,5,Wed,44
20535,S002,77.2,3,Fri,41
20536,S004,59.08,8,Fri,49
20537,S001,76.77,7,Wed,24
20538,S002,66.93,9,Fri,60
20539,S001,80.11,3,Wed,57
20540,S003,59.69,5,Tue,25
20541,S003,100.48,4,Tue,38
20542,S002,56.96,2,Sat,52
20543,S002,96.32,2,Sat,61
20544,S001,79.76,12,Sat,18
20545,S001,101.86,7,Tue,66
20546,S003,56.32,2,Tue,20
20547,S003,86.64,4,Sat,35
20548,S003,87.41,1,Fri,32
20549,S003,85.55,4,Sun,36
20550,S004,48.28,5,Tue,61
20551,S004,54.68,6,Thu,44
20552,S004,67.16,7,Thu,31
20553,S001,68.56,5,Sat,51
20554,S001,76.95,8,Thu,27
20555,S003,60.8,3,Fri,38
20556,S001,31.34,1,Tue,20
20557,S003,70.01,8,Fri,58
20558,S001,85.46,5,Mon,28
20559,S004,87.81,6,Sun,37
20560,S003,17.66,8,Sun,46
20561,S003,75.2,8,Tue,68
20562,S001,76.25,6,Sat,47
20563,S004,85.82,2,Tue,58
20564,S004,57.93,4,Thu,51
20565,S003,53.77,8,Sun,37
20566,S002,118.73,6,Tue,52
20567,S001,90.77,7,Mon,64
20568,S002,108.99,7,Tue,26
20569,S002,92.97,7,Sat,67
20570,S004,49.13,2,Thu,24
20571,S004,48.6,8,Sat,21
20572,S003,68.46,5,Wed,34
20573,S001,63.3,5,Wed,59
20574,S003,98.41,3,Sat,18
20575,S003,68.76,8,Wed,61
20576,S004,58.73,4,Fri,38
20577,S003,119.64,6,Thu,23
20578,S004,73.69,3,Wed,32
20579,S004,49.41,6,Fri,48
20580,S004,89.24,9,Mon,46
20581,S001,88.66,4,Mon,35
20582,S004,55.3,6,Mon,31
20583,S003,79.82,6,Wed,43
20584,S001,103.72,6,Thu,43
20585,S003,92.59,4,Thu,41
20586,S003,72.98,4,Thu,40
20587,S004,67.97,5,Sat,68
20588,S002,48.38,3,Wed,64
20589,S001,75.8,6,Tue,57
20590,S002,24.2,7,Thu,36
20591,S001,85.48,2,Sun,42
20592,S001,52.36,8,Sun,68
20593,S004,78.47,5,Mon,30
20594,S004,122.0,5,Thu,44
20595,S002,54.58,6,Tue,57
20596,S001,56.97,5,Fri,28
20597,S001,100.69,4,Tue,29
20598,S001,78.9,6,Fri,61
20599,S002,80.84,6,Wed,52
20600,S003,56.62,2,Mon,58
20601,S004,102.84,4,Fri,55
20602,S001,82.86,7,Sat,58
20603,S003,70.46,3,Sat,28
20604,S004,74.56,8,Wed,45
20605,S003,85.12,6,Tue,39
20606,S001,60.12,4,Tue,61
20607,S001,67.69,6,Tue,46
20608,S003,61.09,6,Sat,34
20609,S003,88.24,5,Fri,47
20610,S002,72.68,4,Fri,55
20611,S002,95.85,4,Fri,66
20612,S001,66.96,2,Fri,59
20613,S001,82.99,3,Wed,49
20614,S004,97.56,1,Mon,68
20615,S002,77.65,5,Wed,59
20616,S002,76.65,5,Tue,40
20617,S001,77.95,3,Mon,19
20618,S003,90.05,6,Thu,25
20619,S002,102.84,4,Fri,65
20620,S003,93.65,3,Sun,36
20621,S002,70.67,10,Sun,52
20622,S004,33.63,12,Mon,54
20623,S002,67.15,3,Fri,22
20624,S002,69.44,8,Thu,51
20625,S003,75.2,4,Sat,57
20626,S003,87.72,6,Sat,61
20627,S002,46.37,7,Sun,49
20628,S003,51.18,2,Tue,51
20629,S003,29.97,8,Sun,36
20630,S004,78.49,8,Sun,42
20631,S004,95.45,2,Mon,31
20632,S003,108.34,2,Thu,30
20633,S001,85.5,4,Tue,19
20634,S003,71.37,4,Sun,27
20635,S001,111.43,5,Sat,34
20636,S001,46.19,3,Tue,23
20637,S004,55.16,7,Sat,22
20638,S004,64.38,5,Thu,41
20639,S001,80.84,8,Sun,46
20640,S001,42.37,6,Wed,46
20641,S001,82.02,1,Tue,31
20642,S003,56.38,3,Sun,53
20643,S003,98.95,3,Sat,56
20644,S002,41.41,1,Sat,42
20645,S002,58.76,2,Mon,56
20646,S004,58.17,5,Wed,41
20647,S004,124.25,4,Sun,24
20648,S002,81.02,9,Wed,21
20649,S004,46.49,3,Sun,37
20650,S004,87.63,5,Fri,51
20651,S003,120.19,4,Tue,59
20652,S004,88.23,9,Thu,19
20653,S003,94.5,5,Thu,38
20654,S003,58.12,3,Thu,44
20655,S003,62.47,3,Tue,28
20656,S004,95.43,6,Mon,22
20657,S001,111.87,6,Thu,33
20658,S002,59.33,3,Sun,18
20659,S002,63.21,4,Fri,35
20660,S001,94.99,3,Wed,30
20661,S003,40.3,6,Tue,32
20662,S002,86.17,6,Wed,29
20663,S001,55.81,5,Wed,56
20664,S002,97.01,6,Fri,21
20665,S004,80.39,3,Wed,29
20666,S002,54.49,3,Thu,69
20667,S004,60.39,2,Sat,52
20668,S003,67.58,5,Thu,31
20669,S003,95.0,9,Sat,33
20670,S003,110.64,8,Fri,49
20671,S003,80.01,6,Mon,64
20672,S001,72.58,5,Fri,34
20673,S001,90.98,8,Fri,33
20674,S001,83.81,6,Mon,28
20675,S003,19.32,2,Thu,36
20676,S002,81.58,9,Mon,27
20677,S002,51.63,5,Wed,47
20678,S001,60.15,3,Mon,56
20679,S003,41.56,2,Fri,47
20680,S001,30.42,6,Wed,45
20681,S003,43.21,8,Mon,64
20682,S003,31.47,6,Sat,34
20683,S003,87.93,6,Sat,52
20684,S003,70.23,4,Sun,31
20685,S003,49.37,4,Mon,22
20686,S002,106.45,5,Thu,22
20687,S004,73.27,2,Tue,49
20688,S002,82.11,4,Mon,60
20689,S003,43.89,6,Tue,51
20690,S002,120.03,2,Fri,55
20691,S002,73.42,6,Sat,26
20692,S002,55.25,4,Thu,59
20693,S002,64.98,5,Mon,36
20694,S001,86.24,3,Fri,47
20695,S002,48.85,3,Mon,34
20696,S003,61.05,9,Sun,35
20697,S001,70.23,2,Sun,51
20698,S004,57.35,3,Sun,47
20699,S003,68.0,3,Mon,59
20700,S004,91.08,2,Wed,32
20701,S004,80.4,3,Sat,38
20702,S001,104.32,2,Mon,27
20703,S004,91.28,6,Fri,48
20704,S004,87.11,9,Wed,68
20705,S001,89.88,5,Wed,19
20706,S004,55.01,5,Wed,51
20707,S004,81.8,5,Thu,44
20708,S004,129.63,4,Mon,62
20709,S001,53.38,3,Wed,20
20710,S003,77.65,5,Sun,31
20711,S001,81.41,7,Wed,53
20712,S001,61.98,9,Sat,57
20713,S004,81.92,7,Mon,52
20714,S002,59.34,5,Sun,35
20715,S004,55.24,4,Wed,58
20716,S002,82.55,9,Sat,25
20717,S003,92.55,5,Wed,46
20718,S002,39.24,6,Mon,20
20719,S004,80.93,6,Thu,30
20720,S003,56.93,3,Thu,36
20721,S004,110.73,1,Sun,31
20722,S004,94.57,5,Thu,59
20723,S003,69.09,6,Tue,32
20724,S001,87.96,4,Tue,46
20725,S001,76.01,4,Fri,65
20726,S001,85.16,2,Wed,22
20727,S004,48.01,7,Sat,18
20728,S003,79.04,3,Thu,28
20729,S004,46.15,10,Tue,49
20730,S003,51.38,3,Wed,29
20731,S001,95.77,2,Mon,20
20732,S004,94.72,4,Sun,26
20733,S004,111.15,4,Mon,50
20734,S002,33.85,6,Tue,63
20735,S001,62.33,6,Sat,25
20736,S004,70.92,4,Sat,28
20737,S002,56.9,1,Sat,40
20738,S002,48.05,5,Fri,43
20739,S001,70.62,9,Sun,23
20740,S001,63.02,7,Tue,20
20741,S001,56.61,5,Sun,66
20742,S001,90.65,7,Mon,56
20743,S001,61.74,7,Tue,32
20744,S004,74.91,2,Fri,37
20745,S003,83.03,5,Sat,39
20746,S001,85.6,2,Mon,49
20747,S002,62.39,4,Wed,67
20748,S003,78.8,4,Tue,21
20749,S004,77.34,5,Wed,24
20750,S001,87.53,3,Wed,56
20751,S001,79.17,2,Fri,22
20752,S001,68.13,5,Sat,44
20753,S004,73.36,2,Wed,68
20754,S004,80.74,5,Sat,60
20755,S002,112.02,4,Fri,65
20756,S002,66.76,6,Sat,65
20757,S004,67.61,8,Fri,57
20758,S002,58.16,5,Sun,53
20759,S001,95.73,4,Tue,33
20760,S002,43.62,6,Mon,56
20761,S002,101.38,6,Sat,19
20762,S002,46.52,3,Thu,62
20763,S003,72.15,3,Mon,38
20764,S003,78.9,8,Mon,30
20765,S003,74.0,9,Mon,51
20766,S004,55.06,11,Thu,34
20767,S003,86.33,5,Wed,32
20768,S002,59.53,6,Thu,39
20769,S003,117.43,2,Wed,19
20770,S004,95.39,6,Fri,26
20771,S004,70.0,4,Sat,22
20772,S001,24.4,4,Wed,65
20773,S004,71.28,4,Wed,34
20774,S003,63.88,5,Tue,31
20775,S002,32.97,5,Sat,67
20776,S002,43.91,8,Fri,25
20777,S004,35.39,5,Fri,45
20778,S004,67.77,6,Mon,55
20779,S004,96.73,5,Tue,69
20780,S002,62.24,5,Tue,30
20781,S001,71.57,2,Sun,69
20782,S002,104.18,2,Sun,66
20783,S003,71.06,0,Sun,37
20784,S004,81.91,9,Tue,34
20785,S004,49.93,6,Mon,29
20786,S001,65.4,2,Thu,46
20787,S003,64.0,7,Fri,51
20788,S002,61.96,6,Sun,43
20789,S002,76.49,3,Wed,58
20790,S004,47.02,2,Tue,61
20791,S003,106.62,9,Mon,58
20792,S001,94.89,3,Wed,43
20793,S004,91.45,3,Thu,37
20794,S002,56.74,4,Fri,67
20795,S002,88.31,2,Fri,42
20796,S003,83.82,5,Fri,29
20797,S004,53.27,2,Thu,24
20798,S002,107.71,8,Fri,48
20799,S003,71.34,7,Wed,45
20800,S001,115.46,4,Wed,28
20801,S004,93.26,4,Tue,60
20802,S002,59.56,6,Mon,62
20803,S003,86.27,3,Fri,33
20804,S001,93.41,6,Sun,41
20805,S003,87.54,4,Sat,53
20806,S001,74.77,4,Sun,68
20807,S003,77.66,6,Tue,23
20808,S001,60.8,3,Tue,38
20809,S003,90.38,1,Sun,53
20810,S003,51.4,2,Mon,32
20811,S002,69.33,5,Sun,21
20812,S002,83.23,5,Wed,40
20813,S003,85.66,6,Wed,31
20814,S001,60.57,3,Thu,18
20815,S004,44.16,4,Sat,48
20816,S002,36.15,7,Tue,62
20817,S001,41.44,4,Mon,40
20818,S004,74.65,3,Sun,40
20819,S002,64.58,8,Wed,66
20820,S001,121.14,3,Fri,47
20821,S001,83.2,6,Mon,45
20822,S004,67.23,8,Sat,22
20823,S004,46.46,8,Sun,30
20824,S004,66.05,0,Thu,61
20825,S003,76.25,5,Sat,43
20826,S002,61.18,4,Mon,57
20827,S002,107.52,6,Wed,21
20828,S002,48.5,11,Wed,30
20829,S001,55.59,6,Mon,27
20830,S001,57.64,6,Thu,48
20831,S002,36.81,4,Thu,19
20832,S003,89.6,4,Thu,22
20833,S003,76.54,3,Mon,30
20834,S004,50.08,1,Sat,65
20835,S003,81.03,5,Sat,64
20836,S003,81.31,6,Sat,52
20837,S004,74.65,7,Fri,37
20838,S004,65.15,8,Mon,33
20839,S004,92.53,3,Tue,47
20840,S001,39.05,5,Sun,26
20841,S004,48.13,3,Sun,38
20842,S003,71.46,7,Thu,62
20843,S003,79.02,9,Sat,67
20844,S003,74.78,7,Wed,34
20845,S001,79.15,3,Mon,21
20846,S001,74.97,3,Thu,18
20847,S001,101.44,4,Tue,56
20848,S004,72.11,6,Sat,40
20849,S003,106.2,8,Sun,40
20850,S003,86.73,4,Tue,69
20851,S002,53.66,4,Thu,26
20852,S001,93.86,2,Sun,38
20853,S004,26.96,6,Sat,35
20854,S001,41.07,6,Sat,31
20855,S002,67.96,4,Wed,21
20856,S002,61.54,5,Sat,32
20857,S004,66.0,4,Mon,57
20858,S004,72.27,4,Sat,19
20859,S003,119.85,2,Sat,46
20860,S001,62.01,3,Tue,35
20861,S004,61.09,10,Fri,61
20862,S003,80.38,6,Sun,36
20863,S003,76.51,6,Tue,39
20864,S001,70.04,5,Thu,69
20865,S002,84.1,4,Sat,28
20866,S001,42.99,1,Sun,45
20867,S001,134.91,3,Fri,52
20868,S001,97.51,6,Thu,53
20869,S003,78.0,6,Thu,60
20870,S001,78.84,3,Tue,30
20871,S001,63.46,7,Thu,34
20872,S001,79.42,5,Sat,23
20873,S004,69.95,5,Thu,60
20874,S002,49.53,4,Sun,49
20875,S004,31.04,7,Wed,51
20876,S003,72.37,8,Wed,25
20877,S003,87.22,0,Thu,69
20878,S002,66.36,8,Thu,64
20879,S002,21.37,4,Tue,30
20880,S001,71.18,5,Thu,41
20881,S001,93.95,2,Tue,44
20882,S002,55.34,6,Thu,28
20883,S004,51.62,7,Mon,46
20884,S001,81.24,5,Wed,28
20885,S001,77.99,5,Wed,31
20886,S001,73.56,4,Mon,43
20887,S004,77.06,4,Mon,23
20888,S004,108.16,1,Thu,50
20889,S001,65.39,5,Mon,69
20890,S003,84.67,1,Sat,32
20891,S002,77.61,7,Tue,19
20892,S002,91.85,6,Tue,24
20893,S003,65.25,3,Tue,69
20894,S002,103.28,10,Mon,40
20895,S004,114.03,4,Fri,65
20896,S003,44.58,7,Mon,32
20897,S001,78.61,5,Mon,21
20898,S003,95.17,8,Sun,21
20899,S002,78.39,4,Thu,20
20900,S003,62.23,7,Mon,65
20901,S001,81.3,2,Wed,55
20902,S001,79.27,4,Thu,28
20903,S002,77.55,4,Wed,38
20904,S002,69.61,5,Thu,65
20905,S003,66.65,6,Sat,26
20906,S004,64.38,4,Tue,33
20907,S001,49.27,6,Fri,54
20908,S003,83.05,1,Mon,39
20909,S004,61.74,0,Mon,38
20910,S002,57.2,4,Sat,33
20911,S003,75.35,4,Sun,58
20912,S002,48.28,3,Fri,55
20913,S003,45.52,8,Mon,32
20914,S002,99.2,3,Thu,21
20915,S004,57.59,2,Sun,51
20916,S001,52.39,7,Wed,32
20917,S004,125.76,7,Mon,43
20918,S004,47.48,8,Sun,19
20919,S002,57.0,2,Wed,64
20920,S003,76.62,6,Wed,67
20921,S001,55.41,10,Wed,68
20922,S004,35.4,3,Tue,30
20923,S002,48.34,2,Sun,25
20924,S003,74.47,4,Thu,58
20925,S003,87.26,6,Tue,51
20926,S002,89.62,7,Mon,58
20927,S002,65.58,2,Sat,66
20928,S001,111.37,8,Wed,44
20929,S002,95.26,7,Thu,55
20930,S002,69.65,8,Mon,29
20931,S002,81.2,2,Tue,25
20932,S004,68.22,7,Wed,65
20933,S003,102.81,2,Sat,47
20934,S001,72.74,6,Mon,25
20935,S001,72.74,2,Wed,52
20936,S003,60.07,4,Mon,27
20937,S002,81.96,3,Sat,59
20938,S003,77.62,7,Fri,41
20939,S003,57.26,4,Mon,64
20940,S002,51.89,5,Wed,27
20941,S003,58.8,5,Sun,47
20942,S002,93.8,9,Thu,34
20943,S003,88.48,6,Sat,56
20944,S001,86.1,9,Tue,32
20945,S003,122.77,5,Tue,19
20946,S003,76.28,3,Tue,33
20947,S004,68.99,3,Sun,64
20948,S003,110.86,5,Wed,48
20949,S002,87.7,5,Sun,33
20950,S001,76.95,3,Sat,55
20951,S004,114.59,4,Thu,56
20952,S002,94.27,3,Sat,27
20953,S003,99.13,6,Fri,32
20954,S003,128.25,6,Mon,49
20955,S003,15.5,3,Mon,62
20956,S002,70.71,3,Tue,46
20957,S002,92.79,11,Thu,24
20958,S003,24.75,4,Fri,51
20959,S003,51.13,4,Mon,34
20960,S003,87.22,6,Mon,62
20961,S003,85.88,7,Sun,32
20962,S001,93.39,6,Wed,25
20963,S002,74.71,4,Fri,30
20964,S003,71.55,6,Mon,20
20965,S001,91.06,7,Wed,21
20966,S004,72.53,10,Mon,64
20967,S001,92.78,8,Mon,59
20968,S004,64.64,8,Wed,25
20969,S001,88.74,6,Sat,35
20970,S001,101.5,5,Thu,65
20971,S002,120.24,7,Sat,56
20972,S002,55.18,2,Fri,31
20973,S002,99.53,1,Sat,61
20974,S003,59.36,4,Fri,45
20975,S003,126.07,5,Sun,34
20976,S002,75.5,6,Fri,36
20977,S002,61.16,6,Fri,24
20978,S003,84.0,5,Sun,27
20979,S004,91.5,6,Mon,35
20980,S002,44.12,8,Fri,36
20981,S002,96.17,3,Fri,62
20982,S004,94.37,1,Sat,19
20983,S002,75.44,2,Mon,29
20984,S002,62.81,4,Mon,40
20985,S003,80.39,1,Tue,52
20986,S001,88.3,5,Thu,50
20987,S004,53.07,3,Wed,34
20988,S001,60.57,8,Tue,63
20989,S001,98.19,4,Wed,59
20990,S001,95.67,9,Wed,24
20991,S003,51.98,6,Mon,19
20992,S004,87.4,3,Tue,47
20993,S003,96.47,10,Sat,53
20994,S002,21.11,5,Mon,56
20995,S004,96.82,9,Wed,52
20996,S003,66.53,3,Thu,29
20997,S001,85.93,6,Tue,43
20998,S004,82.27,7,Wed,49
20999,S001,45.63,4,Sat,56
21000,S004,80.32,3,Fri,49
21001,S001,83.37,4,Tue,33
21002,S004,69.62,3,Thu,55
21003,S002,60.16,4,Thu,60
21004,S002,83.38,3,Mon,66
21005,S003,73.49,6,Tue,52
21006,S001,56.96,5,Sat,23
21007,S002,109.77,5,Wed,46
21008,S003,53.61,5,Sun,47
21009,S004,100.82,6,Tue,53
21010,S003,56.58,3,Fri,30
21011,S001,63.82,9,Wed,29
21012,S003,105.24,4,Mon,59
21013,S002,60.97,6,Thu,33
21014,S002,105.45,5,Sat,61
21015,S002,95.25,7,Sat,27
21016,S001,65.26,5,Mon,51
21017,S001,21.54,5,Tue,68
21018,S002,65.45,7,Sat,62
21019,S003,82.74,3,Thu,25
21020,S003,77.98,4,Sat,22
21021,S001,99.77,1,Thu,65
21022,S004,78.98,2,Thu,22
21023,S004,89.91,1,Thu,50
21024,S001,100.57,4,Sun,53
21025,S003,77.95,4,Thu,42
21026,S004,79.15,2,Thu,28
21027,S001,66.85,6,Sat,67
21028,S001,63.43,6,Fri,66
21029,S003,8.81,2,Wed,68
21030,S001,61.32,8,Wed,31
21031,S002,58.01,3,Sat,22
21032,S004,53.65,6,Sun,41
21033,S001,96.03,5,Thu,24
21034,S001,82.28,7,Sun,31
21035,S003,75.49,3,Mon,51
21036,S002,74.36,2,Sun,22
21037,S003,74.41,6,Sun,45
21038,S001,84.23,3,Fri,31
21039,S002,113.87,6,Tue,23
21040,S003,108.25,1,Sat,46
21041,S001,92.5,7,Tue,63
21042,S001,115.5,8,Mon,57
21043,S003,43.46,6,Sat,64
21044,S002,108.95,1,Wed,65
21045,S002,90.88,3,Tue,44
21046,S001,72.05,3,Sun,43
21047,S002,66.49,6,Fri,51
21048,S001,56.42,6,Mon,27
21049,S002,71.47,5,Sat,28
21050,S001,56.02,2,Thu,35
21051,S001,54.46,4,Sun,39
21052,S004,81.91,6,Tue,54
21053,S004,72.46,5,Sun,26
21054,S001,57.82,2,Thu,27
21055,S001,75.44,2,Fri,60
21056,S004,84.16,2,Wed,54
21057,S001,57.2,6,Thu,62
21058,S003,88.4,3,Mon,46
21059,S004,98.22,5,Mon,23
21060,S004,106.15,5,Mon,62
21061,S002,73.24,3,Tue,33
21062,S003,72.6,5,Sun,55
21063,S002,86.78,5,Tue,38
21064,S001,68.82,7,Sun,38
21065,S002,56.84,2,Thu,68
21066,S003,72.02,2,Fri,65
21067,S001,40.79,5,Fri,37
21068,S003,59.48,6,Sun,52
21069,S003,65.02,5,Sun,34
21070,S002,116.27,2,Sat,34
21071,S003,50.58,7,Sun,38
21072,S004,79.17,3,Tue,54
21073,S003,38.66,7,Fri,25
21074,S001,78.75,3,Sat,39
21075,S004,91.61,2,Mon,68
21076,S003,78.18,7,Sun,22
21077,S001,77.69,4,Sat,60
21078,S003,85.16,3,Sun,46
21079,S002,81.37,7,Thu,68
21080,S004,76.5,8,Wed,33
21081,S004,97.47,8,Fri,33
21082,S002,97.33,7,Fri,59
21083,S004,44.84,7,Fri,69
21084,S001,37.91,5,Sat,45
21085,S002,84.89,3,Wed,22
21086,S003,68.74,1,Thu,25
21087,S003,58.48,5,Sun,38
21088,S002,51.46,3,Wed,31
21089,S002,129.15,4,Thu,52
21090,S003,57.8,8,Sat,22
21091,S002,71.11,8,Thu,38
21092,S003,82.46,5,Sun,51
21093,S002,106.29,2,Thu,47
21094,S003,77.45,8,Tue,32
21095,S004,69.89,7,Fri,51
21096,S004,26.46,7,Mon,25
21097,S001,49.47,8,Wed,62
21098,S002,78.73,4,Mon,39
21099,S003,93.68,9,Sat,55
21100,S001,118.83,8,Wed,38
21101,S001,95.96,8,Sat,42
21102,S002,85.62,2,Sat,46
21103,S003,66.11,3,Thu,22
21104,S004,75.21,6,Wed,43
21105,S003,65.14,3,Thu,28
21106,S003,57.82,6,Mon,32
21107,S004,82.27,2,Tue,35
21108,S004,78.64,9,Thu,43
21109,S001,104.14,7,Mon,35
21110,S003,87.51,9,Tue,69
21111,S003,73.47,7,Sat,43
21112,S003,89.73,4,Fri,30
21113,S004,83.15,5,Tue,51
21114,S001,81.32,7,Thu,43
21115,S002,100.35,5,Wed,38
21116,S002,105.52,6,Thu,42
21117,S001,72.08,8,Thu,20
21118,S001,62.66,6,Sat,25
21119,S002,90.61,3,Sat,51
21120,S003,51.21,7,Wed,38
21121,S003,41.08,8,Mon,34
21122,S002,96.23,6,Sat,69
21123,S003,89.58,4,Fri,40
21124,S001,74.92,6,Tue,20
21125,S003,70.61,4,Fri,61
21126,S002,50.87,3,Tue,42
21127,S003,63.15,3,Wed,32
21128,S001,84.98,10,Sun,19
21129,S002,87.7,4,Mon,51
21130,S003,80.0,6,Thu,26
21131,S004,59.47,6,Mon,39
21132,S003,77.41,4,Sun,34
21133,S002,73.29,4,Fri,21
21134,S003,15.8,6,Mon,40
21135,S003,73.81,5,Mon,18
21136,S002,75.21,10,Fri,48
21137,S003,61.09,7,Thu,19
21138,S001,87.54,4,Tue,34
21139,S001,92.7,6,Sat,54
21140,S001,53.07,7,Wed,35
21141,S004,67.92,5,Sun,41
21142,S003,69.41,3,Sun,66
21143,S004,61.67,6,Sat,30
21144,S004,108.16,3,Sat,57
21145,S003,94.79,5,Wed,69
21146,S001,88.88,2,Mon,48
21147,S002,74.49,6,Fri,35
21148,S001,32.66,5,Fri,45
21149,S004,91.91,7,Sun,53
21150,S001,76.6,5,Sun,27
21151,S002,74.11,1,Mon,41
21152,S003,48.13,8,Sun,23
21153,S004,67.74,2,Fri,54
21154,S001,89.31,5,Fri,18
21155,S004,112.61,5,Wed,48
21156,S001,85.28,6,Sun,46
21157,S004,101.42,4,Wed,46
21158,S001,43.26,5,Thu,40
21159,S001,76.26,8,Sun,42
21160,S002,95.81,5,Sat,67
21161,S004,51.48,4,Sat,49
21162,S001,89.53,6,Fri,47
21163,S001,86.71,4,Mon,39
21164,S004,65.18,6,Sat,19
21165,S002,28.16,3,Sun,60
21166,S004,79.72,9,Sat,40
21167,S002,74.63,5,Fri,51
21168,S002,69.97,9,Tue,49
21169,S004,64.7,6,Wed,20
21170,S002,55.85,8,Mon,49
21171,S003,97.95,4,Tue,21
21172,S003,68.67,5,Fri,35
21173,S003,62.61,2,Sat,52
21174,S001,93.76,4,Fri,49
21175,S002,88.23,5,Sun,61
21176,S001,32.41,2,Tue,41
21177,S002,57.66,2,Mon,38
21178,S003,111.19,4,Wed,22
21179,S003,100.55,6,Wed,19
21180,S004,89.61,9,Sun,43
21181,S002,93.16,2,Wed,18
21182,S002,83.82,8,Thu,22
21183,S002,78.97,6,Fri,45
21184,S001,61.56,4,Sat,24
21185,S003,64.04,1,Thu,41
21186,S002,78.01,2,Wed,65
21187,S002,85.66,5,Sat,33
21188,S001,63.91,6,Sun,41
21189,S001,70.3,6,Sat,36
21190,S003,81.13,6,Wed,44
21191,S004,79.63,5,Fri,27
21192,S003,70.71,4,Wed,41
21193,S001,35.99,9,Tue,20
21194,S001,82.3,7,Wed,53
21195,S002,55.76,8,Sun,56
21196,S001,64.9,6,Sat,55
21197,S004,98.45,6,Wed,38
21198,S002,70.75,8,Fri,37
21199,S004,73.46,11,Fri,55
21200,S001,43.65,5,Tue,52
21201,S001,78.87,7,Mon,38
21202,S001,93.42,1,Sat,22
21203,S001,60.74,4,Fri,51
21204,S003,38.98,5,Fri,58
21205,S003,82.7,9,Wed,60
21206,S004,93.33,6,Thu,49
21207,S003,43.11,4,Fri,27
21208,S001,84.66,3,Sun,47
21209,S003,100.48,7,Mon,57
21210,S001,81.94,5,Tue,41
21211,S003,89.39,4,Thu,21
21212,S003,50.31,3,Fri,49
21213,S003,63.58,3,Tue,25
21214,S002,82.97,4,Tue,62
21215,S004,107.25,3,Sun,24
21216,S001,91.57,3,Fri,44
21217,S001,66.29,10,Wed,56
21218,S003,63.97,5,Wed,44
21219,S004,112.66,6,Fri,35
21220,S002,104.99,3,Tue,28
21221,S001,65.67,4,Thu,36
21222,S001,62.12,7,Fri,56
21223,S003,71.03,5,Tue,24
21224,S003,109.67,5,Thu,21
21225,S004,90.66,6,Sat,35
21226,S002,84.04,3,Thu,29
21227,S002,53.96,1,Thu,30
21228,S004,87.24,7,Sun,67
21229,S004,125.07,5,Wed,55
21230,S001,69.91,9,Fri,54
21231,S003,74.96,9,Sat,66
21232,S002,68.74,6,Thu,50
21233,S003,70.12,4,Sat,38
21234,S004,131.69,1,Wed,22
21235,S002,52.8,5,Thu,20
21236,S003,38.49,7,Thu,52
21237,S004,69.3,5,Thu,40
21238,S003,87.04,6,Sat,61
21239,S001,73.41,6,Tue,38
21240,S003,117.66,10,Wed,33
21241,S004,50.88,3,Mon,39
21242,S002,54.22,5,Mon,49
21243,S002,113.05,3,Sun,60
21244,S002,105.32,7,Mon,59
21245,S004,80.03,4,Mon,60
21246,S004,60.47,9,Sun,56
21247,S003,87.51,3,Sat,41
21248,S001,80.13,3,Tue,66
21249,S004,82.04,2,Wed,61
21250,S001,80.65,3,Sun,48
21251,S001,89.06,5,Sun,46
21252,S002,51.87,6,Thu,65
21253,S001,139.98,7,Tue,47
21254,S003,89.0,4,Fri,46
21255,S003,81.87,3,Thu,30
21256,S001,75.95,3,Wed,38
21257,S004,75.48,5,Thu,55
21258,S002,95.15,6,Wed,66
21259,S001,96.11,10,Sat,32
21260,S004,63.84,6,Sat,60
21261,S003,103.21,6,Sat,37
21262,S004,58.06,7,Wed,38
21263,S004,68.69,9,Wed,21
21264,S003,82.37,6,Mon,53
21265,S003,82.21,3,Sun,59
21266,S001,83.13,2,Thu,69
21267,S001,61.17,4,Thu,44
21268,S003,70.13,4,Tue,67
21269,S001,77.58,4,Tue,56
21270,S001,108.16,3,Wed,43
21271,S001,101.28,5,Mon,51
21272,S002,104.64,4,Fri,43
21273,S002,34.19,4,Mon,59
21274,S001,87.12,5,Sun,24
21275,S003,53.33,7,Thu,56
21276,S004,45.83,6,Wed,27
21277,S001,67.54,1,Sat,19
21278,S002,38.86,1,Sun,46
21279,S002,82.7,5,Mon,64
21280,S001,85.87,7,Sun,58
21281,S002,67.39,5,Thu,42
21282,S001,92.74,6,Mon,44
21283,S004,103.68,3,Fri,38
21284,S002,81.03,2,Mon,24
21285,S002,82.17,2,Sun,41
21286,S001,50.23,5,Tue,32
21287,S004,57.18,6,Fri,23
21288,S003,76.72,5,Wed,61
21289,S002,98.89,0,Mon,23
21290,S001,62.26,7,Sat,34
21291,S002,61.75,7,Wed,34
21292,S003,70.88,6,Sun,29
21293,S002,64.41,2,Sat,31
21294,S002,44.46,8,Sat,32
21295,S002,81.51,6,Wed,34
21296,S004,73.18,4,Wed,43
21297,S001,60.43,5,Sun,55
21298,S002,101.09,3,Mon,68
21299,S002,73.34,3,Sat,24
21300,S003,71.2,3,Fri,58
21301,S001,54.62,4,Sat,63
21302,S002,94.05,6,Tue,35
21303,S003,106.07,5,Wed,69
21304,S004,77.16,10,Wed,24
21305,S004,89.43,7,Sat,45
21306,S001,78.99,6,Fri,28
21307,S003,45.86,4,Tue,38
21308,S004,41.44,5,Wed,24
21309,S002,82.79,5,Sun,64
21310,S001,81.61,6,Fri,55
21311,S002,96.28,3,Thu,51
21312,S003,109.26,6,Fri,60
21313,S003,92.15,6,Sun,19
21314,S003,42.33,2,Thu,24
21315,S001,65.14,2,Wed,24
21316,S001,89.17,5,Sun,39
21317,S004,61.7,2,Sat,33
21318,S003,59.92,3,Fri,28
21319,S004,82.41,4,Fri,55
21320,S004,106.9,8,Sat,56
21321,S002,56.18,8,Mon,62
21322,S002,91.79,11,Sun,47
21323,S002,73.63,3,Mon,51
21324,S001,77.21,4,Sat,62
21325,S001,71.18,5,Wed,30
21326,S003,67.33,7,Wed,43
21327,S003,77.07,5,Mon,62
21328,S003,84.61,6,Sat,63
21329,S001,98.58,2,Sun,32
21330,S002,67.3,6,Sun,66
21331,S003,43.45,6,Mon,33
21332,S002,77.84,3,Tue,22
21333,S004,79.22,7,Sat,63
21334,S002,96.49,7,Thu,45
21335,S003,72.67,5,Sun,49
21336,S002,69.02,5,Wed,60
21337,S004,71.57,10,Thu,38
21338,S004,71.52,7,Tue,58
21339,S001,63.55,2,Fri,48
21340,S002,51.14,7,Tue,63
21341,S002,54.52,8,Mon,37
21342,S003,102.82,4,Sun,61
21343,S002,63.16,3,Mon,50
21344,S004,48.92,8,Sun,65
21345,S004,66.96,3,Tue,36
21346,S004,83.77,1,Sun,42
21347,S003,66.34,8,Tue,65
21348,S003,112.77,7,Sun,69
21349,S004,97.84,5,Thu,52
21350,S004,62.32,4,Fri,56
21351,S002,66.16,7,Fri,51
21352,S003,82.44,3,Sat,37
21353,S003,80.4,3,Sun,50
21354,S004,101.52,4,Thu,23
21355,S001,63.85,5,Tue,20
21356,S001,73.52,11,Tue,61
21357,S001,82.54,6,Sat,33
21358,S003,83.47,4,Thu,58
21359,S003,63.98,4,Wed,38
21360,S004,97.3,4,Sun,27
21361,S003,121.68,9,Mon,46
21362,S001,83.24,9,Tue,44
21363,S001,63.94,8,Tue,60
21364,S002,81.23,7,Thu,68
21365,S004,75.58,5,Tue,68
21366,S002,106.55,6,Tue,62
21367,S002,50.46,12,Wed,28
21368,S001,84.25,4,Mon,26
21369,S001,95.86,5,Sat,50
21370,S002,69.34,5,Sun,30
21371,S003,61.5,6,Mon,37
21372,S002,73.18,4,Thu,30
21373,S001,73.36,2,Mon,55
21374,S001,59.07,5,Wed,34
21375,S002,97.87,4,Sat,51
21376,S003,63.32,5,Fri,43
21377,S002,60.31,1,Sat,31
21378,S001,91.26,7,Thu,46
21379,S003,35.52,7,Sun,19
21380,S002,96.31,4,Thu,55
21381,S004,72.24,4,Wed,61
21382,S004,65.33,5,Mon,23
21383,S002,44.94,4,Sat,18
21384,S003,75.93,5,Mon,54
21385,S004,36.55,6,Sun,65
21386,S001,61.12,5,Sat,44
21387,S002,74.11,4,Tue,22
21388,S003,16.04,7,Sat,48
21389,S004,48.5,9,Sat,50
21390,S003,59.11,4,Wed,27
21391,S002,77.41,3,Sun,54
21392,S003,38.64,2,Sat,22
21393,S004,58.18,5,Fri,18
21394,S001,75.35,5,Tue,49
21395,S001,90.31,4,Thu,66
21396,S002,52.52,5,Fri,55
21397,S003,96.27,6,Fri,68
21398,S002,106.46,4,Mon,35
21399,S003,70.99,2,Tue,20
21400,S004,67.74,10,Fri,33
21401,S003,52.84,1,Thu,56
21402,S002,82.47,3,Tue,68
21403,S002,76.3,3,Sat,57
21404,S002,95.31,9,Tue,59
21405,S002,85.62,3,Sun,50
21406,S001,91.83,8,Thu,54
21407,S002,58.65,7,Tue,45
21408,S003,50.5,5,Sun,22
21409,S002,72.07,5,Fri,24
21410,S001,58.79,7,Sat,47
21411,S001,100.52,6,Sun,32
21412,S003,92.64,5,Mon,60
21413,S002,91.81,10,Fri,46
21414,S003,109.47,4,Fri,49
21415,S003,70.55,8,Sun,20
21416,S002,65.74,10,Tue,55
21417,S003,34.98,8,Sat,36
21418,S003,48.84,7,Sat,48
21419,S004,82.46,5,Fri,48
21420,S002,80.36,2,Sat,63
21421,S003,94.71,5,Thu,63
21422,S001,30.43,5,Thu,39
21423,S001,38.19,8,Thu,46
21424,S004,58.65,8,Mon,46
21425,S003,72.8,4,Sun,24
21426,S003,70.02,4,Thu,55
21427,S003,76.7,5,Mon,21
21428,S003,39.93,2,Sat,23
21429,S002,74.39,5,Fri,26
21430,S004,75.99,7,Wed,69
21431,S001,40.03,8,Mon,30
21432,S003,95.45,4,Mon,54
21433,S001,94.88,5,Thu,37
21434,S001,91.74,9,Wed,29
21435,S001,83.9,6,Sun,31
21436,S001,56.8,5,Sun,47
21437,S002,78.06,5,Wed,39
21438,S003,112.25,2,Sun,55
21439,S004,80.62,8,Wed,33
21440,S002,66.4,4,Tue,41
21441,S001,100.24,8,Fri,61
21442,S004,84.82,3,Tue,68
21443,S001,69.08,3,Fri,36
21444,S001,68.0,3,Thu,61
21445,S003,94.53,2,Sun,42
21446,S001,62.85,2,Wed,61
21447,S002,67.41,2,Sun,39
21448,S001,70.54,6,Wed,22
21449,S002,89.78,3,Tue,42
21450,S002,47.2,5,Tue,24
21451,S004,113.66,6,Sat,58
21452,S002,55.22,2,Tue,61
21453,S004,42.06,3,Sun,40
21454,S003,101.58,6,Fri,53
21455,S001,66.94,5,Sat,28
21456,S001,62.71,3,Tue,69
21457,S004,91.18,5,Sun,53
21458,S002,80.9,10,Thu,27
21459,S004,84.31,5,Sat,38
21460,S003,84.12,2,Wed,20
21461,S003,52.35,2,Sun,64
21462,S002,92.89,2,Fri,29
21463,S003,83.49,4,Sun,20
21464,S003,60.53,5,Mon,35
21465,S004,77.79,8,Tue,52
21466,S002,63.04,7,Sun,67
21467,S001,74.29,1,Tue,44
21468,S004,94.4,4,Fri,23
21469,S001,87.0,5,Wed,53
21470,S004,97.81,6,Wed,40
21471,S002,67.37,6,Sat,24
21472,S003,56.87,4,Wed,63
21473,S004,65.46,3,Mon,28
21474,S003,69.1,5,Wed,26
21475,S004,89.15,5,Thu,46
21476,S002,55.46,6,Wed,26
21477,S003,64.04,5,Wed,58
21478,S001,67.59,4,Sat,29
21479,S002,69.53,3,Sun,29
21480,S001,100.64,6,Thu,26
21481,S002,92.38,3,Tue,37
21482,S002,70.66,6,Mon,48
21483,S002,54.97,6,Fri,61
21484,S003,82.93,2,Thu,62
21485,S001,48.04,5,Sun,29
21486,S002,48.46,5,Sat,26
21487,S004,67.83,7,Wed,58
21488,S003,78.78,5,Sat,37
21489,S002,82.67,2,Sat,40
21490,S001,67.27,9,Mon,29
21491,S001,71.98,6,Mon,54
21492,S003,92.25,11,Tue,53
21493,S001,64.41,4,Mon,46
21494,S003,94.36,2,Thu,64
21495,S001,86.99,4,Mon,38
21496,S004,92.24,4,Fri,56
21497,S004,40.45,2,Thu,43
21498,S001,93.71,6,Thu,68
21499,S002,91.28,5,Fri,62
21500,S003,58.28,8,Thu,28
21501,S004,71.93,11,Thu,57
21502,S001,76.87,4,Sun,62
21503,S001,25.45,2,Mon,48
21504,S004,35.44,3,Mon,46
21505,S004,79.01,5,Mon,64
21506,S001,91.09,3,Tue,62
21507,S004,109.53,2,Thu,31
21508,S002,51.35,2,Fri,67
21509,S003,95.01,7,Wed,21
21510,S003,80.1,6,Sat,25
21511,S001,64.21,4,Tue,37
21512,S002,47.19,6,Mon,24
21513,S001,98.2,4,Mon,49
21514,S003,51.12,4,Thu,46
21515,S003,74.52,4,Sun,41
21516,S002,96.61,4,Wed,29
21517,S001,62.15,7,Wed,56
21518,S004,39.99,2,Wed,19
21519,S001,73.93,6,Sat,49
21520,S003,95.03,4,Wed,24
21521,S004,82.68,5,Wed,32
21522,S002,55.41,7,Wed,54
21523,S001,75.61,4,Fri,50
21524,S004,64.35,5,Thu,64
21525,S001,68.2,2,Wed,47
21526,S002,52.57,4,Sun,64
21527,S004,75.57,10,Sun,35
21528,S001,84.91,8,Sat,21
21529,S004,70.47,7,Mon,48
21530,S004,47.97,3,Wed,33
21531,S004,83.37,3,Tue,58
21532,S004,78.44,5,Wed,63
21533,S003,90.92,6,Wed,33
21534,S002,77.53,2,Sat,53
21535,S004,80.42,7,Fri,27
21536,S002,70.73,4,Mon,63
21537,S004,60.92,5,Wed,40
21538,S001,79.38,3,Tue,42
21539,S003,64.27,4,Mon,47
21540,S004,77.17,4,Tue,30
21541,S002,69.8,7,Thu,44
21542,S004,50.45,5,Sun,30
21543,S002,88.88,3,Tue,46
21544,S002,44.4,3,Thu,51
21545,S001,84.9,7,Mon,50
21546,S002,76.58,11,Mon,28
21547,S001,101.6,3,Sun,66
21548,S001,55.55,7,Tue,55
21549,S002,109.9,0,Mon,62
21550,S001,89.27,8,Fri,55
21551,S002,84.22,8,Sat,66
21552,S004,67.8,5,Sat,57
21553,S004,71.95,4,Wed,50
21554,S003,109.1,11,Tue,69
21555,S003,105.93,6,Thu,42
21556,S002,71.16,5,Fri,44
21557,S001,69.31,8,Tue,46
21558,S003,87.62,9,Fri,50
21559,S004,115.01,7,Thu,32
21560,S004,84.72,5,Wed,49
21561,S003,92.66,9,Thu,42
21562,S003,71.69,3,Fri,65
21563,S003,50.39,5,Fri,28
21564,S004,63.86,8,Thu,26
21565,S003,58.14,4,Mon,48
21566,S001,74.07,5,Fri,66
21567,S001,70.77,5,Sun,65
21568,S003,72.33,4,Sun,31
21569,S004,48.58,5,Wed,66
21570,S003,62.99,5,Wed,65
21571,S003,66.75,5,Sun,31
21572,S003,76.51,6,Sun,41
21573,S004,89.2,4,Fri,64
21574,S001,59.8,3,Fri,56
21575,S004,62.49,7,Fri,59
21576,S002,66.6,4,Wed,49
21577,S002,73.35,10,Fri,22
21578,S002,53.67,4,Tue,21
21579,S003,107.93,5,Mon,65
21580,S001,52.58,4,Sun,55
21581,S002,59.16,4,Thu,39
21582,S001,77.26,6,Fri,56
21583,S002,75.12,5,Thu,33
21584,S002,65.55,3,Mon,29
21585,S001,69.41,4,Fri,25
21586,S002,86.52,5,Tue,47
21587,S003,94.47,5,Fri,19
21588,S001,80.58,5,Fri,42
21589,S001,63.54,5,Thu,69
21590,S003,65.34,2,Wed,39
21591,S003,70.02,4,Fri,25
21592,S003,35.95,4,Tue,22
21593,S001,62.05,5,Thu,27
21594,S003,69.74,11,Sat,37
21595,S002,59.53,3,Wed,30
21596,S003,91.79,6,Tue,56
21597,S001,125.75,6,Fri,65
21598,S002,68.27,8,Mon,40
21599,S001,86.69,3,Mon,25
21600,S001,96.2,4,Mon,60
21601,S004,51.75,8,Wed,48
21602,S002,75.81,9,Sat,53
21603,S003,56.21,4,Wed,52
21604,S002,70.03,9,Thu,29
21605,S001,76.09,7,Sat,40
21606,S003,55.28,5,Thu,24
21607,S001,124.44,7,Thu,53
21608,S001,115.98,9,Sun,35
21609,S002,50.87,7,Sat,46
21610,S003,73.24,3,Mon,58
21611,S004,93.83,5,Thu,32
21612,S003,93.65,2,Wed,43
21613,S002,34.17,9,Fri,49
21614,S004,79.37,6,Fri,23
21615,S002,36.86,5,Mon,26
21616,S003,98.4,2,Mon,37
21617,S003,85.05,6,Mon,52
21618,S001,111.15,3,Thu,35
21619,S001,44.32,5,Sat,21
21620,S002,70.0,11,Sun,63
21621,S001,65.25,6,Wed,33
21622,S004,61.9,4,Thu,27
21623,S001,91.69,7,Wed,63
21624,S003,82.2,3,Sat,50
21625,S003,65.63,3,Sat,38
21626,S001,100.7,4,Wed,40
21627,S004,119.57,3,Wed,64
21628,S003,54.68,6,Tue,41
21629,S001,73.98,4,Mon,39
21630,S002,90.09,5,Sat,23
21631,S001,104.73,5,Wed,27
21632,S002,56.31,4,Mon,45
21633,S001,90.38,6,Sat,39
21634,S002,28.42,4,Wed,45
21635,S001,80.1,12,Sun,37
21636,S001,80.02,6,Mon,52
21637,S003,56.03,5,Tue,57
21638,S004,79.18,9,Mon,39
21639,S003,56.93,6,Tue,54
21640,S001,103.54,5,Wed,57
21641,S002,53.54,5,Wed,23
21642,S003,109.15,1,Fri,57
21643,S003,99.55,1,Tue,48
21644,S003,79.39,1,Sat,56
21645,S002,64.53,6,Thu,55
21646,S003,71.05,3,Tue,18
21647,S003,70.78,6,Thu,20
21648,S004,63.87,5,Sun,56
21649,S002,61.01,5,Thu,41
21650,S001,64.36,4,Wed,29
21651,S004,81.43,5,Thu,38
21652,S002,98.26,6,Fri,49
21653,S001,62.46,4,Wed,44
21654,S001,81.59,3,Wed,18
21655,S002,95.95,3,Sat,57
21656,S001,83.73,8,Sun,50
21657,S003,47.61,7,Mon,27
21658,S004,69.05,7,Sat,61
21659,S003,75.8,4,Thu,65
21660,S004,90.1,8,Mon,52
21661,S003,85.72,3,Sat,38
21662,S002,83.45,3,Wed,19
21663,S001,73.61,6,Tue,20
21664,S001,78.56,0,Mon,38
21665,S002,46.42,6,Sun,33
21666,S003,65.16,6,Mon,44
21667,S002,61.73,3,Sun,40
21668,S003,62.44,2,Tue,69
21669,S003,96.98,5,Sun,49
21670,S002,49.2,2,Fri,18
21671,S004,85.7,6,Mon,46
21672,S004,43.71,4,Wed,26
21673,S002,62.81,3,Tue,19
21674,S002,113.33,4,Sun,42
21675,S004,108.72,4,Fri,42
21676,S001,99.17,6,Fri,44
21677,S001,63.12,7,Fri,20
21678,S004,80.02,3,Fri,63
21679,S003,106.64,5,Sat,20
21680,S002,73.16,8,Thu,55
21681,S004,84.59,7,Tue,45
21682,S001,84.22,2,Thu,64
21683,S002,83.35,5,Tue,69
21684,S004,59.2,3,Sat,41
21685,S001,102.06,4,Sat,43
21686,S001,123.69,11,Tue,58
21687,S001,69.96,1,Thu,50
21688,S004,65.29,6,Sat,57
21689,S004,55.73,3,Wed,46
21690,S002,54.49,4,Sun,46
21691,S004,59.71,5,Tue,43
21692,S004,128.82,5,Sun,39
21693,S003,68.94,3,Tue,44
21694,S003,71.12,7,Thu,59
21695,S002,61.35,2,Tue,52
21696,S001,84.73,3,Wed,62
21697,S001,51.5,6,Sat,63
21698,S002,93.1,8,Mon,54
21699,S004,127.46,5,Fri,46
21700,S002,77.56,4,Sat,52
21701,S004,94.12,5,Sun,39
21702,S002,96.44,6,Thu,23
21703,S002,90.43,8,Tue,18
21704,S003,38.75,7,Tue,54
21705,S001,33.54,6,Sat,22
21706,S002,80.17,5,Sun,54
21707,S003,87.88,6,Sat,57
21708,S002,103.44,3,Wed,62
21709,S001,85.67,4,Fri,46
21710,S002,84.83,6,Fri,67
21711,S001,51.58,6,Fri,20
21712,S004,99.35,5,Tue,56
21713,S003,87.46,4,Sat,59
21714,S004,105.17,6,Mon,38
21715,S003,125.75,4,Sun,40
21716,S002,53.29,3,Sun,60
21717,S003,52.23,6,Sat,45
21718,S003,83.41,4,Sat,53
21719,S001,50.67,5,Thu,29
21720,S001,105.82,5,Tue,30
21721,S002,39.3,5,Wed,54
21722,S001,80.76,10,Wed,19
21723,S004,39.35,6,Sat,60
21724,S003,61.69,3,Thu,63
21725,S002,79.51,4,Fri,63
21726,S004,70.91,4,Tue,43
21727,S002,88.77,4,Sun,46
21728,S001,84.94,5,Thu,44
21729,S002,83.51,6,Mon,37
21730,S002,69.28,4,Tue,64
21731,S004,72.11,3,Thu,32
21732,S002,91.27,9,Sat,36
21733,S002,51.34,6,Tue,57
21734,S003,110.04,4,Sat,56
21735,S001,122.0,7,Sun,27
21736,S003,78.29,5,Fri,66
21737,S001,98.03,4,Sat,21
21738,S003,59.94,9,Sat,60
21739,S004,98.04,5,Thu,41
21740,S001,31.17,8,Fri,18
21741,S004,94.68,6,Tue,27
21742,S002,90.98,2,Sun,55
21743,S001,99.84,8,Fri,37
21744,S003,68.59,5,Thu,67
21745,S003,74.79,7,Thu,26
21746,S004,77.63,8,Wed,62
21747,S003,63.53,8,Mon,29
21748,S004,87.3,3,Tue,50
21749,S002,47.36,8,Sat,63
21750,S003,67.94,2,Sat,38
21751,S001,63.72,2,Fri,38
21752,S004,51.88,2,Tue,61
21753,S002,91.1,8,Thu,18
21754,S002,67.39,9,Sat,45
21755,S003,60.78,4,Thu,36
21756,S004,42.23,4,Thu,65
21757,S002,48.87,4,Sat,59
21758,S001,91.11,6,Mon,23
21759,S003,55.46,3,Sat,21
21760,S003,104.53,5,Tue,31
21761,S004,64.66,5,Sun,55
21762,S002,81.29,2,Sun,47
21763,S004,52.03,5,Sun,56
21764,S001,90.33,5,Mon,62
21765,S004,75.15,4,Sun,48
21766,S003,75.42,3,Mon,27
21767,S002,86.64,9,Tue,65
21768,S002,73.41,3,Wed,27
21769,S002,44.07,3,Sat,38
21770,S004,77.66,4,Sun,64
21771,S002,94.06,7,Sun,55
21772,S003,87.54,4,Sat,40
21773,S002,69.08,6,Mon,59
21774,S004,83.64,3,Thu,63
21775,S004,63.9,5,Thu,46
21776,S004,93.55,9,Mon,44
21777,S001,98.95,5,Wed,31
21778,S004,100.82,9,Thu,65
21779,S004,45.16,8,Sat,38
21780,S003,76.45,7,Wed,38
21781,S003,85.77,5,Thu,51
21782,S002,70.78,4,Wed,61
21783,S004,46.38,3,Sat,43
21784,S003,78.82,3,Sat,22
21785,S003,69.04,3,Wed,24
21786,S001,72.89,1,Wed,62
21787,S001,84.09,6,Mon,54
21788,S002,71.85,5,Thu,34
21789,S003,22.61,6,Sun,31
21790,S004,81.6,5,Thu,53
21791,S002,60.8,4,Wed,20
21792,S003,64.42,5,Sun,49
21793,S004,88.93,3,Fri,36
21794,S004,95.03,3,Wed,54
21795,S002,82.43,5,Fri,58
21796,S001,73.92,4,Thu,49
21797,S004,85.55,10,Tue,39
21798,S001,94.16,2,Sat,53
21799,S004,68.84,9,Sun,42
21800,S002,86.24,3,Tue,25
21801,S003,97.13,5,Sat,39
21802,S002,72.13,8,Mon,62
21803,S002,50.52,3,Fri,33
21804,S004,62.09,6,Thu,54
21805,S002,74.11,5,Fri,24
21806,S001,122.65,5,Wed,51
21807,S002,67.71,9,Fri,54
21808,S003,58.07,4,Thu,38
21809,S001,98.7,2,Tue,37
21810,S004,35.75,4,Mon,50
21811,S002,70.24,5,Tue,59
21812,S004,68.78,2,Fri,50
21813,S002,89.36,4,Sun,34
21814,S004,69.22,5,Thu,66
21815,S004,53.18,4,Fri,33
21816,S004,82.07,3,Tue,58
21817,S001,56.24,5,Thu,25
21818,S002,86.38,7,Sat,34
21819,S001,67.75,6,Tue,65
21820,S001,77.58,6,Wed,41
21821,S004,48.75,4,Sat,46
21822,S002,66.67,5,Mon,69
21823,S003,57.82,4,Tue,48
21824,S004,74.32,7,Mon,24
21825,S002,54.87,6,Wed,24
21826,S003,77.87,5,Mon,69
21827,S003,49.56,1,Sat,66
21828,S001,84.34,3,Thu,55
21829,S003,68.89,6,Sun,46
21830,S001,73.05,7,Thu,68
21831,S002,79.47,8,Mon,22
21832,S003,74.06,4,Sun,47
21833,S001,95.94,3,Mon,31
21834,S004,48.95,4,Wed,31
21835,S004,57.61,6,Tue,33
21836,S003,72.44,3,Sat,43
21837,S002,92.12,5,Mon,47
21838,S004,91.49,3,Mon,54
21839,S004,112.85,6,Thu,43
21840,S001,117.41,7,Sat,42
21841,S004,68.31,2,Fri,39
21842,S001,90.08,5,Tue,26
21843,S002,72.12,8,Thu,19
21844,S002,60.04,5,Fri,39
21845,S001,83.84,6,Fri,63
21846,S002,75.98,3,Thu,45
21847,S001,82.72,7,Sat,21
21848,S004,87.99,7,Tue,56
21849,S002,56.21,4,Tue,58
21850,S002,29.55,3,Mon,44
21851,S002,85.51,6,Sat,37
21852,S003,47.55,7,Tue,46
21853,S002,89.13,6,Sun,36
21854,S003,92.88,8,Sun,26
21855,S003,96.94,10,Fri,19
21856,S003,50.66,4,Mon,42
21857,S002,104.45,4,Sat,20
21858,S004,100.39,8,Tue,19
21859,S003,89.62,2,Mon,42
21860,S001,46.5,5,Sat,57
21861,S001,66.43,4,Mon,47
21862,S002,49.2,6,Sat,40
21863,S004,114.34,3,Tue,24
21864,S003,88.38,6,Wed,43
21865,S001,43.85,3,Thu,33
21866,S004,84.05,4,Thu,57
21867,S001,58.51,7,Tue,54
21868,S002,66.09,10,Fri,66
21869,S003,101.44,7,Mon,19
21870,S001,69.21,6,Wed,39
21871,S002,79.58,3,Sun,24
21872,S004,54.04,2,Sun,46
21873,S002,84.52,12,Thu,58
21874,S001,69.9,9,Fri,48
21875,S003,66.33,7,Tue,28
21876,S002,52.52,1,Tue,58
21877,S001,92.86,6,Mon,60
21878,S002,44.92,4,Mon,18
21879,S004,55.65,3,Sat,28
21880,S002,123.71,5,Mon,23
21881,S001,80.36,3,Sat,56
21882,S002,91.56,8,Tue,62
21883,S001,81.58,3,Wed,42
21884,S002,71.26,6,Sun,45
21885,S002,87.8,6,Thu,52
21886,S001,75.49,5,Mon,46
21887,S002,64.27,4,Mon,64
21888,S004,29.09,7,Sun,59
21889,S001,93.62,4,Fri,29
21890,S003,72.53,4,Sun,37
21891,S003,59.87,4,Tue,58
21892,S001,66.83,2,Sun,59
21893,S003,96.6,4,Wed,22
21894,S001,83.02,2,Fri,61
21895,S004,74.26,4,Thu,52
21896,S003,97.34,9,Wed,49
21897,S003,55.35,7,Wed,56
21898,S002,73.96,5,Sun,23
21899,S001,98.2,4,Wed,56
21900,S003,64.59,9,Thu,24
21901,S002,46.99,5,Fri,34
21902,S002,81.17,8,Fri,57
21903,S001,98.21,3,Mon,20
21904,S001,70.78,3,Fri,58
21905,S001,83.35,6,Wed,25
21906,S003,90.26,3,Sun,55
21907,S004,94.57,11,Wed,66
21908,S004,87.88,3,Thu,24
21909,S002,101.07,7,Fri,64
21910,S002,76.13,5,Sun,24
21911,S001,72.64,8,Fri,25
21912,S004,80.91,4,Sun,45
21913,S002,74.84,5,Sun,44
21914,S001,28.39,1,Tue,24
21915,S003,61.01,2,Tue,56
21916,S004,72.84,3,Sat,64
21917,S003,108.0,7,Thu,44
21918,S002,52.05,5,Fri,69
21919,S002,65.78,6,Fri,35
21920,S004,75.31,7,Tue,24
21921,S001,100.34,2,Wed,26
21922,S001,83.47,5,Mon,62
21923,S001,78.64,3,Thu,39
21924,S002,83.66,4,Mon,30
21925,S003,84.03,7,Tue,24
21926,S003,90.31,4,Sun,38
21927,S003,107.14,5,Mon,48
21928,S002,95.51,6,Thu,52
21929,S002,69.82,7,Sat,19
21930,S003,54.04,3,Tue,36
21931,S004,42.82,4,Wed,33
21932,S002,78.65,9,Tue,31
21933,S001,55.64,3,Wed,58
21934,S002,59.27,4,Tue,67
21935,S002,74.57,8,Fri,54
21936,S004,87.0,7,Sat,57
21937,S001,48.68,2,Tue,39
21938,S002,55.99,9,Mon,53
21939,S002,85.0,2,Tue,63
21940,S001,71.14,4,Mon,59
21941,S003,50.99,5,Wed,35
21942,S003,55.55,5,Wed,39
21943,S002,56.98,4,Sat,54
21944,S003,93.18,1,Sat,38
21945,S001,53.16,8,Wed,31
21946,S001,74.29,4,Tue,51
21947,S003,45.97,4,Sat,47
21948,S004,94.18,3,Sat,45
21949,S003,88.2,2,Sun,67
21950,S004,102.52,7,Mon,44
21951,S002,54.55,3,Fri,47
21952,S002,58.67,5,Mon,69
21953,S002,54.03,4,Wed,18
21954,S003,81.35,9,Mon,64
21955,S003,65.02,5,Mon,40
21956,S004,105.1,9,Tue,50
21957,S003,47.92,7,Wed,24
21958,S004,68.05,7,Tue,48
21959,S003,49.23,3,Wed,62
21960,S003,85.83,7,Sat,19
21961,S004,73.1,2,Wed,61
21962,S002,24.1,4,Sat,39
21963,S004,91.99,7,Fri,59
21964,S001,58.79,3,Sun,47
21965,S004,82.28,6,Sun,53
21966,S003,95.08,4,Tue,55
21967,S003,91.09,7,Fri,38
21968,S001,80.54,3,Fri,43
21969,S002,58.91,5,Mon,36
21970,S003,53.83,3,Fri,52
21971,S003,94.28,10,Tue,68
21972,S002,55.95,6,Fri,40
21973,S001,80.01,3,Wed,43
21974,S002,109.84,5,Sat,24
21975,S004,97.48,4,Wed,50
21976,S004,70.37,8,Sun,66
21977,S003,86.8,3,Tue,45
21978,S004,80.98,9,Sun,60
21979,S002,56.48,5,Fri,32
21980,S004,60.06,7,Sun,30
21981,S003,88.51,13,Fri,50
21982,S004,52.37,2,Sun,40
21983,S002,120.11,6,Sun,44
21984,S003,81.15,5,Wed,19
21985,S001,77.28,5,Thu,64
21986,S003,59.18,6,Wed,61
21987,S001,93.36,12,Fri,58
21988,S001,69.15,2,Fri,49
21989,S001,78.91,8,Sat,38
21990,S004,73.22,3,Tue,46
21991,S001,94.53,7,Sun,41
21992,S001,92.49,4,Tue,41
21993,S003,54.48,2,Thu,52
21994,S002,88.98,8,Sun,20
21995,S003,85.08,10,Wed,35
21996,S003,70.03,5,Mon,67
21997,S002,51.88,10,Wed,27
21998,S002,44.2,6,Wed,60
21999,S002,64.55,4,Wed,37
22000,S003,90.11,4,Thu,58
22001,S001,85.42,6,Thu,27
22002,S004,120.64,7,Sat,41
22003,S002,87.48,6,Mon,43
22004,S001,78.64,7,Thu,27
22005,S003,58.5,6,Tue,61
22006,S001,54.29,5,Thu,68
22007,S004,76.04,6,Mon,56
22008,S002,88.1,8,Wed,65
22009,S002,95.48,6,Mon,51
22010,S003,100.29,4,Thu,30
22011,S004,68.29,3,Wed,57
22012,S001,58.3,5,Sat,27
22013,S004,77.98,4,Wed,29
22014,S002,92.18,7,Sun,55
22015,S004,87.54,6,Sun,39
22016,S004,64.16,2,Mon,60
22017,S003,69.9,4,Sun,20
22018,S003,53.96,3,Mon,26
22019,S002,48.06,5,Thu,18
22020,S002,109.47,3,Sat,57
22021,S003,80.59,6,Thu,53
22022,S002,95.78,9,Sun,47
22023,S004,82.32,5,Sun,64
22024,S004,110.82,3,Mon,41
22025,S002,77.31,7,Mon,67
22026,S003,61.75,4,Mon,31
22027,S001,61.39,8,Mon,69
22028,S004,68.08,6,Thu,46
22029,S001,71.15,3,Mon,50
22030,S002,109.03,5,Fri,29
22031,S001,93.11,3,Tue,62
22032,S001,77.54,4,Sat,64
22033,S002,96.69,3,Fri,47
22034,S003,67.61,8,Fri,61
22035,S001,58.55,3,Sun,51
22036,S004,82.46,0,Tue,54
22037,S002,100.12,7,Tue,58
22038,S001,102.93,1,Sun,64
22039,S001,92.93,6,Thu,65
22040,S003,54.87,5,Mon,21
22041,S004,101.98,2,Fri,56
22042,S004,69.02,5,Thu,35
22043,S001,98.41,6,Fri,53
22044,S002,112.82,6,Sat,67
22045,S001,40.3,12,Sat,58
22046,S003,72.06,6,Mon,56
22047,S002,86.25,5,Sat,59
22048,S004,78.12,6,Tue,36
22049,S004,43.95,2,Fri,63
22050,S003,59.43,7,Wed,50
22051,S004,52.47,3,Tue,30
22052,S002,63.32,4,Fri,43
22053,S001,67.54,4,Thu,58
22054,S001,53.58,6,Sat,60
22055,S002,66.42,6,Sun,48
22056,S003,43.08,3,Mon,27
22057,S002,102.9,5,Sat,69
22058,S004,101.48,4,Wed,47
22059,S002,24.24,5,Fri,49
22060,S003,54.28,4,Fri,56
22061,S004,81.87,5,Wed,41
22062,S002,23.49,6,Sat,47
22063,S003,75.65,6,Wed,52
22064,S001,70.47,5,Sat,50
22065,S001,60.64,3,Sun,29
22066,S002,96.59,6,Wed,52
22067,S004,51.74,4,Wed,52
22068,S001,102.19,6,Sun,56
22069,S003,69.71,4,Fri,23
22070,S001,77.77,6,Fri,65
22071,S003,67.05,6,Fri,29
22072,S003,99.46,6,Sat,43
22073,S002,94.09,5,Wed,66
22074,S003,42.99,3,Fri,23
22075,S003,83.77,3,Sat,34
22076,S004,81.14,2,Mon,19
22077,S001,73.88,4,Wed,49
22078,S002,109.23,4,Wed,45
22079,S002,110.8,2,Sat,55
22080,S002,113.18,7,Thu,29
22081,S001,80.07,7,Sun,30
22082,S003,54.76,6,Mon,63
22083,S002,45.56,5,Sun,35
22084,S002,86.93,2,Wed,58
22085,S003,52.81,4,Mon,61
22086,S003,98.86,6,Mon,56
22087,S001,75.5,5,Fri,41
22088,S001,83.65,5,Sun,48
22089,S004,51.86,6,Mon,47
22090,S003,61.25,6,Sat,42
22091,S003,68.1,4,Mon,19
22092,S003,81.34,11,Thu,30
22093,S001,90.34,4,Mon,42
22094,S001,39.1,6,Wed,19
22095,S001,48.09,7,Mon,48
22096,S003,46.78,8,Mon,56
22097,S004,77.15,3,Thu,28
22098,S003,78.54,3,Sun,19
22099,S003,114.06,2,Fri,43
22100,S004,64.19,7,Tue,53
22101,S004,86.36,7,Sun,41
22102,S003,88.17,6,Wed,30
22103,S003,94.13,8,Sat,65
22104,S002,96.64,5,Tue,28
22105,S001,99.04,8,Fri,62
22106,S003,89.76,7,Wed,42
22107,S004,64.07,5,Thu,29
22108,S003,40.3,8,Thu,46
22109,S001,87.47,4,Wed,35
22110,S004,47.75,4,Sat,40
22111,S002,65.01,9,Thu,19
22112,S002,104.08,11,Thu,40
22113,S002,63.72,6,Sun,33
22114,S002,65.95,4,Wed,33
22115,S001,105.77,4,Mon,53
22116,S002,66.02,12,Wed,27
22117,S004,40.12,5,Sun,35
22118,S004,98.49,3,Mon,32
22119,S004,58.78,7,Mon,40
22120,S004,91.44,3,Fri,37
22121,S001,63.14,2,Thu,23
22122,S003,96.6,4,Mon,67
22123,S002,69.92,4,Mon,25
22124,S002,122.5,9,Sat,22
22125,S004,78.14,5,Sat,67
22126,S004,87.1,5,Mon,21
22127,S002,78.45,9,Sat,47
22128,S001,100.49,5,Thu,25
22129,S002,74.64,4,Wed,24
22130,S001,97.35,2,Thu,39
22131,S003,65.17,7,Wed,51
22132,S003,68.42,3,Mon,27
22133,S003,102.19,2,Fri,56
22134,S003,98.26,4,Sun,24
22135,S004,88.65,6,Mon,35
22136,S004,70.59,5,Fri,54
22137,S001,69.09,10,Mon,29
22138,S001,87.73,9,Fri,34
22139,S001,54.19,4,Thu,39
22140,S001,91.27,9,Sun,46
22141,S004,69.19,7,Thu,66
22142,S004,80.52,6,Mon,31
22143,S003,83.53,2,Mon,37
22144,S003,115.65,6,Fri,59
22145,S002,106.33,9,Thu,65
22146,S004,81.46,5,Sat,23
22147,S001,74.32,5,Mon,36
22148,S001,75.64,4,Fri,28
22149,S004,67.94,3,Wed,66
22150,S002,74.19,5,Thu,60
22151,S002,69.61,6,Tue,29
22152,S002,103.34,7,Tue,50
22153,S003,110.2,4,Wed,34
22154,S003,89.11,4,Sat,31
22155,S003,104.69,6,Sun,24
22156,S004,50.77,6,Tue,50
22157,S003,92.69,6,Sat,44
22158,S002,66.88,5,Fri,52
22159,S002,34.7,4,Thu,19
22160,S003,76.72,11,Thu,19
22161,S003,68.96,5,Fri,43
22162,S001,79.35,4,Mon,68
22163,S001,78.0,3,Thu,29
22164,S004,96.65,7,Tue,22
22165,S003,63.5,5,Fri,57
22166,S004,84.42,7,Sat,55
22167,S001,72.95,7,Sun,67
22168,S002,42.61,5,Tue,56
22169,S004,60.54,8,Sun,65
22170,S002,56.26,3,Thu,61
22171,S004,69.86,5,Sun,64
22172,S003,80.5,7,Sat,21
22173,S003,61.41,4,Sun,39
22174,S002,79.99,8,Wed,28
22175,S004,71.29,4,Sat,19
22176,S003,63.82,6,Sun,19
22177,S003,83.4,2,Fri,68
22178,S002,107.75,4,Wed,49
22179,S002,50.87,8,Thu,32
22180,S001,89.6,3,Fri,37
22181,S001,27.97,8,Sat,57
22182,S001,60.88,1,Tue,68
22183,S003,87.92,9,Thu,18
22184,S004,93.31,6,Wed,18
22185,S001,79.77,6,Wed,45
22186,S001,89.38,6,Sat,60
22187,S002,77.76,6,Wed,59
22188,S003,79.78,1,Sat,66
22189,S003,92.89,2,Sat,61
22190,S003,91.28,4,Fri,44
22191,S001,82.37,4,Thu,61
22192,S003,57.78,9,Fri,60
22193,S004,49.92,5,Thu,50
22194,S002,88.0,3,Thu,63
22195,S003,108.05,7,Wed,20
22196,S001,60.15,3,Sat,39
22197,S003,69.78,4,Tue,63
22198,S003,100.05,4,Fri,42
22199,S003,60.21,7,Tue,54
22200,S004,78.9,2,Mon,21
22201,S001,64.79,6,Tue,62
22202,S003,71.57,6,Thu,48
22203,S002,65.55,4,Thu,27
22204,S002,76.03,7,Sun,51
22205,S004,99.53,3,Sat,55
22206,S001,88.34,8,Sat,53
22207,S001,69.57,2,Sat,30
22208,S004,42.58,6,Mon,64
22209,S003,59.58,4,Fri,55
22210,S001,66.87,11,Sun,52
22211,S001,95.9,5,Sun,62
22212,S001,88.4,6,Thu,39
22213,S002,84.32,5,Mon,47
22214,S004,68.78,7,Sun,64
22215,S002,84.14,6,Mon,24
22216,S004,67.49,3,Mon,35
22217,S003,80.87,5,Thu,30
22218,S001,60.4,4,Sat,48
22219,S003,67.45,3,Thu,44
22220,S003,73.82,7,Thu,25
22221,S001,85.38,3,Sat,42
22222,S002,87.51,2,Mon,56
22223,S004,85.79,8,Mon,18
22224,S004,51.92,4,Fri,68
22225,S001,98.06,4,Fri,19
22226,S001,59.9,4,Sun,29
22227,S004,66.28,0,Fri,36
22228,S002,57.96,7,Thu,46
22229,S001,69.7,5,Tue,29
22230,S003,65.88,8,Tue,60
22231,S004,72.56,1,Fri,30
22232,S002,71.73,7,Tue,68
22233,S004,40.32,5,Mon,42
22234,S004,70.09,7,Fri,51
22235,S002,65.32,7,Thu,48
22236,S002,70.85,3,Sun,18
22237,S003,94.02,8,Sun,43
22238,S004,71.21,6,Wed,35
22239,S004,109.36,5,Sat,60
22240,S004,73.7,9,Sun,31
22241,S001,48.73,6,Fri,43
22242,S002,75.44,5,Mon,24
22243,S003,106.1,6,Sun,28
22244,S001,98.08,6,Sun,44
22245,S002,93.93,7,Wed,50
22246,S003,92.09,5,Sun,31
22247,S004,68.43,2,Mon,39
22248,S003,41.07,5,Sat,21
22249,S003,91.65,7,Sat,33
22250,S002,86.4,7,Tue,27
22251,S002,78.37,2,Sat,27
22252,S003,83.26,2,Thu,47
22253,S002,65.54,9,Wed,21
22254,S004,93.15,7,Wed,58
22255,S002,82.25,10,Wed,51
22256,S001,64.52,7,Wed,46
22257,S001,85.59,2,Fri,65
22258,S002,43.17,8,Thu,26
22259,S001,90.78,6,Sat,38
22260,S001,99.09,6,Thu,36
22261,S003,50.68,5,Mon,37
22262,S001,73.68,6,Sat,47
22263,S002,53.05,6,Mon,41
22264,S004,112.55,2,Fri,67
22265,S004,75.4,6,Sun,52
22266,S001,54.69,7,Tue,20
22267,S001,94.81,2,Mon,32
22268,S003,80.36,3,Mon,55
22269,S002,62.69,2,Sun,26
22270,S003,108.54,3,Fri,24
22271,S004,119.42,1,Sat,64
22272,S004,99.85,7,Thu,54
22273,S001,52.13,5,Tue,47
22274,S003,48.89,4,Fri,24
22275,S004,78.13,5,Tue,37
22276,S002,106.68,7,Wed,18
22277,S001,30.09,6,Sun,68
22278,S002,83.17,4,Sun,29
22279,S004,122.85,3,Wed,69
22280,S004,43.11,1,Fri,48
22281,S003,69.49,5,Tue,43
22282,S004,89.08,2,Mon,45
22283,S001,31.73,3,Sat,55
22284,S003,106.05,5,Sat,61
22285,S003,75.86,8,Sun,23
22286,S002,62.23,1,Sun,27
22287,S004,78.13,3,Wed,62
22288,S004,83.97,4,Sun,27
22289,S003,16.99,8,Sat,61
22290,S002,70.75,5,Wed,47
22291,S003,100.29,7,Sat,38
22292,S002,94.34,6,Sat,52
22293,S001,77.47,7,Tue,59
22294,S001,62.52,5,Mon,42
22295,S004,78.56,5,Sat,26
22296,S004,50.05,5,Sun,49
22297,S001,57.43,4,Fri,63
22298,S002,75.68,3,Sat,45
22299,S001,94.21,4,Wed,39
22300,S002,82.11,6,Sun,53
22301,S004,13.16,3,Tue,25
22302,S004,81.91,6,Fri,64
22303,S004,30.96,4,Mon,54
22304,S003,106.96,8,Sat,29
22305,S003,76.17,8,Thu,25
22306,S001,50.29,3,Sun,20
22307,S002,64.36,9,Tue,25
22308,S004,57.31,5,Tue,57
22309,S001,101.86,1,Tue,26
22310,S003,78.78,4,Tue,66
22311,S004,60.75,8,Fri,29
22312,S001,55.31,3,Fri,54
22313,S003,68.19,4,Fri,20
22314,S002,35.46,4,Mon,42
22315,S001,103.46,4,Thu,53
22316,S001,112.33,3,Wed,66
22317,S002,61.42,3,Sat,40
22318,S002,75.17,4,Thu,19
22319,S002,103.24,3,Sun,47
22320,S003,57.41,9,Sun,65
22321,S001,57.94,1,Sat,68
22322,S001,70.53,7,Mon,40
22323,S004,90.37,6,Thu,22
22324,S002,82.06,1,Fri,35
22325,S004,58.15,4,Fri,54
22326,S004,91.2,4,Tue,51
22327,S004,80.94,8,Tue,57
22328,S002,78.49,4,Sun,69
22329,S003,88.23,5,Fri,45
22330,S001,106.83,5,Tue,45
22331,S002,81.67,2,Wed,33
22332,S002,68.44,7,Sat,41
22333,S002,51.88,4,Sat,48
22334,S003,91.44,6,Sat,45
22335,S001,74.85,5,Fri,18
22336,S004,73.48,3,Fri,50
22337,S001,94.34,11,Sat,65
22338,S001,56.26,5,Fri,51
22339,S001,78.46,5,Sat,18
22340,S001,53.58,3,Fri,43
22341,S003,100.12,2,Thu,31
22342,S004,88.45,5,Wed,19
22343,S002,71.79,3,Thu,28
22344,S003,44.0,2,Tue,55
22345,S001,73.52,5,Mon,26
22346,S003,62.0,6,Mon,25
22347,S003,81.42,2,Sun,54
22348,S004,51.74,5,Wed,27
22349,S001,83.41,6,Sat,24
22350,S004,89.89,6,Mon,39
22351,S004,63.43,5,Tue,51
22352,S002,68.25,8,Thu,45
22353,S002,103.43,9,Tue,67
22354,S003,41.63,6,Mon,58
22355,S004,71.48,7,Tue,40
22356,S001,82.06,3,Sat,68
22357,S003,83.1,6,Tue,24
22358,S004,49.12,3,Sat,51
22359,S002,94.21,4,Tue,68
22360,S003,83.87,3,Wed,26
22361,S002,70.37,4,Wed,34
22362,S004,73.61,5,Tue,49
22363,S004,70.93,2,Fri,44
22364,S002,60.06,5,Tue,34
22365,S001,93.12,6,Sun,36
22366,S002,98.29,6,Mon,54
22367,S002,56.54,4,Thu,69
22368,S001,60.47,4,Sun,46
22369,S001,60.72,4,Thu,68
22370,S001,59.39,6,Fri,64
22371,S004,89.71,0,Tue,63
22372,S004,60.42,6,Tue,43
22373,S004,85.94,4,Tue,65
22374,S001,59.32,6,Tue,25
22375,S003,84.88,8,Sat,34
22376,S001,56.36,2,Mon,22
22377,S004,81.03,4,Sat,55
22378,S002,52.8,4,Fri,57
22379,S002,83.11,5,Sun,27
22380,S003,60.02,4,Mon,35
22381,S004,85.91,4,Sat,50
22382,S004,33.65,6,Tue,26
22383,S002,78.24,5,Thu,69
22384,S002,99.22,6,Tue,26
22385,S001,63.12,7,Fri,43
22386,S004,32.83,2,Thu,58
22387,S001,67.37,10,Tue,46
22388,S002,87.54,5,Wed,27
22389,S003,100.82,8,Sat,55
22390,S001,46.58,4,Tue,64
22391,S003,73.41,4,Mon,58
22392,S002,99.94,4,Sun,61
22393,S002,50.2,5,Wed,41
22394,S004,62.43,4,Sat,33
22395,S002,87.43,2,Tue,26
22396,S003,35.66,5,Thu,38
22397,S002,93.6,7,Sun,25
22398,S001,72.55,4,Fri,40
22399,S002,41.34,5,Thu,50
22400,S003,81.59,7,Tue,54
22401,S002,61.52,5,Sun,41
22402,S002,82.42,3,Fri,68
22403,S002,108.15,5,Fri,49
22404,S001,111.87,5,Sun,25
22405,S001,77.65,8,Mon,42
22406,S003,75.59,3,Thu,41
22407,S002,59.77,3,Mon,62
22408,S001,32.53,3,Wed,35
22409,S003,78.7,8,Wed,63
22410,S001,63.27,7,Mon,30
22411,S003,52.0,8,Mon,37
22412,S002,71.12,6,Mon,50
22413,S002,79.92,5,Tue,58
22414,S004,70.93,9,Wed,60
22415,S004,95.63,1,Sat,26
22416,S004,75.02,4,Wed,33
22417,S003,57.68,8,Fri,54
22418,S002,60.27,7,Wed,55
22419,S004,50.11,5,Sun,20
22420,S004,85.25,2,Mon,40
22421,S001,99.01,6,Sun,22
22422,S002,55.91,8,Fri,28
22423,S003,81.25,3,Fri,54
22424,S004,52.46,7,Sun,60
22425,S002,74.74,5,Wed,23
22426,S004,60.12,2,Thu,62
22427,S004,70.68,3,Tue,49
22428,S002,94.87,6,Sat,43
22429,S004,88.67,9,Thu,55
22430,S001,98.65,2,Thu,44
22431,S001,61.42,3,Mon,64
22432,S001,60.32,3,Wed,30
22433,S001,67.16,9,Sun,29
22434,S002,99.6,10,Thu,41
22435,S003,77.84,9,Fri,23
22436,S003,36.63,6,Thu,26
22437,S004,72.16,5,Tue,55
22438,S004,75.29,3,Tue,37
22439,S001,50.51,5,Fri,30
22440,S004,92.82,5,Tue,25
22441,S002,91.0,2,Fri,48
22442,S002,62.55,1,Sun,69
22443,S001,35.54,3,Fri,69
22444,S002,67.56,4,Fri,39
22445,S004,62.1,1,Mon,57
22446,S004,104.46,6,Sun,60
22447,S004,83.08,4,Tue,55
22448,S002,70.4,5,Thu,66
22449,S003,71.32,7,Fri,22
22450,S003,68.22,2,Tue,48
22451,S003,96.04,1,Sun,68
22452,S003,63.24,4,Thu,62
22453,S004,91.3,6,Fri,27
22454,S001,79.03,10,Sat,57
22455,S001,85.61,4,Wed,52
22456,S002,73.59,4,Thu,29
22457,S001,88.56,2,Mon,24
22458,S003,64.08,5,Thu,36
22459,S002,54.69,4,Fri,55
22460,S001,82.91,6,Mon,41
22461,S003,57.44,6,Wed,20
22462,S002,88.73,7,Sat,61
22463,S002,41.54,5,Mon,39
22464,S001,91.06,5,Mon,20
22465,S002,83.36,4,Sat,35
22466,S003,86.03,7,Mon,65
22467,S003,57.44,10,Fri,45
22468,S003,67.71,6,Wed,50
22469,S003,59.72,5,Thu,18
22470,S003,69.84,5,Sat,21
22471,S001,74.81,1,Mon,54
22472,S002,77.66,5,Wed,26
22473,S003,48.14,2,Sun,24
22474,S003,63.77,2,Thu,25
22475,S002,75.06,4,Tue,31
22476,S001,69.47,8,Tue,50
22477,S004,81.45,9,Thu,31
22478,S001,95.18,5,Tue,27
22479,S004,79.7,2,Tue,27
22480,S002,51.86,7,Tue,61
22481,S004,81.42,1,Sat,66
22482,S003,91.12,2,Mon,33
22483,S002,93.66,7,Wed,33
22484,S004,105.24,5,Tue,26
22485,S002,103.17,9,Wed,46
22486,S003,60.03,5,Tue,44
22487,S002,102.93,11,Fri,60
22488,S004,70.66,3,Wed,66
22489,S001,53.84,2,Sun,24
22490,S004,80.24,4,Thu,25
22491,S002,76.64,2,Sun,47
22492,S002,79.59,2,Mon,26
22493,S002,98.27,4,Fri,51
22494,S002,62.0,8,Sun,64
22495,S001,59.63,5,Wed,65
22496,S002,81.67,3,Fri,61
22497,S001,91.89,6,Tue,59
22498,S004,97.07,1,Sun,30
22499,S004,98.56,6,Tue,52
22500,S002,94.16,2,Mon,41
22501,S004,58.44,8,Sun,64
22502,S002,84.96,5,Thu,45
22503,S002,39.44,7,Fri,63
22504,S002,60.37,3,Sat,41
22505,S004,41.9,7,Tue,50
22506,S003,77.71,5,Thu,67
22507,S003,84.2,5,Mon,26
22508,S003,74.88,5,Mon,67
22509,S002,88.34,6,Tue,18
22510,S003,87.73,3,Sun,47
22511,S004,82.02,2,Mon,36
22512,S004,79.56,6,Wed,47
22513,S004,85.87,5,Mon,66
22514,S002,87.86,6,Sat,33
22515,S003,96.7,5,Tue,59
22516,S001,91.92,8,Sat,32
22517,S001,99.64,7,Wed,27
22518,S002,94.87,3,Fri,21
22519,S004,78.53,4,Fri,30
22520,S001,77.15,5,Tue,53
22521,S001,58.87,4,Tue,27
22522,S001,112.95,3,Sun,21
22523,S004,62.84,8,Mon,57
22524,S003,65.93,4,Wed,44
22525,S001,85.1,5,Fri,41
22526,S002,73.32,3,Sun,48
22527,S004,91.97,4,Fri,63
22528,S001,93.77,7,Wed,56
22529,S004,71.03,4,Fri,30
22530,S001,126.18,9,Tue,50
22531,S004,93.24,4,Fri,31
22532,S002,50.14,6,Thu,44
22533,S002,84.23,5,Mon,40
22534,S003,100.04,6,Mon,56
22535,S003,87.03,5,Tue,56
22536,S004,66.62,6,Fri,66
22537,S001,68.84,4,Mon,31
22538,S003,76.27,7,Mon,25
22539,S003,101.95,7,Mon,63
22540,S004,101.63,4,Fri,22
22541,S003,91.2,6,Mon,65
22542,S002,101.37,4,Thu,32
22543,S001,73.55,5,Thu,31
22544,S001,61.01,3,Thu,26
22545,S004,92.14,3,Sun,31
22546,S003,43.73,5,Tue,37
22547,S002,70.4,3,Fri,24
22548,S004,50.26,5,Sun,64
22549,S002,84.97,5,Sun,22
22550,S002,40.86,2,Sun,54
22551,S002,52.83,9,Thu,40
22552,S001,76.12,8,Thu,64
22553,S003,65.27,3,Thu,47
22554,S002,109.81,7,Sat,68
22555,S004,76.37,2,Wed,57
22556,S004,41.75,7,Fri,18
22557,S004,95.74,5,Sun,19
22558,S001,83.35,4,Fri,44
22559,S003,56.15,4,Tue,53
22560,S004,68.88,2,Wed,28
22561,S002,74.55,5,Tue,63
22562,S003,28.29,8,Fri,60
22563,S004,49.04,9,Sat,52
22564,S003,77.32,3,Sat,46
22565,S004,40.87,10,Thu,34
22566,S003,58.01,4,Fri,25
22567,S004,70.99,4,Thu,40
22568,S001,21.68,3,Wed,41
22569,S003,72.25,8,Mon,23
22570,S001,112.52,5,Fri,19
22571,S004,83.45,6,Tue,34
22572,S002,55.01,5,Wed,67
22573,S004,89.92,3,Fri,42
22574,S004,62.67,5,Sun,55
22575,S002,62.33,2,Thu,53
22576,S002,68.31,1,Sat,44
22577,S003,39.65,9,Sun,63
22578,S003,78.07,6,Wed,36
22579,S002,86.09,6,Mon,21
22580,S001,106.66,7,Mon,25
22581,S001,75.16,5,Sun,50
22582,S001,96.78,3,Sun,41
22583,S003,94.38,5,Sun,44
22584,S002,67.38,2,Sat,68
22585,S003,47.59,9,Fri,63
22586,S001,50.52,7,Fri,26
22587,S001,101.77,6,Fri,31
22588,S004,39.85,5,Sat,38
22589,S002,65.86,2,Fri,26
22590,S002,70.66,6,Mon,44
22591,S001,80.78,5,Sun,19
22592,S004,44.73,6,Sun,50
22593,S004,73.99,4,Mon,63
22594,S001,53.98,6,Sat,28
22595,S001,93.36,7,Tue,47
22596,S001,64.71,3,Fri,44
22597,S003,87.9,8,Wed,66
22598,S004,100.57,8,Wed,30
22599,S001,75.41,3,Fri,37
22600,S004,55.48,6,Mon,66
22601,S001,92.44,4,Tue,38
22602,S004,100.55,4,Wed,27
22603,S003,58.03,4,Sat,46
22604,S002,60.25,3,Fri,61
22605,S001,58.04,4,Wed,66
22606,S003,80.82,6,Sun,52
22607,S003,46.89,4,Sun,45
22608,S001,26.26,2,Mon,56
22609,S003,70.16,3,Mon,40
22610,S002,71.68,3,Wed,39
22611,S002,76.27,7,Thu,29
22612,S002,91.93,1,Fri,23
22613,S003,68.37,3,Tue,37
22614,S001,74.18,5,Thu,18
22615,S001,92.57,9,Tue,65
22616,S002,33.33,9,Sun,51
22617,S001,113.83,6,Thu,56
22618,S001,65.38,3,Fri,58
22619,S003,94.56,5,Sun,65
22620,S001,71.73,7,Mon,21
22621,S002,53.85,5,Sun,44
22622,S004,54.77,13,Fri,54
22623,S001,55.1,5,Mon,35
22624,S001,58.53,3,Sun,47
22625,S003,101.6,4,Fri,54
22626,S001,68.99,6,Thu,57
22627,S003,67.74,2,Fri,58
22628,S001,51.64,3,Fri,20
22629,S004,75.67,4,Fri,40
22630,S003,76.17,4,Sun,44
22631,S001,86.24,4,Tue,32
22632,S004,46.29,3,Mon,31
22633,S004,62.3,6,Fri,35
22634,S001,86.31,8,Fri,55
22635,S003,60.21,2,Mon,45
22636,S002,84.98,10,Tue,68
22637,S004,58.45,4,Fri,64
22638,S002,57.25,6,Sun,58
22639,S001,66.98,1,Mon,25
22640,S004,78.93,2,Sat,58
22641,S003,100.13,2,Sun,27
22642,S004,109.32,12,Sun,48
22643,S003,88.23,3,Tue,22
22644,S002,93.85,5,Mon,41
22645,S002,87.13,4,Sat,69
22646,S003,77.52,6,Mon,49
22647,S004,77.01,7,Thu,61
22648,S003,82.99,3,Tue,59
22649,S001,85.69,4,Fri,50
22650,S001,105.05,3,Sun,53
22651,S004,61.41,7,Thu,61
22652,S003,99.5,9,Fri,22
22653,S002,81.71,3,Sat,34
22654,S002,36.52,5,Fri,57
22655,S004,64.45,8,Mon,49
22656,S004,82.72,5,Thu,69
22657,S001,71.19,2,Tue,66
22658,S002,116.63,6,Sat,57
22659,S003,61.96,6,Sat,43
22660,S004,55.96,5,Fri,27
22661,S001,72.68,1,Tue,47
22662,S001,100.72,9,Mon,38
22663,S003,56.63,3,Sat,25
22664,S001,73.09,4,Fri,57
22665,S003,90.33,2,Fri,44
22666,S003,76.41,6,Fri,19
22667,S002,56.65,7,Wed,27
22668,S002,62.23,5,Thu,61
22669,S004,69.25,6,Fri,54
22670,S001,84.52,3,Fri,49
22671,S003,69.02,6,Tue,54
22672,S004,95.82,4,Tue,26
22673,S001,70.22,5,Thu,58
22674,S003,36.81,5,Tue,39
22675,S001,93.56,2,Sun,31
22676,S004,78.82,5,Mon,50
22677,S001,96.41,5,Sun,61
22678,S001,47.88,6,Tue,51
22679,S004,105.96,2,Mon,57
22680,S002,74.11,4,Mon,56
22681,S004,105.89,6,Thu,25
22682,S003,62.07,6,Wed,65
22683,S002,92.75,8,Mon,51
22684,S002,50.59,3,Thu,61
22685,S001,96.86,7,Mon,50
22686,S004,110.23,5,Tue,43
22687,S002,120.18,7,Thu,61
22688,S004,76.35,2,Sat,67
22689,S004,46.44,3,Fri,69
22690,S001,75.39,5,Mon,26
22691,S003,59.2,9,Sun,27
22692,S004,69.73,6,Wed,27
22693,S004,99.19,2,Sun,39
22694,S002,109.28,7,Sun,52
22695,S002,84.14,4,Thu,51
22696,S001,19.14,0,Fri,27
22697,S004,115.56,4,Sat,69
22698,S004,114.66,7,Tue,55
22699,S004,68.2,4,Fri,28
22700,S001,24.61,1,Mon,67
22701,S004,77.15,4,Thu,60
22702,S004,99.18,5,Sat,53
22703,S002,102.7,4,Fri,57
22704,S001,84.48,6,Mon,63
22705,S001,88.44,3,Wed,34
22706,S004,47.64,6,Wed,68
22707,S003,102.25,8,Thu,45
22708,S002,136.86,6,Wed,41
22709,S003,80.62,8,Mon,55
22710,S001,73.64,2,Thu,50
22711,S004,93.56,6,Mon,56
22712,S003,67.34,5,Sat,25
22713,S002,53.61,4,Thu,40
22714,S002,48.53,3,Tue,44
22715,S004,79.59,4,Sun,45
22716,S002,72.99,4,Sat,60
22717,S001,86.67,4,Sat,58
22718,S001,103.8,7,Sun,34
22719,S001,88.2,6,Tue,28
22720,S003,71.82,1,Wed,43
22721,S002,53.98,6,Sun,47
22722,S003,132.13,5,Sat,66
22723,S002,81.22,4,Wed,54
22724,S004,76.59,3,Thu,37
22725,S001,60.97,6,Fri,56
22726,S004,30.9,4,Tue,61
22727,S002,71.72,3,Tue,51
22728,S004,92.02,4,Mon,21
22729,S001,92.8,4,Sun,67
22730,S002,69.98,5,Sat,33
22731,S002,90.31,3,Thu,54
22732,S003,38.23,3,Sun,18
22733,S001,56.42,4,Thu,41
22734,S004,91.89,5,Fri,38
22735,S003,76.43,3,Thu,18
22736,S003,89.86,5,Thu,22
22737,S001,90.05,6,Tue,68
22738,S001,69.0,2,Sat,35
22739,S004,57.16,7,Sat,34
22740,S003,82.56,8,Wed,62
22741,S002,57.15,6,Thu,67
22742,S001,60.48,7,Fri,28
22743,S001,99.51,2,Thu,42
22744,S002,83.71,5,Wed,27
22745,S004,53.78,7,Wed,66
22746,S004,53.7,4,Wed,38
22747,S003,77.14,10,Sun,45
22748,S004,106.23,8,Thu,60
22749,S003,64.51,4,Wed,47
22750,S004,94.29,8,Thu,45
22751,S004,90.83,6,Fri,47
22752,S003,67.63,8,Sun,24
22753,S003,44.32,1,Wed,31
22754,S002,61.27,2,Mon,55
22755,S003,73.47,5,Thu,42
22756,S003,64.85,7,Tue,50
22757,S004,75.99,8,Fri,65
22758,S003,43.39,4,Sun,62
22759,S002,83.06,3,Sat,28
22760,S004,85.59,7,Mon,63
22761,S002,69.76,7,Tue,29
22762,S003,44.13,5,Tue,59
22763,S003,66.57,5,Sun,48
22764,S001,89.3,5,Tue,42
22765,S003,60.58,5,Thu,59
22766,S001,83.86,5,Thu,69
22767,S001,51.69,3,Tue,59
22768,S002,40.45,4,Wed,29
22769,S004,108.33,7,Tue,68
22770,S003,77.55,2,Sat,65
22771,S002,34.87,3,Mon,53
22772,S002,120.32,15,Sun,50
22773,S001,52.99,5,Mon,58
22774,S002,40.7,6,Fri,42
22775,S002,55.03,4,Sat,41
22776,S001,72.54,6,Tue,19
22777,S004,44.99,2,Tue,59
22778,S004,53.72,4,Sun,56
22779,S003,85.29,8,Sat,27
22780,S004,71.08,5,Fri,29
22781,S002,96.45,3,Sat,30
22782,S002,85.26,3,Sat,23
22783,S001,80.22,3,Fri,56
22784,S001,95.41,4,Sun,50
22785,S001,112.25,3,Sat,62
22786,S004,96.74,6,Sat,28
22787,S004,78.55,5,Tue,24
22788,S002,61.64,5,Wed,37
22789,S002,27.18,1,Tue,67
22790,S001,113.53,7,Wed,42
22791,S003,73.5,9,Sat,60
22792,S001,61.25,3,Tue,62
22793,S003,38.25,4,Thu,28
22794,S003,72.47,1,Tue,52
22795,S004,83.12,8,Thu,63
22796,S004,93.06,11,Tue,28
22797,S004,72.91,8,Wed,22
22798,S003,51.04,3,Wed,33
22799,S001,68.91,5,Thu,49
22800,S002,90.58,5,Wed,19
22801,S002,64.6,5,Wed,44
22802,S002,14.01,5,Mon,39
22803,S004,83.69,3,Sat,68
22804,S004,85.16,4,Mon,41
22805,S002,74.09,2,Tue,34
22806,S003,62.54,1,Wed,67
22807,S004,68.28,6,Thu,38
22808,S004,65.69,6,Fri,42
22809,S003,58.94,10,Sun,66
22810,S003,76.97,4,Tue,33
22811,S004,46.55,10,Fri,39
22812,S004,60.57,4,Thu,37
22813,S003,71.15,5,Tue,32
22814,S003,49.5,8,Fri,40
22815,S003,82.66,9,Sun,32
22816,S001,70.98,7,Fri,49
22817,S001,68.18,6,Sat,37
22818,S004,96.14,2,Tue,65
22819,S003,91.62,7,Tue,52
22820,S002,67.48,4,Sat,69
22821,S001,40.99,4,Wed,43
22822,S003,54.69,4,Sun,64
22823,S001,90.63,4,Fri,63
22824,S001,101.67,5,Thu,28
22825,S001,73.82,6,Sat,25
22826,S003,71.93,3,Tue,41
22827,S002,109.53,6,Tue,36
22828,S002,85.75,8,Sat,25
22829,S004,46.11,6,Thu,61
22830,S004,54.41,6,Wed,42
22831,S004,53.78,6,Sun,18
22832,S001,72.07,0,Sat,21
22833,S004,75.5,6,Mon,37
22834,S001,100.65,2,Sat,25
22835,S004,62.08,8,Fri,61
22836,S002,43.96,7,Fri,67
22837,S004,60.31,6,Wed,23
22838,S004,83.75,4,Sat,58
22839,S002,61.64,7,Fri,36
22840,S003,79.06,9,Mon,52
22841,S003,90.58,3,Mon,43
22842,S004,72.48,1,Sat,68
22843,S002,59.98,3,Sun,22
22844,S001,62.05,2,Mon,61
22845,S004,79.9,5,Sat,20
22846,S003,56.96,3,Wed,50
22847,S004,63.05,6,Thu,66
22848,S004,51.29,5,Thu,51
22849,S003,58.84,4,Wed,38
22850,S004,68.16,7,Sun,42
22851,S003,73.2,4,Mon,44
22852,S004,113.63,10,Wed,69
22853,S002,76.98,7,Fri,40
22854,S002,87.36,5,Mon,52
22855,S002,55.24,4,Wed,55
22856,S003,89.56,4,Sat,69
22857,S001,80.25,10,Sat,66
22858,S003,104.6,6,Mon,50
22859,S004,65.91,5,Sun,22
22860,S001,53.28,3,Wed,65
22861,S003,54.41,6,Sat,38
22862,S001,49.59,3,Thu,63
22863,S002,69.3,7,Fri,67
22864,S002,99.08,6,Sun,31
22865,S001,84.01,5,Sat,44
22866,S001,85.91,7,Tue,60
22867,S001,62.96,4,Fri,64
22868,S001,83.36,6,Fri,52
22869,S001,101.47,8,Sat,65
22870,S003,35.58,6,Mon,23
22871,S001,53.05,4,Wed,61
22872,S003,100.93,4,Fri,50
22873,S004,78.88,7,Mon,64
22874,S003,61.01,1,Thu,41
22875,S002,78.92,4,Sat,56
22876,S002,82.87,11,Thu,19
22877,S002,61.64,3,Wed,25
22878,S003,80.26,1,Sat,67
22879,S002,73.02,7,Mon,62
22880,S004,106.62,5,Mon,37
22881,S002,85.71,10,Sun,25
22882,S001,73.19,7,Sun,30
22883,S002,70.63,8,Sat,41
22884,S004,76.67,3,Fri,43
22885,S002,79.46,7,Sun,38
22886,S004,84.17,9,Sat,36
22887,S003,53.73,8,Sun,52
22888,S004,79.31,3,Fri,45
22889,S004,59.27,3,Wed,29
22890,S002,76.38,6,Mon,34
22891,S002,58.76,5,Sat,40
22892,S003,94.45,6,Wed,69
22893,S002,84.63,1,Wed,50
22894,S004,94.29,5,Sun,33
22895,S003,74.79,7,Mon,55
22896,S003,79.82,5,Thu,64
22897,S001,81.24,2,Thu,62
22898,S001,98.48,2,Thu,41
22899,S004,57.66,6,Mon,42
22900,S003,81.22,6,Fri,20
22901,S001,66.37,3,Fri,45
22902,S004,78.49,3,Mon,62
22903,S003,85.81,7,Tue,58
22904,S002,61.64,7,Sun,36
22905,S001,95.01,1,Mon,67
22906,S003,108.41,6,Thu,31
22907,S001,98.58,8,Tue,65
22908,S002,85.18,3,Mon,41
22909,S004,80.95,8,Sun,26
22910,S004,68.14,6,Sun,57
22911,S003,57.68,6,Sat,51
22912,S002,101.32,6,Sat,33
22913,S004,37.98,1,Sat,48
22914,S003,65.86,9,Thu,21
22915,S002,93.94,1,Sat,49
22916,S004,85.67,4,Sat,52
22917,S004,-4.86,5,Tue,50
22918,S001,51.95,7,Tue,20
22919,S002,83.1,9,Mon,31
22920,S004,60.7,7,Tue,29
22921,S004,73.2,12,Sat,24
22922,S004,97.88,4,Sat,65
22923,S001,63.74,7,Fri,66
22924,S004,43.07,2,Fri,59
22925,S001,121.57,6,Sat,30
22926,S003,62.19,5,Fri,20
22927,S001,36.75,4,Sun,69
22928,S001,57.34,3,Wed,29
22929,S002,86.41,4,Tue,31
22930,S002,81.55,8,Fri,19
22931,S001,34.71,4,Fri,52
22932,S004,86.93,4,Wed,54
22933,S002,70.76,6,Sun,60
22934,S004,80.88,6,Thu,23
22935,S004,96.4,4,Sat,62
22936,S002,60.34,10,Sun,41
22937,S003,85.9,4,Tue,47
22938,S001,60.2,4,Sat,23
22939,S004,91.93,4,Sun,66
22940,S003,64.07,8,Tue,59
22941,S002,114.87,7,Mon,46
22942,S003,73.59,4,Thu,33
22943,S003,122.39,4,Wed,38
22944,S004,65.46,2,Mon,32
22945,S001,48.62,5,Sat,33
22946,S004,31.28,7,Thu,52
22947,S004,98.19,5,Wed,29
22948,S001,69.24,4,Sun,53
22949,S003,101.22,2,Tue,24
22950,S004,71.53,7,Tue,44
22951,S004,110.28,2,Wed,57
22952,S003,72.04,6,Fri,43
22953,S004,63.45,8,Thu,59
22954,S001,107.07,7,Sat,64
22955,S003,70.65,6,Wed,30
22956,S004,92.21,3,Fri,29
22957,S004,60.67,5,Sat,29
22958,S001,85.04,12,Thu,26
22959,S004,88.59,3,Mon,66
22960,S001,90.51,2,Sun,61
22961,S001,93.59,5,Sun,51
22962,S004,117.36,4,Tue,23
22963,S003,72.64,5,Sat,69
22964,S003,61.15,5,Fri,54
22965,S001,112.91,6,Fri,68
22966,S003,72.93,13,Thu,28
22967,S001,92.21,3,Mon,40
22968,S004,48.86,3,Thu,61
22969,S004,75.56,2,Tue,67
22970,S004,37.65,9,Wed,25
22971,S004,92.44,5,Fri,57
22972,S001,79.27,3,Sun,48
22973,S003,66.51,7,Wed,59
22974,S003,80.85,3,Mon,55
22975,S001,85.28,4,Thu,22
22976,S004,90.58,8,Mon,58
22977,S002,82.91,5,Mon,38
22978,S004,74.38,6,Tue,54
22979,S002,64.49,7,Thu,27
22980,S001,74.58,7,Sat,47
22981,S001,86.73,8,Fri,52
22982,S003,79.82,3,Tue,57
22983,S001,80.08,4,Mon,59
22984,S003,73.99,4,Sat,59
22985,S002,81.51,4,Thu,59
22986,S002,75.96,3,Sat,60
22987,S001,75.25,3,Mon,23
22988,S001,98.29,2,Mon,60
22989,S003,96.73,3,Mon,58
22990,S004,78.87,8,Mon,34
22991,S004,89.94,6,Mon,61
22992,S002,65.13,4,Tue,33
22993,S003,71.07,1,Mon,69
22994,S002,63.2,2,Thu,21
22995,S003,68.77,4,Wed,43
22996,S004,99.0,3,Tue,18
22997,S001,51.5,2,Wed,61
22998,S002,2.13,2,Fri,19
22999,S001,60.53,6,Sat,49
23000,S001,117.05,7,Mon,60
23001,S001,82.55,2,Tue,58
23002,S004,94.2,7,Thu,68
23003,S001,87.69,8,Tue,18
23004,S001,94.52,7,Tue,34
23005,S002,86.68,5,Wed,65
23006,S004,66.52,6,Thu,63
23007,S002,96.02,4,Sun,25
23008,S002,103.43,9,Thu,27
23009,S001,99.11,2,Tue,48
23010,S003,98.42,8,Fri,45
23011,S003,99.96,3,Wed,35
23012,S001,77.23,4,Thu,27
23013,S002,89.28,9,Wed,40
23014,S004,41.99,8,Sat,48
23015,S004,52.82,3,Mon,58
23016,S001,96.57,6,Wed,47
23017,S003,30.1,3,Tue,65
23018,S004,100.31,7,Mon,31
23019,S002,96.93,5,Sun,23
23020,S004,83.13,5,Fri,38
23021,S001,83.41,2,Thu,35
23022,S004,71.24,6,Mon,37
23023,S001,61.41,6,Mon,20
23024,S002,93.29,2,Fri,62
23025,S004,75.45,8,Sat,49
23026,S002,35.87,3,Tue,20
23027,S004,34.31,5,Sun,51
23028,S003,68.62,4,Sat,69
23029,S002,61.94,5,Wed,34
23030,S002,89.15,4,Thu,63
23031,S003,92.94,4,Wed,33
23032,S002,70.56,3,Wed,48
23033,S003,59.9,8,Mon,62
23034,S002,57.56,6,Sun,31
23035,S002,86.94,11,Thu,61
23036,S001,83.03,3,Tue,46
23037,S003,104.89,5,Sun,24
23038,S002,74.14,6,Mon,61
23039,S004,24.17,3,Tue,32
23040,S003,79.58,4,Sun,29
23041,S004,39.32,6,Sat,37
23042,S002,110.8,6,Mon,37
23043,S002,94.55,2,Sun,35
23044,S003,91.28,2,Sat,43
23045,S002,82.35,5,Fri,23
23046,S004,65.86,4,Thu,21
23047,S001,122.07,1,Thu,68
23048,S001,109.52,5,Sat,21
23049,S004,101.19,6,Tue,59
23050,S001,70.4,9,Sat,64
23051,S001,44.03,3,Fri,26
23052,S001,65.34,1,Thu,65
23053,S004,71.97,2,Tue,66
23054,S002,98.82,3,Sat,31
23055,S001,72.39,7,Thu,68
23056,S003,89.61,7,Tue,28
23057,S004,56.27,6,Tue,60
23058,S003,53.39,8,Mon,20
23059,S004,66.46,3,Wed,43
23060,S004,62.12,4,Sat,20
23061,S001,84.07,4,Fri,39
23062,S001,65.56,5,Thu,68
23063,S004,76.47,5,Thu,41
23064,S003,93.91,10,Sat,28
23065,S001,43.17,6,Mon,40
23066,S004,74.12,3,Wed,24
23067,S003,42.88,8,Fri,19
23068,S002,80.56,7,Sat,43
23069,S002,77.16,5,Wed,31
23070,S003,66.97,5,Mon,32
23071,S003,85.87,2,Mon,36
23072,S002,39.0,5,Tue,57
23073,S003,76.3,3,Fri,34
23074,S001,77.49,3,Wed,50
23075,S002,92.42,6,Sat,43
23076,S001,77.23,4,Thu,63
23077,S001,36.29,9,Wed,34
23078,S003,63.9,5,Fri,30
23079,S002,100.04,11,Sat,45
23080,S002,104.68,2,Mon,36
23081,S003,64.58,6,Wed,58
23082,S003,55.75,3,Fri,52
23083,S004,91.93,3,Wed,22
23084,S001,63.86,5,Fri,60
23085,S004,79.31,2,Mon,38
23086,S002,76.91,0,Sat,33
23087,S001,54.4,1,Mon,25
23088,S002,84.0,11,Sun,47
23089,S003,78.87,3,Tue,65
23090,S003,46.01,7,Wed,51
23091,S003,81.26,2,Sun,28
23092,S001,48.48,6,Thu,35
23093,S002,69.81,1,Sat,65
23094,S002,38.94,4,Fri,41
23095,S002,86.4,6,Sun,29
23096,S002,86.36,2,Wed,35
23097,S002,23.46,5,Mon,52
23098,S004,93.67,5,Mon,21
23099,S002,90.17,1,Tue,57
23100,S003,62.27,10,Sat,34
23101,S001,67.0,6,Wed,19
23102,S004,93.48,2,Thu,20
23103,S001,114.81,5,Tue,39
23104,S004,103.08,5,Mon,35
23105,S001,64.31,5,Wed,68
23106,S001,42.99,7,Mon,60
23107,S004,52.41,7,Fri,44
23108,S004,61.02,4,Sun,44
23109,S003,54.13,4,Thu,35
23110,S001,38.85,4,Tue,59
23111,S002,69.18,7,Sun,61
23112,S001,67.52,5,Sat,26
23113,S002,69.66,8,Thu,36
23114,S004,61.61,4,Wed,52
23115,S001,54.73,3,Fri,44
23116,S001,40.03,7,Sun,64
23117,S002,69.24,11,Fri,22
23118,S004,73.12,11,Sat,40
23119,S002,78.06,5,Tue,35
23120,S003,100.82,6,Sun,39
23121,S002,101.64,6,Mon,57
23122,S004,97.2,4,Tue,61
23123,S001,93.82,7,Sun,42
23124,S001,87.79,4,Wed,29
23125,S001,48.0,4,Fri,52
23126,S001,72.03,4,Mon,58
23127,S001,78.51,3,Fri,26
23128,S001,53.82,9,Tue,59
23129,S002,65.39,6,Mon,33
23130,S002,75.75,3,Fri,40
23131,S002,69.74,7,Thu,46
23132,S004,69.51,6,Sat,66
23133,S001,88.94,4,Sat,48
23134,S003,37.67,3,Tue,25
23135,S004,72.19,7,Fri,52
23136,S004,90.19,9,Sat,52
23137,S004,84.49,2,Sun,33
23138,S003,49.71,2,Sat,66
23139,S002,87.01,5,Wed,26
23140,S001,103.63,2,Fri,41
23141,S003,51.63,3,Sat,43
23142,S004,79.86,5,Tue,62
23143,S003,83.24,6,Thu,45
23144,S004,69.33,4,Sun,64
23145,S001,75.68,6,Sat,46
23146,S004,66.93,6,Wed,38
23147,S004,84.8,11,Wed,21
23148,S003,38.86,6,Tue,59
23149,S003,73.28,5,Thu,18
23150,S002,81.97,2,Fri,32
23151,S003,91.95,5,Tue,23
23152,S004,110.99,6,Sat,65
23153,S003,65.28,5,Thu,49
23154,S002,56.0,4,Tue,39
23155,S001,74.82,9,Fri,23
23156,S002,55.46,5,Sun,36
23157,S004,57.43,5,Sat,39
23158,S003,112.22,8,Wed,18
23159,S003,83.48,2,Mon,18
23160,S004,84.78,3,Tue,48
23161,S003,63.08,10,Fri,47
23162,S001,72.69,7,Wed,36
23163,S001,79.38,6,Sat,21
23164,S001,56.46,7,Tue,58
23165,S002,99.1,6,Thu,68
23166,S002,60.02,6,Fri,26
23167,S003,25.1,7,Tue,63
23168,S001,121.5,5,Mon,68
23169,S004,78.9,7,Thu,33
23170,S003,56.21,2,Wed,39
23171,S002,73.61,9,Thu,69
23172,S004,97.52,7,Sun,24
23173,S003,46.22,0,Wed,63
23174,S001,77.15,4,Mon,67
23175,S002,79.9,7,Sun,64
23176,S003,104.48,4,Fri,60
23177,S003,47.57,8,Thu,49
23178,S002,104.19,7,Mon,30
23179,S001,70.52,4,Thu,65
23180,S004,84.36,3,Wed,18
23181,S003,59.4,3,Thu,49
23182,S003,57.98,6,Wed,35
23183,S004,74.11,6,Fri,63
23184,S002,95.83,4,Sat,45
23185,S004,96.65,6,Sun,22
23186,S003,47.2,5,Thu,36
23187,S003,91.77,3,Tue,21
23188,S004,63.54,3,Mon,45
23189,S002,59.78,4,Mon,28
23190,S004,45.16,6,Wed,65
23191,S001,52.74,6,Tue,33
23192,S004,94.41,3,Fri,48
23193,S001,56.89,5,Thu,51
23194,S003,76.21,6,Sun,55
23195,S004,109.9,5,Mon,57
23196,S003,102.82,6,Wed,37
23197,S003,69.35,6,Tue,42
23198,S003,74.5,2,Thu,29
23199,S004,37.48,3,Tue,64
23200,S004,36.86,4,Mon,53
23201,S001,69.4,6,Mon,63
23202,S004,65.92,1,Thu,23
23203,S004,68.02,6,Tue,53
23204,S002,101.53,2,Mon,30
23205,S002,81.32,2,Sun,40
23206,S004,89.7,3,Fri,45
23207,S001,68.39,6,Thu,54
23208,S002,73.41,6,Sat,19
23209,S001,45.91,4,Wed,69
23210,S001,55.5,3,Fri,38
23211,S001,126.44,7,Sat,45
23212,S002,66.26,3,Thu,55
23213,S004,67.13,6,Thu,24
23214,S004,69.24,7,Thu,29
23215,S001,108.87,5,Thu,49
23216,S003,69.66,2,Fri,65
23217,S001,66.45,3,Sat,24
23218,S002,43.93,7,Sat,21
23219,S001,86.73,3,Sat,19
23220,S002,51.45,3,Mon,51
23221,S003,68.17,5,Mon,61
23222,S003,79.45,5,Mon,18
23223,S003,92.35,7,Fri,30
23224,S002,92.54,5,Fri,18
23225,S003,84.68,6,Mon,19
23226,S003,101.17,5,Sat,66
23227,S004,110.5,5,Thu,49
23228,S001,85.04,8,Sun,20
23229,S002,91.18,2,Thu,67
23230,S002,88.28,3,Mon,53
23231,S002,79.22,8,Wed,22
23232,S002,81.84,3,Fri,51
23233,S003,63.16,6,Tue,20
23234,S002,80.37,6,Wed,37
23235,S002,66.45,2,Tue,69
23236,S003,54.25,4,Fri,20
23237,S003,76.41,2,Mon,32
23238,S002,57.7,4,Mon,31
23239,S002,85.84,3,Fri,69
23240,S004,40.13,7,Sat,58
23241,S004,68.39,9,Mon,23
23242,S001,63.55,2,Sun,21
23243,S004,88.26,7,Thu,56
23244,S003,68.8,4,Mon,34
23245,S003,85.65,3,Fri,31
23246,S003,60.96,3,Fri,39
23247,S003,58.18,4,Wed,53
23248,S003,89.45,4,Wed,34
23249,S001,71.87,3,Thu,28
23250,S001,63.95,6,Tue,38
23251,S002,54.02,4,Tue,52
23252,S004,59.72,5,Wed,63
23253,S001,69.84,5,Sun,65
23254,S004,44.22,3,Sun,28
23255,S001,61.41,4,Thu,25
23256,S003,91.17,7,Sat,33
23257,S001,71.57,8,Tue,42
23258,S002,85.04,2,Sat,23
23259,S004,97.5,5,Fri,31
23260,S002,79.08,9,Sat,28
23261,S004,77.47,8,Sat,64
23262,S002,45.99,3,Thu,63
23263,S003,65.4,7,Tue,33
23264,S002,78.57,5,Fri,59
23265,S002,69.12,7,Sat,60
23266,S001,93.63,4,Wed,62
23267,S003,67.68,4,Sat,19
23268,S002,90.46,6,Thu,52
23269,S002,58.83,2,Sat,57
23270,S004,38.79,4,Wed,51
23271,S003,66.16,7,Thu,42
23272,S003,56.38,10,Tue,68
23273,S001,62.62,7,Mon,53
23274,S002,41.33,6,Tue,40
23275,S002,87.45,2,Sun,25
23276,S004,111.01,4,Mon,60
23277,S002,67.65,6,Thu,65
23278,S003,44.19,8,Sat,61
23279,S001,85.12,6,Fri,49
23280,S002,60.98,3,Wed,50
23281,S003,70.91,3,Fri,53
23282,S001,90.68,2,Mon,59
23283,S003,88.75,9,Sun,48
23284,S002,81.01,4,Tue,59
23285,S004,80.43,8,Wed,23
23286,S003,60.03,5,Fri,66
23287,S002,69.68,5,Sat,29
23288,S002,52.93,5,Fri,63
23289,S001,93.19,5,Thu,67
23290,S003,40.09,5,Wed,39
23291,S002,80.62,2,Mon,18
23292,S003,61.69,4,Sat,37
23293,S003,80.82,7,Sun,65
23294,S001,68.51,4,Fri,50
23295,S002,77.6,6,Wed,28
23296,S001,108.82,5,Tue,43
23297,S004,71.3,5,Wed,62
23298,S003,68.27,4,Tue,34
23299,S002,44.73,6,Sat,29
23300,S001,121.62,8,Sun,31
23301,S003,73.38,5,Wed,68
23302,S004,52.63,4,Thu,51
23303,S001,71.69,9,Fri,61
23304,S004,69.63,11,Sun,30
23305,S002,86.65,6,Mon,66
23306,S001,52.95,6,Wed,47
23307,S001,56.16,7,Sun,52
23308,S004,60.16,6,Fri,68
23309,S004,45.23,1,Sun,24
23310,S001,77.91,1,Thu,41
23311,S003,76.64,4,Wed,28
23312,S001,111.31,5,Tue,19
23313,S004,67.7,6,Thu,21
23314,S003,54.04,7,Wed,43
23315,S003,96.25,5,Wed,47
23316,S001,71.2,0,Mon,50
23317,S002,63.57,2,Fri,64
23318,S002,87.31,5,Fri,23
23319,S002,81.21,8,Mon,43
23320,S004,101.75,9,Mon,69
23321,S002,46.23,3,Sun,65
23322,S004,84.41,8,Fri,42
23323,S001,74.11,5,Fri,44
23324,S001,79.33,7,Thu,35
23325,S003,79.78,7,Fri,59
23326,S004,50.86,4,Sat,36
23327,S004,44.86,6,Fri,64
23328,S003,131.11,4,Thu,36
23329,S004,66.07,5,Mon,46
23330,S004,84.26,10,Tue,46
23331,S004,82.71,3,Sat,56
23332,S003,96.19,5,Mon,56
23333,S004,71.15,5,Tue,27
23334,S003,59.08,1,Thu,36
23335,S004,86.04,5,Mon,55
23336,S002,77.15,4,Mon,51
23337,S004,116.29,7,Fri,49
23338,S004,48.24,5,Fri,57
23339,S001,117.88,5,Sun,38
23340,S002,76.37,4,Sat,65
23341,S004,77.03,2,Tue,44
23342,S002,62.7,10,Fri,24
23343,S003,76.33,4,Wed,27
23344,S004,102.86,5,Fri,53
23345,S003,77.76,5,Sun,54
23346,S002,65.55,8,Mon,27
23347,S004,88.24,6,Sat,57
23348,S004,48.84,4,Sat,39
23349,S004,56.02,3,Sun,40
23350,S003,105.27,6,Sat,41
23351,S004,101.44,4,Thu,21
23352,S004,66.39,5,Thu,34
23353,S002,74.13,3,Wed,49
23354,S003,47.06,11,Sat,30
23355,S003,56.6,4,Wed,30
23356,S003,72.43,4,Wed,24
23357,S001,93.77,5,Wed,36
23358,S004,76.82,4,Tue,33
23359,S001,61.08,6,Wed,57
23360,S003,92.9,6,Sun,36
23361,S004,66.21,4,Thu,26
23362,S002,75.16,5,Wed,66
23363,S002,75.66,5,Sat,23
23364,S001,66.79,3,Sun,35
23365,S001,80.18,5,Sat,36
23366,S001,121.64,4,Thu,45
23367,S004,85.87,5,Mon,58
23368,S004,82.98,6,Sat,31
23369,S001,30.78,4,Sat,18
23370,S003,93.25,9,Fri,28
23371,S004,96.7,6,Wed,18
23372,S003,75.42,8,Sun,51
23373,S004,97.16,4,Sun,66
23374,S004,73.99,4,Fri,46
23375,S002,64.1,7,Mon,29
23376,S001,109.43,7,Tue,49
23377,S004,60.59,5,Sat,30
23378,S002,78.05,3,Thu,51
23379,S003,64.69,10,Sat,41
23380,S003,76.8,5,Wed,53
23381,S002,33.35,5,Tue,43
23382,S003,89.27,4,Wed,37
23383,S004,61.27,3,Sun,28
23384,S001,68.77,4,Wed,23
23385,S002,82.53,3,Sun,21
23386,S004,68.83,6,Mon,39
23387,S004,74.38,5,Fri,30
23388,S004,93.59,4,Thu,59
23389,S001,74.58,5,Sat,43
23390,S001,60.26,6,Sun,40
23391,S001,67.04,5,Wed,30
23392,S002,99.72,3,Thu,63
23393,S001,95.45,10,Thu,49
23394,S003,63.36,5,Sat,53
23395,S001,112.63,7,Mon,60
23396,S004,97.99,6,Mon,22
23397,S004,74.63,5,Tue,45
23398,S003,51.68,4,Sun,63
23399,S001,105.12,7,Tue,68
23400,S004,130.24,4,Sat,50
23401,S001,59.12,3,Thu,42
23402,S004,75.58,4,Fri,62
23403,S003,60.78,3,Sun,34
23404,S001,70.15,5,Sat,34
23405,S002,107.96,6,Sun,62
23406,S001,62.29,4,Tue,46
23407,S001,92.24,6,Tue,48
23408,S002,77.81,4,Thu,50
23409,S001,81.18,5,Thu,24
23410,S004,79.18,6,Sun,25
23411,S002,94.17,8,Sun,22
23412,S001,99.93,2,Mon,60
23413,S003,73.1,5,Sat,45
23414,S004,75.74,5,Sun,41
23415,S002,76.86,7,Wed,30
23416,S003,74.29,3,Tue,61
23417,S003,55.84,4,Mon,39
23418,S002,88.38,5,Sat,49
23419,S001,104.24,1,Sat,19
23420,S003,56.19,4,Thu,43
23421,S001,71.24,13,Sun,54
23422,S003,78.56,4,Mon,39
23423,S003,79.57,4,Sun,64
23424,S004,75.05,8,Sat,54
23425,S004,94.11,5,Mon,56
23426,S003,73.27,3,Fri,60
23427,S002,42.14,8,Wed,36
23428,S002,83.31,8,Fri,18
23429,S001,65.59,5,Fri,18
23430,S001,95.4,4,Sat,69
23431,S003,54.42,5,Fri,56
23432,S004,113.22,6,Tue,33
23433,S004,67.99,8,Sun,31
23434,S001,81.74,9,Tue,35
23435,S003,77.2,5,Thu,61
23436,S003,57.94,4,Tue,20
23437,S002,64.73,4,Wed,24
23438,S002,100.05,8,Thu,67
23439,S004,114.65,2,Tue,42
23440,S003,92.78,2,Wed,18
23441,S003,78.91,7,Fri,39
23442,S004,68.42,4,Sat,25
23443,S002,87.74,6,Sat,44
23444,S001,98.31,3,Mon,48
23445,S004,68.78,7,Sun,48
23446,S004,114.01,6,Mon,53
23447,S002,86.98,9,Mon,63
23448,S001,67.16,2,Sat,56
23449,S004,78.79,9,Mon,65
23450,S002,57.92,10,Tue,32
23451,S003,72.01,5,Mon,64
23452,S004,56.21,5,Wed,30
23453,S003,85.65,3,Fri,34
23454,S002,104.72,5,Wed,67
23455,S001,85.77,5,Sun,43
23456,S004,96.68,3,Sun,22
23457,S003,130.02,5,Wed,32
23458,S004,96.22,3,Tue,44
23459,S002,68.85,10,Fri,18
23460,S002,76.68,4,Sat,31
23461,S001,70.73,6,Tue,65
23462,S002,66.11,6,Mon,55
23463,S004,97.28,5,Thu,58
23464,S001,64.26,4,Thu,19
23465,S002,88.76,10,Sat,63
23466,S004,87.42,3,Mon,43
23467,S003,77.59,6,Thu,55
23468,S001,72.2,4,Sat,19
23469,S001,81.53,3,Wed,66
23470,S002,42.97,7,Fri,67
23471,S003,81.9,5,Fri,64
23472,S002,26.26,9,Wed,65
23473,S002,75.18,8,Thu,64
23474,S002,83.64,9,Sun,55
23475,S003,123.26,2,Tue,26
23476,S001,90.22,5,Thu,48
23477,S004,50.17,5,Wed,67
23478,S003,63.9,8,Thu,48
23479,S004,80.35,4,Thu,63
23480,S003,84.44,1,Wed,38
23481,S004,96.04,2,Wed,62
23482,S002,95.57,6,Sun,42
23483,S004,49.21,7,Sat,30
23484,S003,74.28,5,Mon,49
23485,S004,100.4,5,Thu,60
23486,S004,71.24,5,Sun,49
23487,S001,86.57,4,Fri,22
23488,S004,81.44,4,Sun,52
23489,S001,85.22,7,Sun,67
23490,S004,88.06,4,Sun,59
23491,S004,72.93,3,Thu,22
23492,S004,58.69,9,Fri,37
23493,S003,75.97,2,Mon,33
23494,S003,57.59,3,Sun,19
23495,S002,75.67,3,Mon,25
23496,S002,72.13,3,Fri,28
23497,S003,75.41,6,Tue,53
23498,S004,64.79,3,Fri,48
23499,S004,75.63,4,Sat,47
23500,S004,73.97,12,Sat,27
23501,S003,82.93,8,Wed,27
23502,S002,56.07,10,Wed,35
23503,S004,109.56,6,Sun,41
23504,S002,75.58,3,Sun,47
23505,S003,108.72,2,Sat,32
23506,S004,95.96,10,Fri,25
23507,S002,72.01,3,Fri,39
23508,S001,65.79,6,Wed,42
23509,S002,89.22,3,Wed,30
23510,S003,59.17,2,Fri,41
23511,S003,68.02,5,Mon,60
23512,S001,72.79,6,Fri,43
23513,S004,100.98,2,Fri,20
23514,S003,76.65,6,Mon,62
23515,S001,102.04,9,Sun,64
23516,S003,108.17,8,Thu,43
23517,S004,64.12,3,Tue,29
23518,S002,27.0,3,Sat,69
23519,S001,84.67,8,Fri,35
23520,S004,79.86,7,Tue,53
23521,S003,67.21,8,Fri,63
23522,S001,106.5,6,Thu,53
23523,S004,37.27,4,Mon,44
23524,S001,85.03,4,Fri,56
23525,S004,53.9,6,Mon,43
23526,S002,88.77,3,Tue,39
23527,S003,63.82,5,Thu,55
23528,S003,109.74,6,Sun,27
23529,S002,53.83,4,Wed,66
23530,S001,60.94,6,Sat,54
23531,S002,39.81,6,Sat,67
23532,S002,86.54,5,Mon,33
23533,S003,95.22,3,Wed,26
23534,S002,53.39,6,Wed,54
23535,S003,89.08,9,Sat,28
23536,S001,80.14,8,Sat,38
23537,S003,79.41,4,Thu,40
23538,S002,82.27,4,Tue,46
23539,S001,73.76,8,Sun,50
23540,S004,66.49,4,Wed,61
23541,S002,78.41,8,Fri,28
23542,S004,79.64,7,Fri,19
23543,S003,69.42,5,Fri,19
23544,S001,81.3,8,Tue,19
23545,S002,70.56,3,Tue,49
23546,S004,74.31,5,Tue,25
23547,S002,61.61,6,Wed,66
23548,S003,60.04,4,Sun,19
23549,S002,81.3,4,Wed,62
23550,S004,62.81,3,Mon,32
23551,S002,86.13,5,Mon,29
23552,S001,96.72,3,Tue,49
23553,S004,67.71,1,Thu,22
23554,S001,97.32,7,Tue,60
23555,S003,90.01,3,Thu,31
23556,S003,108.41,6,Mon,32
23557,S003,94.4,6,Wed,33
23558,S003,94.58,7,Fri,47
23559,S001,65.51,13,Wed,33
23560,S003,91.0,9,Thu,26
23561,S004,57.66,4,Sat,55
23562,S004,75.42,5,Tue,51
23563,S001,77.73,7,Thu,39
23564,S003,36.6,6,Mon,46
23565,S003,61.63,3,Thu,30
23566,S003,69.67,5,Wed,29
23567,S001,59.05,7,Wed,19
23568,S002,71.19,6,Sat,18
23569,S003,98.32,3,Sat,33
23570,S003,58.91,5,Sun,29
23571,S001,94.85,5,Thu,45
23572,S002,50.45,4,Thu,54
23573,S004,59.45,8,Fri,50
23574,S003,83.85,10,Fri,49
23575,S002,54.37,4,Sat,57
23576,S003,51.71,5,Fri,34
23577,S003,72.7,2,Fri,25
23578,S001,73.36,6,Sat,49
23579,S002,100.9,8,Sat,69
23580,S003,71.83,8,Fri,24
23581,S001,67.4,6,Tue,26
23582,S001,117.36,5,Thu,63
23583,S003,97.76,5,Mon,50
23584,S001,98.43,3,Sun,63
23585,S001,45.58,6,Mon,37
23586,S003,83.75,6,Sun,41
23587,S001,68.31,4,Fri,35
23588,S003,70.84,5,Thu,30
23589,S003,66.38,4,Thu,45
23590,S004,68.28,5,Mon,67
23591,S001,62.93,5,Fri,25
23592,S003,65.98,8,Wed,43
23593,S003,70.86,5,Thu,37
23594,S004,84.91,3,Tue,59
23595,S001,56.58,3,Mon,64
23596,S003,42.5,3,Sat,54
23597,S001,101.7,5,Sat,69
23598,S004,86.57,7,Tue,36
23599,S001,60.16,5,Thu,66
23600,S004,53.44,9,Sun,45
23601,S002,45.78,6,Sat,42
23602,S001,92.07,1,Thu,63
23603,S003,69.79,3,Tue,65
23604,S003,86.28,3,Sat,65
23605,S004,63.8,5,Mon,46
23606,S002,51.03,4,Mon,38
23607,S001,114.13,4,Sat,36
23608,S003,94.38,5,Fri,69
23609,S002,80.09,5,Wed,34
23610,S004,67.33,11,Sat,44
23611,S004,50.31,5,Thu,34
23612,S003,71.66,7,Wed,49
23613,S003,133.75,7,Sat,43
23614,S003,92.36,2,Thu,64
23615,S003,97.58,2,Tue,47
23616,S003,106.5,7,Fri,19
23617,S002,41.38,6,Wed,35
23618,S004,69.13,13,Wed,36
23619,S004,62.55,9,Thu,46
23620,S002,67.24,4,Fri,45
23621,S003,47.74,4,Thu,20
23622,S003,75.19,6,Tue,28
23623,S004,63.72,10,Sat,52
23624,S003,80.52,7,Thu,34
23625,S004,69.34,3,Sun,66
23626,S001,98.06,5,Sun,26
23627,S001,98.79,7,Sat,43
23628,S001,98.56,7,Sat,48
23629,S004,109.82,6,Fri,28
23630,S002,67.56,3,Wed,67
23631,S001,120.82,5,Thu,52
23632,S003,136.41,8,Mon,20
23633,S003,56.08,3,Mon,34
23634,S004,69.96,10,Fri,48
23635,S004,62.38,6,Wed,53
23636,S002,86.41,8,Sun,50
23637,S004,66.67,1,Thu,64
23638,S003,73.12,1,Wed,31
23639,S003,52.7,7,Wed,48
23640,S003,65.77,7,Tue,35
23641,S004,75.8,7,Mon,52
23642,S003,69.93,5,Tue,63
23643,S001,36.86,8,Wed,59
23644,S001,38.44,3,Sun,32
23645,S003,65.27,5,Thu,54
23646,S002,48.63,0,Thu,62
23647,S002,46.64,9,Mon,53
23648,S003,79.42,4,Tue,41
23649,S004,52.5,5,Sun,29
23650,S004,36.92,5,Thu,60
23651,S001,19.67,6,Sat,64
23652,S004,88.33,2,Fri,35
23653,S004,95.35,6,Tue,57
23654,S002,78.55,2,Fri,59
23655,S004,79.84,4,Sat,51
23656,S002,105.29,7,Tue,68
23657,S002,75.52,2,Wed,61
23658,S002,82.83,3,Thu,61
23659,S003,79.37,4,Sun,55
23660,S003,51.09,3,Sat,52
23661,S002,75.82,8,Sun,51
23662,S003,77.67,5,Tue,60
23663,S002,68.32,5,Sun,29
23664,S003,76.53,5,Wed,67
23665,S002,97.54,4,Thu,29
23666,S001,14.0,7,Tue,47
23667,S002,58.51,5,Sat,28
23668,S004,109.47,4,Thu,38
23669,S004,18.56,2,Thu,66
23670,S003,38.34,1,Sun,61
23671,S004,90.62,4,Sun,34
23672,S003,67.76,6,Mon,65
23673,S002,109.5,2,Mon,58
23674,S003,71.3,6,Mon,51
23675,S001,82.66,2,Mon,33
23676,S004,92.7,3,Wed,56
23677,S003,77.31,4,Thu,18
23678,S001,115.57,5,Fri,65
23679,S002,92.82,3,Wed,67
23680,S003,59.17,8,Sat,41
23681,S001,66.95,2,Sun,63
23682,S002,103.8,1,Tue,51
23683,S002,70.76,8,Wed,58
23684,S004,101.43,2,Fri,54
23685,S003,72.96,5,Wed,27
23686,S004,69.64,4,Mon,30
23687,S001,62.96,3,Wed,55
23688,S003,76.5,10,Wed,30
23689,S002,70.18,2,Fri,58
23690,S002,57.54,8,Tue,59
23691,S001,60.1,6,Sun,36
23692,S004,56.71,7,Tue,68
23693,S004,68.75,6,Mon,56
23694,S004,74.7,6,Sat,28
23695,S003,82.45,4,Sat,24
23696,S001,103.97,2,Mon,29
23697,S001,81.25,3,Sun,59
23698,S003,66.36,4,Thu,46
23699,S001,67.74,6,Sat,43
23700,S004,105.73,4,Tue,20
23701,S003,65.27,7,Mon,64
23702,S004,65.1,5,Wed,43
23703,S003,65.54,4,Thu,22
23704,S001,44.27,9,Wed,27
23705,S001,60.01,6,Mon,61
23706,S001,99.36,3,Tue,56
23707,S004,50.84,2,Mon,45
23708,S004,88.35,4,Mon,55
23709,S002,96.73,6,Sat,54
23710,S004,70.54,7,Sun,29
23711,S002,71.55,8,Wed,27
23712,S003,54.4,8,Tue,37
23713,S001,92.02,3,Tue,43
23714,S004,98.08,4,Sun,66
23715,S001,80.37,6,Wed,19
23716,S001,116.27,4,Thu,35
23717,S002,106.7,5,Wed,59
23718,S001,94.87,3,Sun,24
23719,S003,39.47,2,Thu,20
23720,S002,80.15,2,Tue,39
23721,S002,69.33,2,Tue,38
23722,S003,94.6,4,Sat,21
23723,S004,76.91,5,Thu,30
23724,S002,48.66,3,Tue,63
23725,S003,76.48,3,Wed,23
23726,S004,89.4,4,Wed,27
23727,S003,68.31,7,Sun,36
23728,S002,79.96,6,Sun,28
23729,S001,120.63,8,Fri,45
23730,S004,59.2,2,Sun,34
23731,S004,50.75,6,Mon,66
23732,S003,60.99,7,Tue,33
23733,S001,12.99,5,Sat,53
23734,S001,66.86,2,Sun,62
23735,S002,70.19,4,Sat,32
23736,S003,81.56,6,Thu,25
23737,S002,71.02,3,Mon,27
23738,S002,91.13,4,Fri,19
23739,S002,101.06,10,Mon,65
23740,S004,27.82,4,Sun,54
23741,S003,73.28,8,Wed,23
23742,S004,74.17,4,Sat,36
23743,S001,59.64,4,Thu,63
23744,S001,61.82,9,Tue,58
23745,S002,68.75,6,Sun,29
23746,S003,105.16,7,Mon,50
23747,S004,79.0,4,Fri,52
23748,S002,50.15,4,Thu,65
23749,S002,58.95,4,Sun,33
23750,S003,69.11,4,Tue,32
23751,S001,90.72,8,Fri,48
23752,S002,63.01,6,Tue,31
23753,S001,75.91,6,Tue,51
23754,S003,72.65,5,Sat,55
23755,S003,68.66,8,Wed,62
23756,S003,62.92,3,Sat,51
23757,S001,84.4,10,Sat,41
23758,S001,69.36,4,Tue,20
23759,S002,37.65,4,Thu,35
23760,S004,54.02,4,Tue,44
23761,S001,95.52,1,Wed,55
23762,S002,55.85,2,Sat,69
23763,S004,102.2,6,Wed,40
23764,S002,39.3,7,Fri,27
23765,S002,100.5,6,Thu,26
23766,S004,102.46,8,Sat,66
23767,S004,74.47,5,Sat,63
23768,S004,56.4,8,Fri,66
23769,S002,71.89,5,Sat,55
23770,S003,63.76,3,Mon,45
23771,S004,69.58,6,Fri,51
23772,S003,63.59,6,Mon,25
23773,S002,67.11,11,Sat,59
23774,S004,81.49,9,Fri,65
23775,S004,49.7,3,Fri,64
23776,S002,101.86,2,Fri,19
23777,S004,65.57,4,Sat,39
23778,S004,72.06,4,Thu,51
23779,S002,86.69,2,Sat,19
23780,S001,90.6,2,Fri,39
23781,S001,69.06,5,Fri,64
23782,S001,69.24,3,Wed,57
23783,S001,98.48,5,Sun,51
23784,S003,68.94,3,Mon,61
23785,S001,54.43,6,Wed,19
23786,S001,24.45,6,Sun,57
23787,S001,112.73,6,Mon,39
23788,S003,86.88,2,Wed,39
23789,S004,43.86,8,Thu,35
23790,S001,78.32,7,Fri,24
23791,S002,96.9,2,Mon,29
23792,S003,66.16,8,Tue,46
23793,S003,84.28,4,Tue,28
23794,S004,57.78,5,Wed,69
23795,S003,39.05,6,Wed,23
23796,S004,62.32,3,Tue,22
23797,S003,43.84,1,Fri,69
23798,S002,102.35,4,Thu,68
23799,S001,38.96,7,Fri,56
23800,S002,65.64,4,Fri,44
23801,S001,47.94,3,Tue,66
23802,S002,68.41,5,Wed,69
23803,S001,74.42,1,Tue,33
23804,S002,92.97,7,Thu,25
23805,S001,85.29,8,Thu,61
23806,S002,44.32,6,Wed,57
23807,S003,89.83,6,Wed,55
23808,S003,65.09,4,Thu,43
23809,S002,49.64,6,Sat,39
23810,S004,105.99,3,Mon,37
23811,S004,94.79,7,Sun,36
23812,S002,97.67,3,Mon,53
23813,S003,77.34,4,Sun,49
23814,S001,85.01,3,Sun,66
23815,S004,81.21,2,Thu,52
23816,S002,92.28,9,Tue,29
23817,S004,35.25,10,Tue,51
23818,S001,80.8,5,Tue,52
23819,S002,57.21,7,Fri,42
23820,S001,67.13,0,Fri,60
23821,S004,67.62,7,Sat,33
23822,S003,30.2,9,Mon,38
23823,S002,83.02,6,Sat,50
23824,S004,104.22,4,Tue,20
23825,S002,70.78,2,Mon,63
23826,S001,81.42,3,Thu,55
23827,S002,98.85,10,Sat,39
23828,S003,56.11,3,Sat,25
23829,S002,59.64,2,Sun,51
23830,S001,74.6,3,Thu,60
23831,S003,89.02,6,Sat,48
23832,S002,55.07,4,Thu,27
23833,S004,78.76,8,Sat,39
23834,S002,43.08,0,Sat,56
23835,S003,98.88,4,Fri,69
23836,S002,102.77,5,Fri,26
23837,S002,81.1,4,Thu,20
23838,S001,65.17,5,Sat,23
23839,S001,73.9,3,Tue,56
23840,S003,91.54,6,Mon,44
23841,S002,73.25,10,Wed,35
23842,S002,86.83,8,Wed,36
23843,S004,68.34,7,Fri,68
23844,S003,61.73,8,Mon,61
23845,S001,98.25,5,Sat,56
23846,S003,86.27,4,Sat,61
23847,S001,106.59,5,Sun,39
23848,S001,89.65,8,Mon,57
23849,S004,85.28,5,Tue,63
23850,S003,90.95,6,Mon,23
23851,S003,54.02,7,Fri,49
23852,S001,57.77,5,Sat,21
23853,S002,73.29,3,Sat,49
23854,S004,51.47,3,Mon,42
23855,S003,88.97,4,Thu,53
23856,S001,89.43,2,Fri,44
23857,S004,81.08,3,Sun,46
23858,S004,90.74,2,Mon,27
23859,S002,90.29,8,Sat,54
23860,S001,108.65,3,Tue,40
23861,S003,68.55,4,Sun,22
23862,S003,61.17,7,Tue,52
23863,S001,54.25,7,Mon,28
23864,S001,120.19,5,Wed,18
23865,S002,81.51,4,Fri,24
23866,S003,9.32,6,Sun,68
23867,S001,55.34,9,Tue,33
23868,S003,87.35,4,Wed,39
23869,S003,36.71,4,Wed,66
23870,S002,107.77,10,Mon,56
23871,S003,81.38,7,Wed,68
23872,S004,55.92,2,Thu,40
23873,S002,48.08,8,Fri,27
23874,S003,97.56,2,Thu,25
23875,S001,82.89,7,Mon,29
23876,S004,69.37,5,Wed,68
23877,S003,61.66,3,Sun,48
23878,S004,109.9,4,Fri,33
23879,S001,108.77,5,Thu,46
23880,S004,107.06,8,Tue,67
23881,S002,78.28,2,Mon,18
23882,S003,101.71,4,Wed,25
23883,S003,63.41,5,Fri,44
23884,S004,45.99,5,Thu,63
23885,S002,76.69,5,Tue,52
23886,S002,79.99,7,Fri,30
23887,S001,77.93,4,Thu,59
23888,S001,25.05,2,Mon,29
23889,S004,66.07,4,Tue,32
23890,S003,49.93,9,Fri,44
23891,S003,94.91,4,Tue,23
23892,S001,60.64,3,Fri,67
23893,S002,55.12,9,Wed,68
23894,S001,44.72,6,Mon,57
23895,S002,67.9,4,Sat,61
23896,S003,73.77,4,Thu,35
23897,S004,107.74,4,Sat,23
23898,S001,68.45,5,Wed,25
23899,S003,60.9,5,Fri,35
23900,S001,74.31,7,Fri,62
23901,S003,91.48,8,Sat,30
23902,S001,73.44,10,Fri,53
23903,S002,78.59,4,Mon,60
23904,S004,52.03,6,Fri,29
23905,S004,61.13,6,Thu,62
23906,S001,88.88,4,Fri,62
23907,S002,75.24,8,Mon,57
23908,S004,96.69,4,Tue,32
23909,S003,52.69,10,Sun,38
23910,S001,70.69,5,Sun,29
23911,S002,78.84,7,Sun,47
23912,S002,79.97,2,Fri,49
23913,S002,97.65,1,Thu,44
23914,S003,58.83,3,Fri,52
23915,S004,113.12,4,Mon,37
23916,S002,79.28,3,Wed,53
23917,S004,125.33,9,Thu,46
23918,S001,78.39,6,Sun,46
23919,S004,80.75,9,Mon,56
23920,S004,65.51,9,Fri,69
23921,S003,79.54,8,Thu,68
23922,S002,87.22,7,Thu,37
23923,S002,92.99,4,Sun,22
23924,S001,100.08,4,Wed,69
23925,S002,96.65,5,Fri,21
23926,S003,23.04,3,Tue,22
23927,S001,92.23,4,Wed,33
23928,S003,50.47,2,Sun,24
23929,S001,50.49,9,Fri,29
23930,S003,40.32,6,Sat,59
23931,S003,74.86,2,Tue,42
23932,S003,91.02,3,Tue,57
23933,S001,95.97,4,Sun,65
23934,S004,77.76,8,Mon,43
23935,S003,103.29,8,Sat,66
23936,S002,19.8,9,Tue,31
23937,S004,21.66,4,Tue,61
23938,S002,86.44,5,Sat,69
23939,S003,96.85,6,Fri,63
23940,S003,85.45,2,Mon,56
23941,S001,43.36,4,Mon,20
23942,S002,107.53,6,Sat,60
23943,S002,91.91,6,Sat,40
23944,S004,48.69,7,Tue,53
23945,S002,90.13,3,Sun,26
23946,S003,92.65,3,Mon,38
23947,S002,109.98,9,Sat,68
23948,S001,32.82,5,Thu,37
23949,S001,68.86,9,Thu,65
23950,S003,55.27,2,Mon,20
23951,S003,8.18,5,Tue,23
23952,S002,92.76,5,Mon,57
23953,S004,64.82,5,Sat,30
23954,S003,41.0,6,Sat,38
23955,S004,41.26,2,Tue,52
23956,S001,60.85,4,Sun,30
23957,S001,43.72,4,Wed,46
23958,S004,76.9,4,Sun,64
23959,S004,44.0,8,Sun,19
23960,S001,87.42,2,Sun,25
23961,S002,67.68,6,Mon,25
23962,S001,58.03,5,Sun,48
23963,S003,78.87,7,Mon,61
23964,S004,48.35,0,Tue,53
23965,S001,67.29,4,Mon,24
23966,S002,70.51,7,Mon,24
23967,S002,85.89,2,Tue,43
23968,S002,121.59,5,Tue,33
23969,S004,77.04,4,Tue,46
23970,S003,76.8,1,Tue,45
23971,S001,34.14,6,Fri,63
23972,S003,78.69,7,Sun,65
23973,S004,96.17,13,Sat,35
23974,S002,66.47,5,Fri,58
23975,S001,69.51,0,Fri,66
23976,S001,55.21,7,Thu,19
23977,S001,46.56,2,Thu,24
23978,S004,77.17,5,Thu,66
23979,S003,89.28,6,Mon,43
23980,S002,60.86,6,Thu,48
23981,S004,61.55,5,Sun,52
23982,S003,52.66,6,Thu,58
23983,S002,97.01,7,Sun,21
23984,S003,104.03,6,Tue,40
23985,S003,80.35,5,Tue,57
23986,S004,90.49,5,Thu,41
23987,S004,66.11,6,Sat,67
23988,S003,45.32,5,Thu,22
23989,S004,65.51,3,Fri,25
23990,S003,87.42,3,Sat,66
23991,S002,77.57,5,Mon,21
23992,S003,83.25,9,Fri,62
23993,S001,58.61,3,Mon,60
23994,S001,80.59,3,Fri,29
23995,S003,89.86,3,Thu,23
23996,S002,61.57,3,Fri,38
23997,S004,63.17,4,Wed,53
23998,S002,75.96,6,Mon,64
23999,S004,35.75,8,Fri,68
24000,S004,72.14,2,Sun,32
24001,S001,51.79,3,Mon,30
24002,S004,89.5,2,Sat,23
24003,S003,85.57,4,Mon,36
24004,S003,82.83,6,Tue,20
24005,S003,91.4,6,Tue,24
24006,S003,74.62,5,Fri,48
24007,S002,81.18,7,Mon,65
24008,S004,91.43,3,Sun,20
24009,S001,50.71,5,Sat,19
24010,S001,92.38,2,Wed,22
24011,S004,78.56,5,Mon,53
24012,S001,67.31,9,Sun,24
24013,S002,79.37,10,Mon,67
24014,S001,95.25,4,Fri,34
24015,S002,86.69,3,Thu,27
24016,S002,91.03,6,Wed,53
24017,S002,49.14,1,Tue,68
24018,S002,79.67,1,Fri,66
24019,S002,54.75,3,Wed,69
24020,S004,72.96,6,Sat,34
24021,S003,83.55,4,Wed,43
24022,S004,66.56,3,Wed,37
24023,S001,91.76,8,Tue,32
24024,S002,93.03,5,Fri,34
24025,S001,64.93,4,Fri,49
24026,S001,81.8,5,Tue,26
24027,S004,75.76,5,Tue,28
24028,S002,103.26,5,Thu,31
24029,S003,92.2,9,Sun,68
24030,S001,103.45,6,Sun,62
24031,S004,64.97,5,Tue,44
24032,S001,72.4,6,Fri,41
24033,S004,53.28,3,Fri,31
24034,S003,31.09,3,Mon,47
24035,S004,65.55,6,Sun,38
24036,S003,49.39,3,Sun,58
24037,S004,92.7,5,Tue,19
24038,S001,54.54,3,Tue,29
24039,S003,36.43,2,Wed,60
24040,S004,114.01,6,Thu,46
24041,S004,50.79,6,Wed,23
24042,S002,58.66,3,Mon,68
24043,S004,107.8,6,Tue,19
24044,S001,70.39,9,Sat,25
24045,S003,45.27,5,Tue,58
24046,S002,56.84,7,Wed,61
24047,S003,69.81,3,Tue,46
24048,S001,62.02,4,Wed,34
24049,S001,52.49,4,Tue,22
24050,S001,79.81,4,Fri,61
24051,S002,75.15,6,Sat,33
24052,S004,62.69,1,Tue,31
24053,S001,62.45,2,Thu,39
24054,S004,99.28,4,Sun,59
24055,S003,77.52,7,Sat,33
24056,S002,66.28,5,Sat,33
24057,S001,69.29,7,Sat,67
24058,S002,56.36,3,Thu,51
24059,S003,80.78,0,Thu,67
24060,S004,75.38,7,Wed,32
24061,S001,81.4,2,Mon,30
24062,S002,77.96,6,Thu,18
24063,S003,68.24,3,Wed,56
24064,S001,46.87,6,Mon,39
24065,S003,72.04,4,Thu,32
24066,S002,115.43,4,Mon,57
24067,S004,77.72,8,Tue,43
24068,S003,81.59,9,Sat,65
24069,S004,47.4,5,Wed,50
24070,S001,95.99,5,Sun,32
24071,S004,62.95,6,Wed,19
24072,S004,89.24,5,Tue,42
24073,S004,69.19,4,Sat,45
24074,S004,76.48,3,Tue,41
24075,S004,112.64,5,Mon,49
24076,S004,75.83,3,Tue,44
24077,S002,88.45,3,Thu,45
24078,S002,49.51,6,Sun,69
24079,S004,82.61,4,Thu,26
24080,S003,68.07,9,Wed,53
24081,S002,52.59,0,Mon,20
24082,S003,100.42,2,Tue,52
24083,S002,74.28,6,Sat,22
24084,S001,66.59,5,Wed,69
24085,S004,91.96,1,Tue,31
24086,S001,70.68,3,Wed,63
24087,S001,54.34,5,Tue,30
24088,S004,83.99,5,Thu,58
24089,S001,80.56,3,Fri,56
24090,S002,35.53,7,Sun,51
24091,S001,59.58,5,Sun,21
24092,S004,71.75,7,Sat,50
24093,S002,80.18,4,Sun,45
24094,S002,63.83,3,Tue,47
24095,S002,82.28,2,Fri,22
24096,S002,37.6,5,Thu,44
24097,S003,76.06,6,Tue,62
24098,S001,54.41,6,Sun,43
24099,S003,59.96,3,Sat,63
24100,S003,69.3,5,Sat,48
24101,S002,72.95,6,Sun,67
24102,S001,82.84,6,Wed,68
24103,S003,54.77,1,Wed,38
24104,S002,50.92,7,Sun,21
24105,S001,63.64,0,Sat,57
24106,S003,102.37,3,Sat,63
24107,S001,74.35,9,Tue,18
24108,S004,78.21,4,Mon,39
24109,S002,35.82,4,Fri,57
24110,S001,59.93,1,Mon,40
24111,S001,85.9,2,Thu,34
24112,S003,66.62,5,Sat,30
24113,S001,105.7,8,Mon,69
24114,S003,89.5,5,Sun,49
24115,S003,72.43,7,Tue,28
24116,S001,59.6,2,Tue,68
24117,S004,47.19,7,Thu,18
24118,S003,79.6,3,Wed,23
24119,S001,73.78,4,Wed,27
24120,S001,65.09,3,Tue,39
24121,S003,83.08,1,Sat,34
24122,S002,28.53,3,Wed,63
24123,S002,64.67,1,Thu,27
24124,S004,51.93,4,Thu,57
24125,S001,77.95,2,Sat,52
24126,S001,68.87,3,Sun,18
24127,S004,68.24,4,Thu,46
24128,S003,83.87,5,Sat,28
24129,S004,78.3,8,Tue,19
24130,S003,74.49,4,Wed,28
24131,S003,69.81,2,Thu,22
24132,S004,81.91,4,Fri,56
24133,S002,52.56,4,Tue,34
24134,S004,97.88,6,Sat,67
24135,S002,113.66,5,Sat,25
24136,S004,69.67,6,Mon,67
24137,S004,88.11,6,Wed,28
24138,S001,83.06,3,Thu,66
24139,S003,88.69,8,Tue,39
24140,S003,85.4,6,Mon,66
24141,S002,39.23,3,Tue,65
24142,S003,73.72,2,Fri,36
24143,S001,93.29,10,Mon,20
24144,S002,98.75,3,Wed,40
24145,S003,70.39,6,Thu,67
24146,S003,104.11,6,Tue,45
24147,S003,76.52,4,Sat,21
24148,S004,81.39,4,Wed,44
24149,S001,78.8,4,Mon,60
24150,S003,78.39,10,Fri,19
24151,S002,79.6,3,Mon,63
24152,S002,97.51,6,Thu,20
24153,S002,101.7,6,Wed,28
24154,S003,46.74,6,Tue,38
24155,S003,91.36,4,Mon,52
24156,S004,81.21,7,Mon,63
24157,S002,76.97,3,Sat,43
24158,S001,81.96,6,Sat,40
24159,S001,58.93,3,Tue,67
24160,S004,84.05,7,Thu,23
24161,S004,70.84,2,Mon,61
24162,S001,68.34,9,Tue,59
24163,S003,59.52,5,Fri,28
24164,S001,96.73,4,Wed,32
24165,S004,82.64,6,Sat,20
24166,S001,57.23,5,Mon,26
24167,S001,93.6,10,Sat,53
24168,S002,80.86,4,Mon,18
24169,S004,72.69,6,Tue,46
24170,S004,90.46,6,Wed,47
24171,S001,61.05,6,Wed,68
24172,S003,55.63,6,Thu,19
24173,S004,101.39,2,Sun,38
24174,S003,39.34,3,Wed,48
24175,S003,68.17,6,Wed,48
24176,S003,50.25,4,Wed,51
24177,S001,53.45,6,Wed,66
24178,S002,63.32,5,Thu,51
24179,S004,59.15,2,Mon,19
24180,S004,63.98,4,Fri,53
24181,S003,101.27,7,Thu,26
24182,S002,81.41,6,Tue,63
24183,S004,101.65,4,Mon,45
24184,S001,84.85,4,Fri,56
24185,S004,114.94,5,Thu,69
24186,S002,84.9,3,Fri,32
24187,S004,77.62,6,Tue,40
24188,S001,104.79,6,Tue,56
24189,S001,86.19,6,Sat,18
24190,S003,84.93,5,Fri,60
24191,S002,100.9,4,Mon,66
24192,S003,57.11,5,Sat,33
24193,S002,81.85,6,Tue,40
24194,S002,66.34,4,Tue,62
24195,S003,58.23,2,Tue,66
24196,S003,81.97,10,Sat,20
24197,S001,63.67,5,Sat,56
24198,S004,43.39,9,Sat,38
24199,S002,50.85,6,Fri,30
24200,S003,95.02,5,Sun,63
24201,S001,51.89,10,Fri,24
24202,S004,52.84,6,Sun,60
24203,S004,80.33,7,Thu,18
24204,S004,73.31,4,Fri,33
24205,S002,46.97,4,Sun,67
24206,S002,73.83,6,Thu,49
24207,S001,64.18,2,Mon,38
24208,S002,56.68,7,Thu,61
24209,S001,74.9,5,Wed,61
24210,S001,63.78,4,Thu,23
24211,S002,55.1,5,Mon,46
24212,S001,110.98,5,Sat,69
24213,S002,117.09,3,Wed,33
24214,S002,81.49,8,Tue,22
24215,S002,91.29,7,Sun,35
24216,S003,66.36,7,Wed,67
24217,S003,76.5,7,Sat,19
24218,S004,85.51,5,Tue,46
24219,S002,91.91,4,Fri,68
24220,S002,85.68,5,Thu,52
24221,S003,102.58,5,Sat,25
24222,S003,71.26,5,Wed,52
24223,S003,77.56,5,Sun,39
24224,S004,57.17,9,Fri,48
24225,S003,73.92,2,Sat,22
24226,S002,72.91,3,Mon,36
24227,S002,43.41,5,Tue,64
24228,S004,53.49,5,Sun,46
24229,S003,55.46,3,Thu,51
24230,S001,67.43,7,Sat,42
24231,S002,71.41,5,Mon,34
24232,S001,78.35,5,Fri,50
24233,S004,94.44,6,Sat,52
24234,S002,68.35,5,Thu,56
24235,S001,56.6,3,Sat,45
24236,S003,61.02,4,Mon,18
24237,S003,59.37,3,Thu,41
24238,S004,59.25,6,Sun,35
24239,S002,95.73,4,Tue,21
24240,S004,96.3,4,Sat,29
24241,S001,81.52,5,Wed,20
24242,S003,117.04,8,Thu,54
24243,S003,75.08,2,Sun,54
24244,S004,33.14,4,Mon,60
24245,S003,88.62,4,Tue,68
24246,S001,57.09,4,Tue,23
24247,S002,62.51,3,Fri,67
24248,S003,127.98,6,Mon,52
24249,S002,104.72,5,Mon,40
24250,S002,52.4,6,Wed,25
24251,S003,74.8,6,Mon,65
24252,S002,67.67,2,Mon,36
24253,S002,72.69,6,Mon,18
24254,S002,70.57,5,Wed,55
24255,S004,75.66,4,Fri,56
24256,S003,68.1,6,Tue,57
24257,S001,41.7,7,Thu,19
24258,S004,98.99,6,Mon,53
24259,S004,53.3,3,Sun,43
24260,S002,76.15,3,Mon,67
24261,S004,61.35,3,Tue,47
24262,S003,84.19,5,Tue,61
24263,S003,83.73,4,Sun,61
24264,S003,53.75,8,Fri,47
24265,S002,87.96,4,Thu,42
24266,S002,77.31,4,Sun,25
24267,S002,87.7,4,Thu,59
24268,S003,92.31,3,Mon,68
24269,S003,71.2,2,Mon,58
24270,S003,87.39,3,Wed,55
24271,S002,101.5,5,Fri,26
24272,S003,15.19,3,Sat,67
24273,S004,55.34,5,Thu,42
24274,S003,121.08,4,Mon,33
24275,S001,91.58,5,Sat,67
24276,S001,61.62,8,Wed,50
24277,S002,69.05,4,Wed,33
24278,S004,80.71,3,Sat,63
24279,S002,80.03,1,Mon,19
24280,S001,54.92,9,Tue,30
24281,S002,76.49,7,Sat,48
24282,S003,88.67,3,Fri,65
24283,S004,68.96,6,Fri,28
24284,S003,76.31,7,Wed,43
24285,S003,80.53,3,Wed,59
24286,S003,96.15,6,Mon,35
24287,S004,80.06,5,Fri,50
24288,S004,33.7,7,Fri,19
24289,S003,69.95,9,Thu,46
24290,S004,86.27,4,Thu,39
24291,S001,89.25,3,Tue,40
24292,S002,87.46,0,Thu,52
24293,S003,99.26,4,Sun,59
24294,S003,68.16,5,Sat,38
24295,S004,62.45,6,Thu,48
24296,S004,53.35,5,Sun,28
24297,S004,102.69,1,Mon,66
24298,S004,42.37,11,Sun,18
24299,S003,93.65,2,Mon,34
24300,S004,69.34,4,Wed,60
24301,S003,52.41,8,Mon,42
24302,S004,81.43,2,Thu,61
24303,S004,72.17,2,Mon,19
24304,S002,63.52,4,Fri,43
24305,S002,37.95,5,Fri,37
24306,S004,77.75,4,Thu,67
24307,S003,92.05,3,Wed,41
24308,S001,94.59,4,Mon,26
24309,S003,66.62,8,Mon,49
24310,S002,72.79,5,Fri,69
24311,S004,58.91,6,Fri,30
24312,S002,110.44,7,Tue,36
24313,S003,31.45,4,Tue,62
24314,S002,35.87,5,Fri,25
24315,S002,73.42,5,Mon,62
24316,S004,105.43,1,Sat,67
24317,S004,56.11,3,Thu,51
24318,S002,79.3,4,Tue,57
24319,S001,59.14,2,Thu,19
24320,S003,77.18,6,Thu,30
24321,S003,76.38,6,Fri,54
24322,S004,69.46,4,Fri,58
24323,S004,71.23,3,Wed,53
24324,S002,73.9,6,Mon,28
24325,S004,57.83,5,Sun,47
24326,S001,89.89,6,Fri,44
24327,S001,68.42,3,Thu,54
24328,S001,66.59,4,Sat,68
24329,S004,87.97,5,Tue,19
24330,S003,38.92,10,Wed,52
24331,S004,62.57,4,Sat,22
24332,S003,80.93,4,Mon,66
24333,S001,63.28,5,Sun,33
24334,S003,79.15,4,Thu,69
24335,S001,82.7,6,Mon,68
24336,S003,74.67,4,Wed,69
24337,S001,89.84,4,Wed,42
24338,S004,60.44,6,Sun,20
24339,S004,81.46,4,Mon,32
24340,S004,54.44,4,Wed,67
24341,S003,79.03,6,Tue,62
24342,S003,71.11,9,Sun,62
24343,S004,73.24,3,Thu,38
24344,S004,86.61,4,Tue,49
24345,S003,83.47,6,Sat,26
24346,S002,86.98,4,Mon,24
24347,S004,41.08,6,Wed,49
24348,S001,40.53,5,Tue,42
24349,S001,71.69,6,Tue,57
24350,S001,74.54,5,Fri,65
24351,S004,82.44,9,Sat,59
24352,S002,64.44,5,Sun,52
24353,S003,34.97,4,Tue,20
24354,S003,63.55,6,Sat,19
24355,S002,53.43,3,Wed,66
24356,S003,71.86,7,Sat,65
24357,S001,66.66,3,Sat,25
24358,S002,97.19,4,Sun,23
24359,S002,92.08,5,Fri,43
24360,S001,61.84,5,Wed,51
24361,S003,79.92,10,Fri,47
24362,S002,104.15,6,Fri,44
24363,S003,66.51,0,Mon,31
24364,S004,85.2,5,Sun,62
24365,S001,87.72,8,Thu,30
24366,S001,69.88,4,Fri,39
24367,S003,75.44,5,Fri,27
24368,S004,11.69,5,Sun,23
24369,S001,90.05,8,Tue,44
24370,S004,78.25,5,Mon,26
24371,S004,51.04,2,Mon,18
24372,S002,44.16,5,Thu,49
24373,S002,49.36,4,Wed,48
24374,S002,28.5,8,Thu,39
24375,S001,74.22,7,Thu,19
24376,S002,113.98,4,Fri,29
24377,S003,41.82,4,Thu,18
24378,S003,69.9,5,Wed,51
24379,S004,57.83,5,Thu,44
24380,S004,62.47,6,Tue,67
24381,S004,76.81,5,Mon,29
24382,S001,122.88,6,Thu,40
24383,S003,92.62,5,Thu,28
24384,S001,22.85,10,Mon,65
24385,S001,85.94,2,Sat,59
24386,S004,69.35,7,Tue,61
24387,S002,39.18,2,Mon,63
24388,S004,42.55,7,Sat,48
24389,S003,76.89,5,Fri,35
24390,S003,61.42,1,Tue,39
24391,S004,74.29,4,Sun,50
24392,S004,62.75,10,Tue,23
24393,S003,59.63,6,Fri,57
24394,S002,64.21,6,Sat,67
24395,S002,67.04,2,Tue,58
24396,S003,92.36,6,Thu,30
24397,S001,31.64,9,Thu,22
24398,S003,64.72,4,Sun,21
24399,S002,91.53,4,Mon,64
24400,S003,105.93,5,Fri,30
24401,S004,63.76,4,Thu,24
24402,S002,56.11,6,Wed,61
24403,S004,56.56,4,Sat,18
24404,S003,64.03,3,Mon,33
24405,S004,85.94,4,Thu,40
24406,S004,71.13,1,Thu,34
24407,S003,80.66,2,Tue,53
24408,S003,59.1,2,Tue,38
24409,S003,74.22,3,Fri,61
24410,S004,59.84,7,Tue,43
24411,S001,100.04,7,Thu,63
24412,S001,125.01,4,Mon,22
24413,S001,65.75,4,Sat,33
24414,S004,89.75,12,Sun,42
24415,S003,90.13,3,Sun,67
24416,S001,115.17,3,Thu,48
24417,S001,91.9,5,Thu,50
24418,S002,92.29,9,Fri,46
24419,S002,76.69,3,Wed,25
24420,S003,87.09,4,Sat,26
24421,S001,69.12,7,Fri,20
24422,S003,60.78,6,Sun,21
24423,S002,42.63,3,Sat,69
24424,S002,51.93,3,Mon,21
24425,S001,64.53,4,Thu,35
24426,S004,92.86,5,Fri,42
24427,S001,76.53,5,Fri,42
24428,S002,79.5,8,Sun,61
24429,S004,8.78,2,Tue,67
24430,S003,50.86,6,Tue,32
24431,S004,63.94,13,Thu,67
24432,S004,80.63,6,Sun,37
24433,S002,73.55,7,Tue,65
24434,S004,84.0,2,Mon,33
24435,S001,64.39,6,Fri,54
24436,S001,75.44,7,Tue,63
24437,S001,85.82,3,Thu,31
24438,S001,86.04,6,Tue,22
24439,S003,97.21,2,Mon,67
24440,S004,59.96,4,Thu,46
24441,S001,26.8,3,Sat,25
24442,S001,92.04,2,Mon,40
24443,S001,81.25,5,Fri,59
24444,S003,47.37,3,Sat,55
24445,S002,56.87,1,Mon,66
24446,S002,76.01,6,Fri,44
24447,S004,63.63,4,Mon,39
24448,S001,91.69,5,Tue,50
24449,S003,75.91,6,Tue,59
24450,S004,64.99,3,Sat,44
24451,S004,74.56,4,Fri,49
24452,S003,87.28,2,Mon,57
24453,S004,44.74,6,Wed,54
24454,S004,58.54,10,Fri,50
24455,S003,49.27,5,Fri,39
24456,S002,76.52,5,Mon,20
24457,S002,67.33,4,Tue,24
24458,S001,94.83,7,Sat,21
24459,S004,70.69,6,Sun,37
24460,S002,37.94,7,Tue,32
24461,S003,57.86,5,Thu,55
24462,S001,91.73,7,Sun,69
24463,S003,78.77,4,Mon,57
24464,S001,57.32,5,Wed,55
24465,S003,46.31,3,Fri,66
24466,S002,84.24,4,Sun,67
24467,S004,112.11,3,Wed,54
24468,S003,110.53,7,Fri,50
24469,S001,79.82,6,Sat,43
24470,S002,67.02,10,Tue,36
24471,S002,48.65,6,Sun,42
24472,S002,81.63,6,Thu,54
24473,S002,44.19,11,Mon,65
24474,S003,91.13,5,Thu,48
24475,S004,87.28,5,Wed,51
24476,S001,96.3,3,Tue,62
24477,S004,63.19,6,Sat,33
24478,S001,83.81,2,Mon,19
24479,S002,96.88,6,Sat,66
24480,S003,61.31,9,Fri,33
24481,S002,58.49,1,Wed,30
24482,S003,75.6,6,Sun,26
24483,S002,98.45,2,Tue,31
24484,S003,86.1,2,Thu,48
24485,S002,36.93,7,Fri,59
24486,S003,31.99,5,Sun,24
24487,S002,93.88,7,Fri,65
24488,S003,91.61,5,Sat,46
24489,S001,91.05,9,Thu,36
24490,S003,74.21,5,Mon,32
24491,S003,39.55,7,Thu,27
24492,S004,60.74,6,Thu,41
24493,S003,47.93,4,Fri,31
24494,S001,70.41,4,Tue,44
24495,S001,87.72,7,Thu,47
24496,S002,81.61,5,Fri,25
24497,S003,78.4,3,Mon,62
24498,S002,66.51,3,Mon,57
24499,S002,53.95,3,Fri,55
24500,S002,42.97,5,Fri,32
24501,S004,91.89,7,Thu,31
24502,S003,84.04,4,Sun,62
24503,S001,60.31,7,Mon,23
24504,S004,55.92,4,Tue,45
24505,S004,76.32,4,Tue,20
24506,S004,69.41,6,Sat,67
24507,S003,105.23,6,Tue,20
24508,S001,70.42,9,Sat,45
24509,S004,90.87,4,Wed,65
24510,S001,93.91,7,Sun,32
24511,S001,75.87,3,Wed,44
24512,S004,95.54,5,Sat,25
24513,S003,127.38,4,Wed,68
24514,S004,80.88,4,Fri,39
24515,S001,75.0,10,Sat,38
24516,S003,37.29,4,Fri,61
24517,S003,69.4,3,Sun,59
24518,S001,58.8,7,Mon,46
24519,S002,79.78,4,Sun,26
24520,S003,44.82,3,Sat,37
24521,S002,77.31,8,Sat,38
24522,S001,78.35,8,Thu,44
24523,S004,53.21,3,Sun,25
24524,S001,77.56,7,Mon,47
24525,S004,51.52,5,Sun,64
24526,S002,76.63,3,Fri,41
24527,S004,65.62,3,Thu,41
24528,S002,114.39,8,Thu,25
24529,S004,97.79,4,Mon,42
24530,S002,90.13,3,Wed,61
24531,S001,75.67,4,Sun,20
24532,S002,52.82,5,Mon,36
24533,S002,87.12,1,Mon,36
24534,S001,81.34,4,Sat,20
24535,S001,93.98,7,Sat,48
24536,S002,92.83,7,Thu,69
24537,S001,73.51,3,Sat,42
24538,S001,15.65,6,Tue,36
24539,S004,79.41,6,Wed,63
24540,S003,102.94,3,Sat,62
24541,S003,132.75,6,Tue,54
24542,S004,97.77,5,Fri,30
24543,S001,76.51,9,Tue,31
24544,S004,67.67,8,Sat,68
24545,S001,76.32,9,Tue,50
24546,S002,76.34,4,Fri,41
24547,S004,63.5,8,Thu,37
24548,S001,70.32,7,Sat,22
24549,S002,63.91,5,Mon,35
24550,S004,79.52,1,Sun,45
24551,S003,81.46,6,Thu,38
24552,S003,67.59,6,Tue,62
24553,S003,100.69,5,Tue,20
24554,S001,47.82,4,Wed,65
24555,S004,66.87,3,Wed,47
24556,S002,82.97,5,Tue,40
24557,S004,84.49,10,Fri,37
24558,S001,64.69,8,Wed,25
24559,S004,116.38,9,Mon,61
24560,S001,60.27,7,Fri,63
24561,S003,49.23,6,Fri,60
24562,S003,75.61,3,Tue,55
24563,S002,62.44,3,Mon,25
24564,S004,107.96,2,Mon,18
24565,S001,100.47,6,Fri,31
24566,S002,44.77,6,Tue,50
24567,S002,86.75,5,Fri,69
24568,S003,103.33,7,Mon,21
24569,S004,117.22,1,Tue,48
24570,S002,88.87,6,Tue,20
24571,S004,59.4,1,Fri,48
24572,S004,72.15,6,Mon,19
24573,S002,103.46,5,Mon,31
24574,S004,90.32,6,Thu,55
24575,S003,76.52,4,Fri,18
24576,S003,68.63,4,Thu,43
24577,S002,107.93,7,Fri,26
24578,S002,48.63,6,Sun,52
24579,S004,62.08,6,Wed,43
24580,S004,85.9,8,Fri,24
24581,S003,47.15,5,Mon,41
24582,S002,98.81,4,Mon,38
24583,S001,85.82,5,Tue,43
24584,S001,74.34,6,Sun,55
24585,S002,67.16,3,Mon,28
24586,S002,89.91,3,Sun,52
24587,S001,62.91,2,Tue,63
24588,S003,110.73,8,Thu,54
24589,S004,68.83,5,Fri,59
24590,S003,95.33,4,Thu,29
24591,S003,79.54,8,Tue,54
24592,S001,60.31,6,Thu,31
24593,S004,62.87,7,Wed,46
24594,S002,38.45,4,Sun,48
24595,S004,57.02,4,Thu,64
24596,S004,82.33,5,Sun,38
24597,S004,80.31,6,Fri,23
24598,S004,69.53,1,Sat,33
24599,S004,59.82,9,Tue,19
24600,S003,80.37,1,Sat,47
24601,S004,52.55,3,Sun,25
24602,S003,52.05,5,Tue,28
24603,S004,49.31,4,Fri,66
24604,S003,68.69,7,Tue,49
24605,S001,82.36,5,Sun,55
24606,S003,70.77,7,Sat,53
24607,S002,86.95,8,Fri,30
24608,S002,35.48,5,Fri,62
24609,S004,79.48,7,Mon,68
24610,S004,64.82,4,Thu,26
24611,S004,49.26,6,Sat,30
24612,S003,73.3,4,Tue,40
24613,S002,51.64,3,Sat,21
24614,S004,84.93,4,Wed,37
24615,S004,61.65,8,Thu,26
24616,S004,65.81,4,Sun,61
24617,S004,22.05,4,Sun,69
24618,S004,67.63,3,Tue,68
24619,S004,50.62,4,Thu,61
24620,S003,99.11,4,Wed,31
24621,S004,51.79,6,Sat,37
24622,S003,97.46,7,Thu,42
24623,S002,64.18,4,Sat,27
24624,S003,63.36,7,Sun,58
24625,S002,38.76,5,Tue,69
24626,S002,122.88,5,Thu,49
24627,S003,100.26,3,Sun,22
24628,S001,45.31,4,Sun,40
24629,S004,75.0,6,Mon,49
24630,S001,69.56,5,Fri,43
24631,S003,62.7,6,Sat,61
24632,S003,87.43,4,Wed,21
24633,S001,58.75,6,Fri,36
24634,S002,70.54,8,Sun,63
24635,S001,88.06,2,Fri,69
24636,S002,69.16,4,Mon,26
24637,S004,92.97,5,Wed,69
24638,S004,68.7,5,Fri,62
24639,S004,75.39,4,Sun,69
24640,S004,78.06,0,Mon,45
24641,S002,53.09,5,Sun,18
24642,S003,78.37,5,Mon,46
24643,S003,90.04,4,Wed,25
24644,S001,75.53,2,Thu,60
24645,S001,64.04,4,Fri,62
24646,S001,54.67,4,Mon,42
24647,S004,74.35,5,Fri,22
24648,S001,87.61,9,Tue,40
24649,S004,53.86,7,Sat,37
24650,S003,48.8,3,Sat,44
24651,S004,91.9,3,Mon,60
24652,S004,97.77,6,Wed,67
24653,S003,79.32,3,Tue,31
24654,S001,104.75,2,Mon,52
24655,S002,77.13,3,Sun,39
24656,S002,75.26,3,Wed,36
24657,S001,54.03,4,Sat,66
24658,S003,92.2,4,Fri,20
24659,S004,39.46,6,Wed,50
24660,S002,106.73,5,Fri,23
24661,S001,130.65,5,Tue,37
24662,S003,108.24,7,Wed,62
24663,S001,81.54,6,Sat,52
24664,S001,87.75,10,Wed,35
24665,S002,68.67,2,Sun,61
24666,S004,95.58,6,Tue,36
24667,S004,76.9,4,Mon,39
24668,S004,44.12,5,Mon,67
24669,S001,81.1,3,Wed,40
24670,S001,77.4,6,Wed,59
24671,S003,49.94,3,Sun,20
24672,S002,100.81,7,Thu,37
24673,S003,74.52,9,Sun,22
24674,S004,41.09,5,Mon,67
24675,S001,84.29,2,Wed,26
24676,S001,80.18,1,Fri,67
24677,S001,48.81,6,Wed,54
24678,S004,64.0,5,Tue,58
24679,S002,53.37,4,Sun,38
24680,S004,87.18,6,Fri,43
24681,S003,109.31,2,Mon,69
24682,S004,83.34,4,Mon,31
24683,S002,62.69,7,Thu,67
24684,S004,72.61,3,Fri,55
24685,S001,78.92,4,Wed,45
24686,S002,119.39,3,Mon,48
24687,S002,90.79,5,Fri,21
24688,S003,89.8,4,Fri,42
24689,S003,70.22,5,Sat,18
24690,S003,94.04,2,Tue,45
24691,S001,85.21,2,Fri,69
24692,S003,89.43,7,Wed,53
24693,S001,101.41,2,Wed,57
24694,S004,80.29,3,Wed,41
24695,S001,98.65,5,Sat,20
24696,S004,93.84,6,Fri,43
24697,S003,90.21,7,Wed,65
24698,S002,78.04,4,Thu,38
24699,S001,44.96,6,Sun,46
24700,S004,66.52,8,Sat,37
24701,S001,102.63,4,Sun,23
24702,S001,68.52,6,Wed,42
24703,S002,56.82,1,Fri,66
24704,S001,66.41,12,Thu,49
24705,S002,44.89,5,Sat,43
24706,S002,95.76,3,Thu,19
24707,S001,93.36,4,Tue,43
24708,S002,70.84,2,Sun,46
24709,S002,83.52,3,Thu,43
24710,S002,50.04,8,Wed,67
24711,S001,72.87,6,Sat,24
24712,S002,71.31,3,Sun,24
24713,S004,79.49,5,Wed,67
24714,S004,100.02,6,Tue,42
24715,S003,66.82,4,Mon,23
24716,S004,68.18,2,Wed,63
24717,S002,57.52,5,Mon,54
24718,S002,75.44,5,Thu,52
24719,S004,75.62,5,Wed,40
24720,S002,114.66,4,Fri,56
24721,S002,83.19,11,Sat,22
24722,S004,86.32,6,Sat,54
24723,S001,62.51,2,Wed,33
24724,S001,39.89,5,Wed,34
24725,S004,73.9,3,Wed,20
24726,S004,100.36,6,Fri,63
24727,S002,46.1,5,Fri,60
24728,S002,59.87,5,Sat,59
24729,S003,86.69,5,Mon,24
24730,S003,38.44,6,Tue,38
24731,S003,77.91,9,Fri,35
24732,S002,53.16,5,Mon,56
24733,S004,55.7,6,Mon,37
24734,S004,101.13,4,Sat,28
24735,S001,98.2,8,Mon,26
24736,S004,97.76,5,Wed,18
24737,S002,118.13,4,Sat,51
24738,S001,57.62,4,Wed,42
24739,S004,106.27,2,Sat,28
24740,S002,83.74,4,Fri,21
24741,S004,61.81,1,Wed,53
24742,S002,79.76,2,Tue,22
24743,S004,74.23,4,Thu,49
24744,S003,70.96,6,Wed,61
24745,S002,60.66,3,Wed,38
24746,S003,90.05,10,Sat,65
24747,S003,14.83,8,Sat,22
24748,S002,50.81,6,Sun,20
24749,S003,45.34,12,Tue,65
24750,S002,97.26,4,Wed,42
24751,S003,73.53,5,Wed,18
24752,S003,79.56,4,Fri,30
24753,S001,92.22,1,Wed,37
24754,S003,75.46,6,Fri,32
24755,S001,74.8,9,Fri,45
24756,S001,86.33,3,Tue,34
24757,S002,65.85,4,Fri,34
24758,S002,68.71,8,Thu,62
24759,S003,63.17,6,Mon,50
24760,S003,82.27,6,Wed,65
24761,S004,40.38,7,Mon,22
24762,S002,89.83,8,Mon,38
24763,S003,94.58,6,Fri,41
24764,S002,83.91,3,Tue,52
24765,S002,94.99,2,Fri,58
24766,S004,60.65,4,Sat,62
24767,S002,84.0,5,Sun,62
24768,S002,79.19,7,Fri,50
24769,S002,72.4,7,Tue,50
24770,S002,82.37,4,Tue,48
24771,S004,107.04,2,Sun,65
24772,S002,101.98,5,Fri,50
24773,S004,86.93,3,Tue,56
24774,S001,69.26,7,Sun,48
24775,S001,30.97,4,Wed,57
24776,S004,62.07,11,Wed,64
24777,S002,66.72,2,Mon,36
24778,S004,75.65,10,Mon,27
24779,S001,80.53,4,Tue,33
24780,S003,76.05,4,Sun,46
24781,S002,94.95,4,Wed,54
24782,S004,66.16,9,Sat,36
24783,S001,98.92,5,Sun,63
24784,S003,92.59,2,Mon,21
24785,S001,101.79,10,Thu,25
24786,S001,64.74,7,Fri,35
24787,S001,64.38,3,Sun,68
24788,S003,92.25,8,Tue,35
24789,S002,60.15,4,Sat,27
24790,S001,93.62,7,Wed,32
24791,S003,46.42,5,Wed,62
24792,S002,76.72,3,Sat,43
24793,S002,22.01,6,Thu,57
24794,S002,108.96,6,Sat,67
24795,S004,66.3,2,Sun,24
24796,S004,67.34,5,Fri,31
24797,S003,73.63,3,Wed,59
24798,S001,89.89,8,Sat,56
24799,S004,85.64,8,Wed,50
24800,S001,116.23,3,Tue,20
24801,S003,77.48,6,Tue,40
24802,S004,27.7,6,Mon,69
24803,S004,82.36,7,Tue,30
24804,S001,77.5,4,Sun,27
24805,S003,110.25,3,Fri,28
24806,S001,81.42,6,Sat,19
24807,S004,69.32,2,Tue,64
24808,S001,89.69,9,Sun,27
24809,S003,78.14,2,Tue,69
24810,S004,32.17,7,Mon,19
24811,S004,76.04,2,Sat,49
24812,S004,100.07,5,Fri,31
24813,S004,92.07,5,Thu,28
24814,S002,69.38,3,Fri,31
24815,S002,65.42,4,Fri,53
24816,S002,60.31,5,Tue,40
24817,S001,86.89,2,Sat,69
24818,S003,59.01,4,Sat,41
24819,S004,47.07,7,Mon,68
24820,S003,40.46,4,Tue,19
24821,S002,60.45,4,Mon,30
24822,S003,74.09,4,Mon,26
24823,S002,108.2,8,Fri,39
24824,S002,70.12,7,Mon,68
24825,S004,45.66,3,Sat,38
24826,S002,75.01,2,Sun,42
24827,S004,61.14,4,Fri,50
24828,S002,94.85,13,Sun,27
24829,S001,77.29,1,Thu,32
24830,S004,73.55,6,Thu,34
24831,S003,68.66,3,Wed,62
24832,S004,84.32,4,Sat,44
24833,S004,49.56,4,Thu,20
24834,S003,55.06,3,Tue,65
24835,S001,103.62,4,Tue,39
24836,S002,71.71,8,Fri,37
24837,S002,79.37,6,Tue,64
24838,S002,27.0,3,Fri,60
24839,S001,85.67,7,Sat,66
24840,S002,92.14,3,Sat,45
24841,S003,50.49,3,Sat,26
24842,S001,127.46,10,Sat,42
24843,S002,57.04,7,Sun,37
24844,S001,65.53,5,Fri,48
24845,S004,100.64,8,Thu,65
24846,S001,69.86,6,Sat,55
24847,S004,27.76,1,Sun,64
24848,S001,107.65,6,Fri,61
24849,S004,80.87,4,Wed,48
24850,S004,83.27,4,Sun,27
24851,S004,84.91,11,Sat,53
24852,S002,62.16,2,Tue,52
24853,S003,135.95,4,Thu,37
24854,S002,46.06,7,Thu,46
24855,S003,7.35,6,Tue,56
24856,S001,64.41,2,Wed,23
24857,S004,120.67,3,Mon,33
24858,S001,69.17,8,Fri,66
24859,S004,63.33,7,Thu,30
24860,S002,88.47,3,Sun,42
24861,S003,53.63,6,Fri,40
24862,S001,53.76,4,Sat,52
24863,S002,13.28,5,Tue,53
24864,S004,71.94,8,Fri,39
24865,S004,56.32,1,Mon,66
24866,S004,87.05,7,Sat,51
24867,S003,42.9,4,Sun,51
24868,S001,86.2,4,Tue,39
24869,S002,79.94,11,Wed,28
24870,S001,82.78,4,Wed,35
24871,S001,63.51,5,Wed,69
24872,S001,97.74,3,Tue,54
24873,S003,71.25,6,Mon,55
24874,S001,70.09,4,Sat,25
24875,S001,96.58,9,Sat,27
24876,S003,101.49,4,Wed,45
24877,S004,83.17,5,Sun,31
24878,S002,56.83,6,Wed,57
24879,S004,102.4,6,Sun,69
24880,S002,86.28,5,Thu,34
24881,S004,88.1,8,Thu,61
24882,S002,79.79,6,Fri,54
24883,S002,86.39,9,Thu,63
24884,S001,37.44,6,Mon,47
24885,S003,78.21,6,Sat,21
24886,S002,54.34,1,Tue,29
24887,S003,71.2,8,Wed,52
24888,S003,86.91,0,Tue,63
24889,S001,91.07,3,Fri,64
24890,S004,67.37,6,Sat,36
24891,S004,84.25,5,Sat,65
24892,S001,86.24,10,Thu,38
24893,S003,35.85,8,Wed,39
24894,S004,70.75,7,Sat,59
24895,S004,76.06,3,Fri,28
24896,S001,110.74,13,Fri,56
24897,S004,96.87,7,Sun,44
24898,S001,61.33,4,Tue,58
24899,S003,74.58,4,Sun,50
24900,S004,69.88,7,Wed,33
24901,S002,74.36,3,Tue,60
24902,S004,65.91,4,Tue,62
24903,S001,62.41,8,Fri,56
24904,S002,37.52,4,Sun,49
24905,S001,58.05,4,Tue,32
24906,S001,74.58,7,Sat,56
24907,S002,93.67,6,Mon,39
24908,S002,102.95,9,Wed,55
24909,S002,90.12,4,Sun,46
24910,S002,62.85,11,Fri,48
24911,S004,65.12,4,Fri,27
24912,S002,70.56,11,Fri,49
24913,S004,74.5,3,Sat,40
24914,S001,83.02,7,Tue,50
24915,S004,70.8,3,Wed,19
24916,S002,107.69,5,Tue,46
24917,S003,96.5,7,Thu,56
24918,S004,59.39,4,Fri,46
24919,S004,62.3,8,Tue,63
24920,S001,62.7,5,Thu,25
24921,S001,94.0,4,Wed,47
24922,S004,79.0,2,Thu,60
24923,S002,64.47,5,Tue,53
24924,S003,58.88,9,Thu,30
24925,S003,95.94,6,Sat,69
24926,S002,81.45,6,Mon,46
24927,S002,77.33,8,Tue,59
24928,S002,93.84,6,Fri,25
24929,S003,47.37,7,Fri,23
24930,S004,69.49,3,Fri,20
24931,S004,88.17,7,Sun,43
24932,S002,51.68,6,Thu,31
24933,S001,64.98,6,Fri,21
24934,S003,88.43,3,Tue,67
24935,S002,95.54,5,Fri,34
24936,S003,88.9,5,Sun,64
24937,S002,95.62,5,Wed,49
24938,S003,81.67,11,Sat,21
24939,S003,52.97,4,Sun,68
24940,S001,41.55,8,Mon,18
24941,S003,76.48,7,Tue,54
24942,S003,81.56,3,Thu,59
24943,S003,67.54,5,Sun,65
24944,S001,78.72,6,Tue,41
24945,S003,80.21,5,Mon,66
24946,S004,112.25,8,Mon,31
24947,S003,76.42,3,Thu,34
24948,S002,32.78,6,Fri,54
24949,S003,62.56,4,Sun,24
24950,S003,83.46,4,Mon,64
24951,S004,79.35,8,Wed,34
24952,S002,60.37,4,Wed,47
24953,S003,59.23,5,Mon,44
24954,S004,72.31,2,Sat,27
24955,S004,84.73,6,Tue,31
24956,S003,42.04,2,Fri,69
24957,S004,91.11,3,Wed,20
24958,S003,95.53,0,Tue,32
24959,S002,76.48,5,Fri,45
24960,S003,75.55,3,Sun,43
24961,S004,103.34,5,Fri,34
24962,S004,113.09,4,Mon,45
24963,S002,67.32,10,Wed,38
24964,S004,85.49,5,Wed,45
24965,S001,80.3,3,Tue,46
24966,S001,68.53,6,Sat,35
24967,S001,57.59,5,Mon,59
24968,S004,44.05,6,Sun,37
24969,S003,87.07,5,Sun,63
24970,S004,76.43,4,Mon,47
24971,S003,52.17,6,Tue,40
24972,S004,77.87,3,Tue,37
24973,S001,62.41,5,Thu,29
24974,S003,73.47,3,Tue,28
24975,S001,72.88,1,Thu,45
24976,S004,46.07,6,Thu,32
24977,S002,62.03,8,Mon,40
24978,S001,75.26,2,Sat,47
24979,S004,103.61,5,Fri,24
24980,S004,82.29,2,Mon,35
24981,S003,102.04,4,Sat,66
24982,S001,101.9,4,Thu,52
24983,S004,89.72,5,Tue,59
24984,S002,89.83,6,Sat,19
24985,S001,50.14,4,Thu,40
24986,S002,67.11,7,Wed,45
24987,S004,78.3,10,Tue,23
24988,S004,98.79,4,Sat,37
24989,S003,69.81,2,Sat,69
24990,S003,92.11,4,Wed,59
24991,S001,53.11,5,Thu,19
24992,S002,98.3,3,Wed,56
24993,S003,69.23,6,Sun,66
24994,S003,59.13,2,Mon,22
24995,S004,75.75,6,Thu,60
24996,S004,102.24,6,Mon,45
24997,S001,47.09,5,Mon,23
24998,S003,72.37,5,Tue,38
24999,S004,66.39,5,Thu,32
25000,S002,60.31,4,Fri,27
